from_node,to_node,transport_mode,cost,capacity
1,697,road,1.431627046,144000
2,142,road,0.37783065,144000
3,203,road,0.748801709,144000
4,332,road,0.636270383,144000
5,393,road,3.044944663,144000
6,1093,road,0.885593586,144000
7,1096,road,0.124531121,144000
8,300,road,0.528734338,144000
9,298,road,0.456127175,144000
10,1084,road,4.502438895,144000
11,688,rail,0.193941357,10000
13,203,road,0.350565258,144000
14,454,road,0.126649122,144000
15,1096,road,0.058821765,144000
16,639,road,0.49614514,144000
17,1041,road,1.768494275,144000
18,180,road,0.404460134,144000
19,1091,road,0.34805172,144000
20,207,road,0.222800359,144000
21,178,road,1.254574031,144000
22,158,road,1.42050836,144000
23,208,road,2.818728791,144000
24,1080,road,17.79864669,144000
25,139,road,11.46081219,144000
25,1154,road,0.993325727,144000
25,1177,road,2.092115676,144000
35,62,rail,6.90907302,10000
35,139,road,5.403156485,144000
35,1088,road,29.84876044,144000
35,1148,road,9.37173986,144000
51,69,road,3.490068767,144000
51,80,road,1.753137758,144000
51,105,road,1.644578973,144000
62,161,road,22.43358099,144000
62,163,road,27.73401334,144000
69,80,road,1.980727139,144000
69,161,road,1.041892509,144000
69,1085,road,56.76035863,144000
80,84,road,0.645368112,144000
80,89,road,0.525212338,144000
84,89,road,0.479069932,144000
84,105,road,1.557603287,144000
84,124,road,0.793659877,144000
89,99,rail,0.028301943,10000
99,127,road,0.786559597,144000
99,161,rail,0.428289913,10000
105,124,road,1.58337614,144000
105,140,road,23.05467666,144000
120,127,road,1.515193717,144000
120,161,road,0.383317101,144000
120,177,road,46.56430813,144000
124,127,road,0.79649231,144000
124,234,road,53.50700186,144000
127,266,road,63.03924651,144000
139,163,road,13.8952661,144000
140,142,road,1.250177587,144000
140,143,road,6.599704842,144000
141,152,road,14.49063836,144000
141,156,road,15.35410369,144000
141,160,road,7.960450741,144000
142,144,road,2.0725424,144000
143,144,road,3.705651899,144000
143,147,road,10.50453178,144000
144,170,road,20.18660823,144000
145,146,road,0.118962179,144000
145,154,road,5.216113879,144000
145,1100,road,22.38178125,144000
146,155,rail,0.971228217,10000
146,159,road,6.037226184,144000
147,148,road,3.046112933,144000
147,149,road,2.574817275,144000
148,149,road,0.480599625,144000
148,150,road,22.81574281,144000
149,171,road,12.14484203,144000
150,156,road,18.17106029,144000
150,193,road,23.09620965,144000
151,154,road,19.72586383,144000
151,162,road,53.44800569,144000
151,199,road,28.30879164,144000
151,1097,road,31.08907364,144000
152,153,road,0,144000
152,158,rail,3.294578122,10000
153,160,road,15.36659962,144000
153,226,road,45.17771065,144000
154,155,road,1.760658968,144000
154,159,road,3.749697588,144000
155,157,road,0.599332963,144000
156,160,road,12.70528851,144000
157,159,road,2.249979555,144000
157,1180,road,0.897812898,144000
158,165,road,19.92108682,144000
159,181,road,13.64360451,144000
160,218,road,36.36477554,144000
162,166,road,53.14522447,144000
162,182,road,8.764681169,144000
163,167,road,3.761550744,144000
164,176,road,68.94380488,144000
164,214,road,37.45564956,144000
164,1169,road,47.17922106,144000
165,166,road,1.994103307,144000
165,168,road,2.267641065,144000
166,169,road,1.704963343,144000
167,174,road,7.829692203,144000
167,178,road,7.454052589,144000
168,169,road,0.36204972,144000
168,230,road,34.51675495,144000
169,195,road,25.52023864,144000
170,171,road,0.354022598,144000
170,172,road,0.026,144000
171,172,road,0.354682957,144000
172,193,rail,4.771150805,10000
173,176,road,15.51422895,144000
173,201,road,35.47066737,144000
173,1110,road,85.63245639,144000
174,177,road,1.818247508,144000
174,179,road,5.755382177,144000
175,180,road,8.3599122,144000
175,214,rail,9.827375807,10000
175,1177,road,31.32275914,144000
176,235,road,76.06308269,144000
177,209,rail,5.040798052,10000
178,179,rail,0.276554244,10000
179,180,road,0.487462819,144000
181,183,road,15.30307629,144000
181,202,road,13.40252887,144000
182,186,road,1.041085971,144000
182,187,road,0.974221741,144000
183,184,road,0.486411349,144000
183,185,road,0.392045916,144000
184,185,road,0.136821051,144000
184,199,road,23.88436476,144000
185,204,road,20.13222621,144000
186,189,road,0.833241862,144000
186,200,road,25.93963824,144000
187,188,road,4.071638982,144000
187,190,road,0.437268796,144000
188,191,road,4.085662737,144000
188,1094,rail,0.443205652,10000
189,190,road,0.708530874,144000
189,238,road,25.21815029,144000
190,198,road,6.135902542,144000
191,195,road,23.64813752,144000
191,1095,road,1.842525441,144000
192,833,road,6.000474648,144000
192,856,road,4.936435151,144000
192,860,road,3.945326349,144000
193,233,road,33.7969614,144000
194,198,road,1.562097308,144000
194,1094,road,1.841483098,144000
194,1095,road,1.718982257,144000
195,223,rail,5.573400129,10000
196,272,rail,0.082855296,10000
196,273,road,0.067230945,144000
196,277,road,0.867089384,144000
197,451,road,41.33272994,144000
197,485,road,6.131346671,144000
197,516,road,14.10435876,144000
198,228,road,21.40778709,144000
199,200,rail,2.966862358,10000
199,225,road,18.35408587,144000
200,224,rail,5.061617232,10000
201,203,road,1.102072593,144000
201,217,road,11.33998113,144000
202,204,road,4.288640344,144000
202,206,road,3.768893737,144000
204,205,road,1.227552036,144000
205,207,road,0.703295102,144000
205,211,road,4.98057065,144000
206,207,road,5.530668676,144000
206,208,road,1.275733514,144000
208,210,road,1.579297312,144000
209,263,road,12.92600232,144000
209,267,road,13.0569413,144000
210,213,rail,1.198085556,10000
210,262,road,13.23229761,144000
210,1199,road,2.385866719,144000
211,213,road,3.370067062,144000
211,216,road,3.002002665,144000
212,797,rail,0.465258262,10000
212,800,road,0.428266272,144000
212,805,road,9.346231112,144000
213,216,road,5.261743057,144000
214,236,road,4.532284192,144000
215,735,road,40.74449686,144000
215,775,road,0.672502788,144000
215,797,road,15.90822492,144000
215,907,road,30.38438362,144000
216,222,road,3.381945594,144000
217,220,road,3.00796609,144000
217,227,road,1.821087587,144000
218,219,road,0.602332134,144000
218,221,road,0.889865158,144000
219,226,road,28.24276367,144000
219,232,road,2.800300698,144000
220,227,rail,0.645462044,10000
220,289,road,96.64792422,144000
221,232,road,3.199540592,144000
221,250,road,67.82639728,144000
222,249,road,25.55916744,144000
222,313,road,21.5610483,144000
223,229,road,1.166699619,144000
223,237,road,41.19512049,144000
224,225,road,20.64290542,144000
224,231,road,3.086285794,144000
225,249,road,13.33098946,144000
225,254,road,4.216725744,144000
226,230,road,2.713139878,144000
227,435,road,110.7953649,144000
227,445,road,55.23752036,144000
228,229,road,2.173547331,144000
228,244,road,11.80864649,144000
229,311,road,22.521091,144000
230,237,road,5.094703917,144000
231,238,road,1.998068067,144000
231,247,road,2.088739333,144000
232,323,road,22.80091831,144000
233,239,road,2.034888695,144000
233,246,road,1.566311591,144000
234,239,rail,4.91764255,10000
234,270,road,36.3837417,144000
235,241,road,13.13457361,144000
235,435,rail,14.6919121,10000
236,241,road,1.244360077,144000
236,243,road,0.696252828,144000
237,305,road,5.569356875,144000
238,242,road,0.557207322,144000
239,240,road,0,144000
240,246,rail,0.470325951,10000
240,252,rail,0.498943885,10000
241,243,road,1.63635204,144000
242,244,road,12.12837483,144000
242,245,road,0.2697851,144000
243,271,road,44.24941604,144000
243,352,road,38.10410634,144000
244,260,road,5.355697527,144000
245,253,road,1.847084189,144000
245,264,road,7.096764333,144000
246,248,road,0.441352467,144000
247,251,road,1.706470041,144000
247,253,rail,0.200547376,10000
248,250,road,2.28626945,144000
248,255,rail,0.293899643,10000
249,261,road,5.096700894,144000
250,255,road,3.010783951,144000
251,253,rail,0.446618685,10000
251,256,road,19.76338928,144000
252,255,road,0.336095225,144000
252,320,road,19.18182317,144000
253,304,road,10.26414848,144000
254,256,rail,0.701700257,10000
254,261,road,7.634584468,144000
254,265,rail,0.567001984,10000
256,265,road,3.44566162,144000
257,577,rail,0.161025619,10000
257,587,road,2.5543829,144000
257,591,road,4.437206779,144000
258,733,road,1.955670729,144000
258,750,road,4.26093417,144000
258,927,road,42.42113483,144000
259,262,road,15.35650637,144000
259,300,road,13.37177086,144000
259,358,road,16.09971192,144000
259,379,road,22.45913489,144000
260,264,road,1.123396635,144000
260,316,rail,7.82121776,10000
261,292,rail,1.783831831,10000
262,286,road,17.34089559,144000
263,266,road,1.97332714,144000
263,268,road,8.367778439,144000
263,281,road,2.555484299,144000
264,304,road,11.55254292,144000
265,276,rail,0.505917236,10000
266,270,road,2.115872397,144000
266,285,road,2.590873984,144000
267,268,rail,0.3980201,10000
267,269,road,2.898358846,144000
267,275,rail,0.398038001,10000
268,280,road,1.947775141,144000
269,271,road,2.225001573,144000
269,274,road,1.089091364,144000
270,290,road,2.48035562,144000
271,274,rail,0.451080924,10000
272,273,road,0.38104068,144000
272,283,road,1.063475435,144000
273,1198,road,0.005656854,144000
274,275,road,3.240358005,144000
274,291,road,3.93486569,144000
275,280,road,2.124466992,144000
275,291,road,1.864965415,144000
276,292,road,2.473670956,144000
276,303,road,4.597410141,144000
277,278,road,0.008,144000
277,279,road,0.014422205,144000
278,279,road,0.012,144000
278,299,rail,0.724078725,10000
279,283,road,1.450064826,144000
280,282,road,8.077162373,144000
280,291,road,2.536927275,144000
281,282,road,0.112729765,144000
281,285,road,0.508696373,144000
282,302,road,3.245645082,144000
283,284,road,0.411144743,144000
283,299,road,3.200592445,144000
284,289,road,108.5770513,144000
284,330,road,15.41981193,144000
285,290,road,3.171682834,144000
285,301,road,2.928460346,144000
286,287,road,1.72904598,144000
286,294,road,1.877660246,144000
287,288,road,1.946263086,144000
287,294,road,2.212504463,144000
288,296,road,3.153261803,144000
288,375,road,43.88084726,144000
289,315,road,14.0720162,144000
290,301,road,3.360407713,144000
290,319,road,53.32679402,144000
291,295,road,0.93235401,144000
292,303,road,4.044326891,144000
293,549,road,22.01910589,144000
293,550,road,22.98884643,144000
293,582,rail,6.117399468,10000
293,656,road,34.23570826,144000
294,296,road,0.719805529,144000
294,297,road,0.302423544,144000
295,308,road,7.160425965,144000
295,353,road,31.02069735,144000
296,298,road,0.164012195,144000
297,298,road,0.704556598,144000
297,300,road,0.118726577,144000
299,339,road,8.240372079,144000
300,1224,road,0.892432631,144000
301,302,road,2.695784116,144000
301,474,road,56.25053536,144000
302,307,road,8.072226211,144000
303,328,road,14.71036913,144000
304,345,road,16.83387656,144000
305,306,road,16.97148668,144000
305,1182,road,1.04526743,144000
306,323,rail,11.30786374,10000
306,362,road,10.5214153,144000
307,308,road,0.008944272,144000
307,309,road,0.046861498,144000
308,309,road,0.044045431,144000
309,469,road,44.0876805,144000
310,967,rail,1.394135037,10000
310,1003,road,20.68933812,144000
310,1020,road,13.06305937,144000
311,316,road,1.461771528,144000
311,326,road,2.691806828,144000
311,362,road,4.95919066,144000
312,907,road,1.529000981,144000
312,911,road,0.894706656,144000
312,926,road,2.39945077,144000
312,928,road,4.990963434,144000
313,314,road,0.649716861,144000
314,324,road,2.082899902,144000
314,334,road,2.469118871,144000
315,317,road,1.586307662,144000
315,318,road,0.192052076,144000
316,327,road,2.270828043,144000
316,329,road,2.691025827,144000
317,318,road,1.48886534,144000
317,322,road,0.391938771,144000
317,342,road,10.37044975,144000
319,320,road,1.146532163,144000
319,325,road,0.966167687,144000
320,321,road,0,144000
321,325,road,1.38343341,144000
321,422,road,39.52893057,144000
322,453,road,46.14983341,144000
322,456,road,35.00115221,144000
323,396,road,55.75982385,144000
323,439,road,32.13742796,144000
324,333,road,3.588127645,144000
324,343,road,43.36507429,144000
325,473,road,39.12987529,144000
326,327,road,0.46495161,144000
326,335,road,1.059056184,144000
326,362,road,5.381845408,144000
327,332,road,0.620322497,144000
328,338,road,3.27464563,144000
328,341,road,2.932379239,144000
329,331,road,2.124904704,144000
329,336,road,1.105484509,144000
329,345,rail,10.80707644,10000
330,371,road,12.72858641,144000
330,374,road,10.61343488,144000
331,332,road,0.618012945,144000
331,336,rail,0.536240851,10000
333,334,road,1.586243361,144000
333,365,road,18.72593293,144000
335,395,rail,5.288065927,10000
335,418,road,63.76741739,144000
336,424,road,36.60205595,144000
337,1028,rail,0.036912058,10000
337,1030,road,0.045650849,144000
337,1031,rail,0.034669872,10000
338,341,rail,0.42630095,10000
338,344,road,2.250390188,144000
339,340,rail,2.457708282,10000
339,1093,road,1.672010766,144000
340,346,rail,1.915222246,10000
340,360,road,9.357994016,144000
341,343,road,1.883029474,144000
342,374,rail,23.56991313,10000
343,344,road,3.036674497,144000
343,351,road,3.558258001,144000
344,345,road,2.093036072,144000
344,347,road,1.028250942,144000
345,350,road,2.594679171,144000
346,348,road,2.470122264,144000
346,356,road,2.609592305,144000
347,350,road,2.312166949,144000
347,351,road,3.294230714,144000
348,349,road,1.659397481,144000
348,355,road,1.807093799,144000
348,1183,road,1.494657151,144000
349,357,road,1.434232896,144000
349,359,road,2.221232991,144000
350,351,road,4.030111661,144000
350,430,road,26.85369561,144000
351,413,road,40.59414564,144000
352,353,road,0.017888544,144000
352,354,road,0.303644529,144000
353,354,road,0.307050484,144000
354,361,rail,0.181969778,10000
355,356,road,1.506224419,144000
355,357,road,2.036975208,144000
355,363,road,2.079417226,144000
356,360,road,0.570098237,144000
357,359,road,1.754223475,144000
357,367,road,2.196091984,144000
358,365,road,2.279959649,144000
358,373,road,4.081889758,144000
359,364,road,2.408294002,144000
360,363,road,2.136914598,144000
360,370,road,3.139343243,144000
361,460,road,68.22522185,144000
361,470,rail,8.677724356,10000
361,1218,road,12.81129705,144000
363,369,road,0.908469042,144000
363,579,rail,0.253278996,10000
364,367,road,3.192983558,144000
364,377,road,2.692069093,144000
365,366,road,0.002828427,144000
366,373,road,3.822614812,144000
366,392,road,17.93583062,144000
367,579,road,1.081267774,144000
368,369,road,0.987078518,144000
368,385,rail,1.734942074,10000
368,579,road,0.442578807,144000
369,370,road,3.300921689,144000
370,372,road,3.872000517,144000
370,376,road,1.625626033,144000
371,372,road,5.234202136,144000
371,374,road,4.966438563,144000
371,380,road,4.154872321,144000
372,376,road,3.316723685,144000
373,379,road,21.70935651,144000
373,447,road,21.15622698,144000
374,380,road,3.940676592,144000
374,1226,road,25.03035245,144000
375,381,road,2.52992411,144000
375,1191,road,3.8008257,144000
376,387,road,11.27513743,144000
377,385,road,2.614149957,144000
377,491,road,53.30674224,144000
377,579,road,5.597476574,144000
378,382,road,0.889406544,144000
378,388,road,2.832713187,144000
378,1207,road,0.359805503,144000
379,390,road,20.92301967,144000
379,394,road,16.69549987,144000
380,391,rail,0.873534487,10000
381,383,road,1.020156851,144000
381,386,road,4.334965282,144000
382,383,road,0.068,144000
382,384,road,0.095519631,144000
383,384,road,0.064404969,144000
384,388,road,2.429897117,144000
385,387,road,0.674020771,144000
386,390,road,11.97064175,144000
386,426,road,18.53089312,144000
387,389,rail,0.104098511,10000
388,393,road,8.587966465,144000
388,423,road,12.36508148,144000
389,417,road,12.59723684,144000
389,434,road,16.43428721,144000
390,394,road,7.898856879,144000
391,419,road,12.48615137,144000
391,428,road,12.18009721,144000
392,405,road,9.487665466,144000
392,427,road,9.713984147,144000
393,401,road,3.349142577,144000
394,407,road,8.112616594,144000
394,426,rail,2.304087292,10000
395,432,road,55.38363441,144000
395,436,rail,6.395204219,10000
395,498,road,23.91111557,144000
396,397,rail,0.035128336,10000
396,398,road,0.114629839,144000
396,412,road,2.64319882,144000
397,398,road,0.183051905,144000
397,422,rail,0.663683848,10000
398,399,road,0.429385608,144000
399,404,road,2.604514542,144000
399,409,rail,0.204549505,10000
400,403,road,12.31528644,144000
400,441,road,8.66885598,144000
400,1189,road,1.943544185,144000
401,402,road,0.892726162,144000
401,1185,road,0.757606758,144000
402,403,road,0.820365772,144000
402,423,road,11.99699046,144000
402,1220,road,0.165746795,144000
403,448,road,9.325642284,144000
404,414,road,1.785802901,144000
404,422,road,1.747900455,144000
405,406,road,0.17961069,144000
405,408,road,0.40428208,144000
406,408,road,0.36779342,144000
406,413,road,3.088521329,144000
407,440,rail,3.058778351,10000
407,446,road,25.15168066,144000
408,416,road,1.372428505,144000
409,410,rail,0.041764219,10000
409,411,road,0.090022219,144000
410,411,road,0.140014285,144000
410,412,road,1.853105502,144000
411,414,road,1.790907033,144000
412,455,rail,10.03185114,10000
413,416,road,2.970430945,144000
414,479,road,40.2832814,144000
415,616,road,32.04633427,144000
415,699,rail,6.075748946,10000
415,713,road,8.602028598,144000
416,427,road,6.395310782,144000
417,431,road,5.912782763,144000
417,442,road,4.715947413,144000
418,432,road,3.11628561,144000
418,443,road,6.110548584,144000
419,421,road,0.939531798,144000
419,457,road,59.16886455,144000
420,669,road,1.977088769,144000
420,677,road,0.004472136,144000
420,678,rail,0.092001359,10000
421,428,road,11.58871347,144000
421,513,road,42.57253359,144000
423,429,road,2.665167912,144000
424,430,road,4.759694948,144000
424,436,road,5.119501929,144000
425,445,road,32.86437445,144000
425,459,road,63.2283005,144000
425,481,road,12.04931882,144000
426,437,road,1.6876137,144000
426,440,road,2.885444853,144000
427,463,road,21.55793775,144000
427,485,road,16.63721539,144000
428,431,rail,1.872040731,10000
428,752,road,101.8972236,144000
429,437,road,13.4201234,144000
429,468,road,11.03365125,144000
430,451,road,5.991755002,144000
431,442,road,4.890232714,144000
432,433,rail,0,10000
433,444,road,4.869321513,144000
433,462,road,4.926410864,144000
434,466,road,6.889470807,144000
434,489,road,18.37400991,144000
435,459,road,3.778772287,144000
436,501,road,23.06657304,144000
437,440,road,3.20429337,144000
437,468,road,8.984544284,144000
438,439,road,0.048083261,144000
438,449,road,1.56246216,144000
438,452,road,2.982630383,144000
439,443,road,1.415074556,144000
440,454,road,1.355958701,144000
441,448,road,2.362325126,144000
441,531,road,34.77482336,144000
442,466,rail,4.652476894,10000
443,444,road,1.759846584,144000
444,450,road,1.03330344,144000
445,481,road,28.80222214,144000
445,483,road,43.44405584,144000
446,447,road,4.573980761,144000
446,465,rail,1.209947313,10000
447,461,road,2.04413796,144000
447,464,road,3.262432222,144000
448,472,road,17.80911059,144000
449,450,road,2.744018222,144000
449,452,road,2.598003079,144000
450,462,road,4.659984979,144000
451,499,road,19.98548473,144000
452,455,road,0.881355774,144000
453,456,road,40.68476811,144000
453,457,rail,1.85980913,10000
454,1197,road,0.713450769,144000
455,477,road,4.70136193,144000
456,483,road,58.49359777,144000
457,510,road,25.3532891,144000
458,857,road,31.65939355,144000
458,1042,road,50.18217827,144000
458,1045,rail,11.34339713,10000
459,460,road,2.864006285,144000
460,475,road,82.54864185,144000
461,463,road,0.700002857,144000
462,509,road,50.60366757,144000
463,464,road,2.483650539,144000
463,467,rail,0.854867387,10000
464,465,road,2.726906672,144000
464,467,road,1.824527336,144000
465,467,road,2.193729245,144000
465,492,road,8.226692653,144000
466,488,road,6.055782361,144000
467,497,road,8.92817585,144000
468,480,road,5.099566256,144000
468,490,road,5.030833728,144000
469,470,rail,0.397109871,10000
469,471,road,4.194581743,144000
469,476,rail,0.353156127,10000
470,475,road,1.280099996,144000
471,474,road,34.85251859,144000
471,478,road,3.861411141,144000
472,480,road,6.350801524,144000
472,493,road,6.152885827,144000
473,474,road,24.45806877,144000
473,479,road,1.673086967,144000
475,476,road,1.644588702,144000
475,482,road,1.849277697,144000
476,478,road,0.518844871,144000
476,482,road,1.408694431,144000
477,542,road,33.12421833,144000
477,550,road,49.88739276,144000
478,484,road,1.515790223,144000
479,548,road,31.77836761,144000
480,490,road,5.906894954,144000
480,493,road,7.179969081,144000
481,639,road,65.57742599,144000
482,484,road,1.133027802,144000
483,653,road,71.43696304,144000
484,487,road,1.308557985,144000
485,497,road,35.38207117,144000
486,869,road,0.955340777,144000
486,872,road,4.294419169,144000
486,874,road,1.104523427,144000
486,877,rail,0.619501816,10000
487,548,road,66.77549736,144000
487,566,road,40.08652247,144000
488,489,road,8.844625261,144000
488,590,road,62.83389786,144000
489,491,rail,5.16166262,10000
489,565,rail,13.00911113,10000
490,494,road,2.456329782,144000
491,556,road,41.19292876,144000
492,502,road,12.02578646,144000
493,528,road,21.45825063,144000
494,495,road,2.741664458,144000
494,496,road,0.746967201,144000
495,496,road,3.260959981,144000
495,500,road,2.85262686,144000
496,500,road,5.458250636,144000
497,514,road,14.41650304,144000
497,545,road,22.79728914,144000
498,501,road,7.351397146,144000
498,509,road,9.419718042,144000
498,517,road,6.02914853,144000
499,503,road,5.868337414,144000
499,525,road,42.45722421,144000
500,512,road,7.122153045,144000
501,518,road,6.99318983,144000
501,525,road,6.480929872,144000
502,506,road,2.44644722,144000
502,507,road,2.141435033,144000
502,514,road,5.908438034,144000
503,504,rail,0.218959471,10000
503,505,road,0.919760838,144000
504,505,road,0.86002093,144000
504,508,road,1.679834516,144000
505,508,road,1.999769987,144000
505,594,road,42.17317764,144000
506,507,road,0.46389654,144000
506,511,road,3.047635149,144000
507,515,road,1.827261339,144000
508,516,road,9.48102716,144000
509,522,road,9.248999946,144000
510,513,road,3.384691419,144000
510,524,road,3.97959797,144000
511,512,road,11.05402189,144000
511,515,road,4.667647373,144000
512,530,road,24.22082823,144000
513,524,road,2.269895152,144000
514,515,road,5.352018311,144000
514,1228,rail,0.411062647,10000
514,1229,road,5.081370288,144000
516,546,road,49.7886755,144000
517,518,road,0.923146792,144000
517,520,road,0.653094174,144000
517,522,road,1.295484465,144000
518,519,road,0.287680378,144000
519,521,road,0.587649555,144000
519,525,road,7.646515808,144000
520,521,road,0.411533717,144000
520,523,road,0.638376065,144000
521,526,road,0.886324997,144000
522,523,road,0.552268051,144000
523,526,rail,0.166224246,10000
524,622,road,70.09867688,144000
526,527,road,0.512765053,144000
527,529,road,16.68654464,144000
527,596,road,43.54049449,144000
528,530,road,11.2780305,144000
528,533,road,18.96379034,144000
528,551,road,10.04894761,144000
529,567,rail,8.935192359,10000
529,1096,road,0.910817215,144000
530,552,road,15.63471471,144000
531,533,road,1.699891761,144000
531,534,rail,0.541738867,10000
532,535,road,2.569324425,144000
532,537,rail,0.371222642,10000
532,538,road,2.163856742,144000
533,553,road,16.81238448,144000
534,535,road,0.470106371,144000
534,541,road,1.657966224,144000
535,537,road,2.28123826,144000
536,957,road,16.29633345,144000
536,1003,road,2.000001,144000
536,1013,road,1.483559234,144000
537,539,road,0.457060171,144000
538,539,road,1.420022535,144000
538,543,road,0.608266389,144000
539,540,road,1.153533701,144000
540,541,road,2.176497186,144000
540,1193,road,0.067911707,144000
541,547,road,3.478597419,144000
542,567,road,18.24207411,144000
542,618,rail,9.089937142,10000
543,544,road,1.675205062,144000
543,688,rail,11.87967483,10000
544,547,road,3.123895005,144000
544,1192,road,0.446425806,144000
544,1225,road,1.12436471,144000
545,546,road,2.889011596,144000
545,558,road,20.06054595,144000
546,576,road,15.61243018,144000
547,560,road,20.39512275,144000
547,1223,road,4.995894715,144000
548,549,road,2.328030928,144000
548,575,road,56.69022057,144000
549,649,road,37.28346148,144000
550,582,road,14.35972618,144000
551,553,road,0.72480894,144000
551,554,road,1.127696768,144000
552,555,road,2.120045283,144000
552,558,road,50.23288206,144000
553,554,road,1.054157483,144000
553,560,road,6.662601594,144000
554,555,road,0.28917123,144000
555,561,road,6.647603177,144000
556,557,road,1.823877189,144000
556,559,road,1.111802141,144000
556,574,road,7.365010523,144000
557,559,road,1.213566644,144000
557,568,rail,2.900138359,10000
558,581,road,15.13809631,144000
559,569,road,11.41364937,144000
559,573,road,8.034192928,144000
560,561,road,3.283079652,144000
560,571,road,4.505705272,144000
561,562,road,1.021379459,144000
562,563,road,0.103247276,144000
562,564,rail,0.0205,10000
563,564,road,0.092347171,144000
563,570,road,2.963825231,144000
564,571,road,1.441750325,144000
565,578,road,5.300809372,144000
565,580,road,3.389320876,144000
566,575,road,2.980901877,144000
566,645,road,26.26092611,144000
567,606,road,13.28313517,144000
568,569,road,0.567957745,144000
568,577,road,2.21269067,144000
569,577,road,1.984907051,144000
570,571,road,3.102232744,144000
570,597,road,30.30479896,144000
571,589,road,5.590328792,144000
572,573,road,0.982130338,144000
572,574,road,3.308419562,144000
572,584,road,4.905800648,144000
573,583,road,3.816985198,144000
574,578,road,7.269766709,144000
574,592,road,6.565101675,144000
575,617,road,24.16311404,144000
576,581,road,36.06675283,144000
576,614,road,15.3023972,144000
578,580,road,4.602267702,144000
580,590,rail,0.923640217,10000
581,597,road,9.490278183,144000
582,619,road,37.27367586,144000
583,586,road,0.492260094,144000
583,1194,road,0.096083297,144000
584,585,road,0.006324555,144000
584,586,road,0.002,144000
585,586,road,0.004472136,144000
585,587,road,0.074242845,144000
587,588,road,1.209786758,144000
588,591,road,4.287360493,144000
588,595,road,4.326275534,144000
589,641,road,18.10716919,144000
589,655,road,25.33980016,144000
590,620,road,13.09644486,144000
591,811,rail,16.65065333,10000
592,593,road,1.657377446,144000
592,1190,road,1.416165245,144000
593,595,rail,0.53843709,10000
593,601,road,3.384312633,144000
594,598,rail,0.542791166,10000
594,614,road,56.28781357,144000
595,601,rail,0.806210425,10000
596,600,road,1.608420343,144000
596,602,road,4.472995417,144000
597,661,road,23.25371179,144000
598,602,road,19.80945683,144000
598,646,road,15.37137925,144000
599,606,road,29.31609101,144000
599,610,road,32.49306166,144000
599,712,road,30.35081949,144000
600,603,rail,0.580324478,10000
600,604,road,1.374557383,144000
600,608,road,2.381617937,144000
601,607,road,2.001044727,144000
602,603,road,2.373293071,144000
602,611,road,2.392530042,144000
603,605,road,2.143273198,144000
603,609,road,1.118107329,144000
604,605,road,0.281375194,144000
604,608,road,1.463488982,144000
604,613,road,1.773706853,144000
605,609,road,1.725361411,144000
606,612,road,1.250849311,144000
607,615,road,2.756697299,144000
607,1205,road,2.334345304,144000
608,610,road,0.936516951,144000
609,611,road,1.392363458,144000
610,613,road,2.112936345,144000
611,646,road,22.18609601,144000
612,624,road,23.00220024,144000
612,681,road,17.20903542,144000
613,719,road,28.07444767,144000
614,616,road,0.592141875,144000
615,621,road,8.760309127,144000
615,644,road,9.472625824,144000
616,699,road,18.00983309,144000
617,651,road,31.59107779,144000
617,659,road,15.87086135,144000
618,619,road,1.979456491,144000
618,623,road,3.338690162,144000
618,624,road,5.877284407,144000
619,623,road,4.500482196,144000
619,632,road,1.866069666,144000
620,621,road,1.085592926,144000
620,628,road,1.138771268,144000
621,628,road,1.372023323,144000
622,657,road,48.09590906,144000
622,776,road,36.41206229,144000
623,627,road,0.448111593,144000
624,630,road,1.577411804,144000
624,634,road,1.332669501,144000
625,626,road,0.032249031,144000
625,627,road,0.056920998,144000
625,630,road,0.876002283,144000
626,627,road,0.02607681,144000
626,633,road,0.466004292,144000
627,629,road,3.073754707,144000
628,644,road,9.521440647,144000
628,752,road,61.31480793,144000
629,632,road,2.122166817,144000
629,635,rail,0.499207622,10000
630,631,rail,0.00509902,10000
631,633,road,0.908601123,144000
631,634,road,2.443300227,144000
632,636,rail,0.549280438,10000
632,642,road,8.481871963,144000
633,635,road,3.336348303,144000
634,637,road,2.915777769,144000
634,638,road,1.707119211,144000
635,636,road,2.175247112,144000
635,640,road,0.979846927,144000
636,640,road,1.980807916,144000
636,642,road,8.077437713,144000
637,638,road,2.729832229,144000
637,681,road,27.54302271,144000
637,734,road,21.90421375,144000
638,640,road,6.032490696,144000
639,643,road,1.567322558,144000
639,716,road,17.58092239,144000
641,647,road,3.609740711,144000
641,648,road,2.09483269,144000
641,654,road,7.026136919,144000
642,656,rail,11.86649853,10000
643,702,road,22.24348174,144000
643,1196,road,1.123836287,144000
644,802,rail,8.945895274,10000
645,674,road,18.07072605,144000
645,702,road,121.4980834,144000
646,666,road,3.20942674,144000
648,660,road,2.832658116,144000
648,661,rail,5.423611735,10000
649,650,road,0.292027396,144000
649,670,road,3.986381316,144000
650,651,road,4.094001954,144000
650,673,road,2.622502622,144000
651,652,road,0,144000
652,669,road,2.514064438,144000
652,685,road,3.582203233,144000
653,657,road,8.358848007,144000
653,732,rail,24.06319102,10000
654,655,road,2.826528613,144000
654,664,road,2.242431716,144000
655,658,road,2.981749822,144000
655,675,road,2.721605409,144000
656,670,road,23.15321161,144000
657,776,road,36.45123016,144000
658,675,road,2.161262594,144000
658,711,road,21.1954329,144000
659,667,road,1.920376005,144000
659,672,road,2.126871881,144000
660,662,road,0.982783801,144000
660,668,road,0.557842272,144000
661,715,rail,3.970112121,10000
662,663,road,3.05258972,144000
662,668,road,0.921791734,144000
663,664,road,0.213410403,144000
663,665,rail,0.047185803,10000
664,665,road,0.215257985,144000
665,697,road,6.296907495,144000
666,671,rail,0.704100135,10000
666,676,rail,0.491564085,10000
666,695,road,4.641608342,144000
667,672,rail,0.864960259,10000
667,679,road,14.55440689,144000
668,709,road,9.133012646,144000
669,683,road,1.297747279,144000
670,673,road,2.587778198,144000
671,682,road,3.660489585,144000
671,687,road,1.493801861,144000
672,674,rail,4.899088818,10000
673,678,rail,0.451629273,10000
673,693,road,2.944097824,144000
674,1091,road,0.155794737,144000
675,696,road,3.361014728,144000
676,687,road,0.479266106,144000
676,690,road,1.121976827,144000
677,680,road,0.623503007,144000
677,686,road,0.212037732,144000
678,684,road,0.202,144000
679,685,road,1.42185372,144000
679,737,road,12.80321522,144000
680,683,road,1.135149329,144000
680,686,road,0.640852557,144000
681,689,road,1.570866003,144000
682,699,rail,13.94818707,10000
682,700,road,3.644105926,144000
683,685,road,2.646218434,144000
683,692,road,2.146895433,144000
684,686,road,0.408240125,144000
684,691,road,1.237109534,144000
685,707,road,4.913309272,144000
687,700,road,4.42922115,144000
688,711,road,7.656461062,144000
689,712,road,35.04761019,144000
689,775,road,19.87020694,144000
690,694,road,3.127714821,144000
690,704,road,3.442590885,144000
691,692,road,1.271416533,144000
691,693,road,1.561723407,144000
692,706,road,2.964688854,144000
693,706,road,4.641777677,144000
693,915,rail,12.45231806,10000
694,695,road,1.142112079,144000
694,704,road,5.042545389,144000
695,725,road,28.0484704,144000
696,698,road,0.418960619,144000
696,701,road,2.390983061,144000
697,698,road,0.676286921,144000
698,701,road,2.538208817,144000
698,705,road,1.70615943,144000
699,765,road,14.65992537,144000
700,704,road,1.850701489,144000
700,747,rail,7.259060339,10000
701,708,road,1.953214786,144000
702,728,road,24.39257149,144000
703,741,road,1.869951871,144000
703,750,road,1.492648653,144000
703,909,road,37.98525324,144000
704,714,road,7.706767156,144000
705,709,rail,3.432530044,10000
705,710,rail,0.770210361,10000
706,707,rail,0.262292299,10000
707,721,road,7.39150323,144000
708,710,road,3.211519889,144000
708,717,road,18.05557964,144000
709,715,road,8.453916725,144000
710,784,rail,4.107448874,10000
711,717,road,3.674354365,144000
712,723,road,11.35448053,144000
713,722,road,35.89715515,144000
713,779,road,12.45999502,144000
714,742,road,5.102113288,144000
714,744,rail,1.767264129,10000
715,722,road,8.214117847,144000
715,788,road,17.86618762,144000
716,727,road,3.077375505,144000
716,731,road,3.351212915,144000
717,718,road,0.835648251,144000
718,720,road,0.600866042,144000
718,724,road,0.737791298,144000
719,723,road,3.127070194,144000
719,725,road,1.392451076,144000
719,726,road,1.232404154,144000
720,724,road,0.190157829,144000
720,745,road,10.28524166,144000
721,737,road,1.354885973,144000
721,746,road,3.813490265,144000
722,764,road,5.643661223,144000
723,726,road,2.512774562,144000
723,735,road,1.858827587,144000
724,743,road,5.714196356,144000
725,733,road,1.351422954,144000
726,736,road,0.442651104,144000
727,728,road,0.186472518,144000
727,729,rail,0.034946388,10000
728,729,road,0.192665513,144000
729,730,road,1.340854951,144000
730,731,road,1.854349482,144000
730,739,road,1.625290128,144000
731,732,road,1.786591168,144000
731,738,road,0.763497217,144000
732,738,road,2.013149771,144000
733,736,road,2.19468631,144000
733,742,road,36.94794549,144000
734,775,road,26.57476713,144000
734,780,road,8.339509818,144000
735,741,road,1.172170636,144000
736,741,road,3.182332478,144000
737,746,road,3.006155019,144000
738,739,road,0.392779837,144000
738,740,road,0.208038458,144000
739,740,road,0.388108232,144000
739,844,road,61.11001646,144000
740,857,rail,6.461845267,10000
741,750,road,1.318647792,144000
742,744,rail,1.011071214,10000
742,901,road,35.08963836,144000
743,749,road,3.963746208,144000
743,769,road,3.962062594,144000
744,763,road,17.48964242,144000
745,748,road,0.572380992,144000
745,771,road,8.290265376,144000
746,813,road,24.49240013,144000
747,751,road,3.826441166,144000
747,754,rail,0.320850822,10000
747,763,road,2.324348511,144000
748,749,road,0.776363317,144000
748,755,road,1.206610128,144000
749,753,road,0.80374374,144000
749,759,road,1.236816882,144000
751,757,road,2.701295985,144000
751,765,road,25.95587741,144000
751,766,road,1.797547218,144000
752,840,rail,7.222481031,10000
753,755,road,0.12134249,144000
753,756,road,0.121061968,144000
754,757,road,0.567619591,144000
754,761,road,1.075174404,144000
755,756,road,0.002,144000
755,760,road,0.222638721,144000
756,758,road,0.115377641,144000
757,762,road,0.348539811,144000
758,759,road,0.731551775,144000
758,760,road,0.222396043,144000
759,769,road,3.468819396,144000
760,768,rail,0.267698524,10000
761,762,road,1.627506068,144000
761,763,rail,0.273095221,10000
762,766,road,1.846235088,144000
762,772,road,2.774510407,144000
763,772,road,3.891871015,144000
764,767,road,5.632651241,144000
764,788,road,22.71164371,144000
765,782,rail,6.616204142,10000
765,842,road,20.57111081,144000
766,772,road,2.538031521,144000
767,787,road,21.95103387,144000
767,838,road,23.96512082,144000
768,777,road,4.889216297,144000
768,1204,road,0.16011246,144000
769,770,road,1.838334028,144000
769,773,road,1.291857577,144000
770,773,road,2.649501085,144000
770,785,road,29.29085243,144000
771,774,road,1.013897431,144000
771,777,road,2.849350803,144000
771,778,road,1.075444094,144000
772,845,road,28.4885193,144000
773,777,road,7.782664068,144000
773,801,road,10.87026807,144000
774,778,road,0.370642685,144000
774,783,road,2.587963678,144000
774,1188,road,3.066052837,144000
776,806,road,11.37445084,144000
777,789,road,3.854325362,144000
778,781,road,0.974708161,144000
779,782,road,1.182444925,144000
779,787,road,11.88101174,144000
780,797,road,9.511512603,144000
780,805,road,8.950237986,144000
781,783,road,2.434230063,144000
781,789,road,2.474872926,144000
782,792,road,5.47355095,144000
783,799,road,8.524157671,144000
784,785,road,0.152315462,144000
784,786,road,0.121210561,144000
785,786,road,0.206968597,144000
786,788,road,5.116652812,144000
786,790,road,2.137756768,144000
787,795,rail,1.32493698,10000
788,791,road,4.629706686,144000
789,804,road,6.892718477,144000
790,791,road,1.733400127,144000
790,793,rail,1.644896349,10000
791,849,road,14.7424755,144000
792,796,road,1.9408967,144000
792,803,road,3.319481887,144000
792,833,road,9.768005119,144000
793,801,road,19.60441267,144000
793,847,road,16.10056608,144000
794,795,road,4.898901918,144000
794,796,road,0.308765283,144000
794,798,road,0.489448669,144000
795,810,rail,2.029458302,10000
796,798,road,0.445223539,144000
798,803,road,3.287709233,144000
799,804,road,5.876937978,144000
799,808,road,3.457237047,144000
800,880,road,16.6157902,144000
800,897,road,23.45060801,144000
801,809,road,18.30865861,144000
801,854,road,10.16361609,144000
802,811,road,35.0184432,144000
802,1025,rail,13.78567274,10000
803,810,road,1.442245471,144000
804,809,road,1.05141809,144000
805,807,rail,0.218582364,10000
806,814,road,2.578275393,144000
806,817,road,1.646010936,144000
806,823,road,2.741552845,144000
807,819,road,2.440185239,144000
807,820,road,3.552162721,144000
808,812,rail,1.029866496,10000
808,821,road,1.701098469,144000
809,821,road,9.95636279,144000
809,837,road,6.36181735,144000
810,833,road,6.574984411,144000
810,865,rail,2.708193494,10000
811,1027,road,47.97140202,144000
812,821,road,3.007245916,144000
812,824,road,2.995966622,144000
813,827,road,19.63439615,144000
813,868,road,10.8392723,144000
814,815,road,0.171405951,144000
814,816,road,0.457965064,144000
815,816,road,0.588054419,144000
815,839,road,8.724774152,144000
816,817,road,1.704372025,144000
817,822,road,0.936258511,144000
818,819,road,0.661440851,144000
818,820,road,1.325776753,144000
820,892,road,19.24737457,144000
821,837,road,6.176068005,144000
822,823,road,0.738270953,144000
822,834,rail,0.355626911,10000
823,834,road,1.567036694,144000
823,840,road,115.841801,144000
824,825,road,0.059933296,144000
824,826,road,0.134461891,144000
825,826,road,0.142688472,144000
825,836,road,0.831562385,144000
826,829,road,1.558471046,144000
827,844,road,108.0608754,144000
827,866,road,15.64639767,144000
828,829,road,0.562355759,144000
828,830,road,0.566268488,144000
828,835,road,0.437126984,144000
829,830,road,0.006324555,144000
830,831,road,0.166108398,144000
830,832,road,0.018973666,144000
831,832,road,0.161789987,144000
831,836,road,1.659927709,144000
832,835,road,0.283584203,144000
833,863,road,7.160514227,144000
834,864,road,7.24730957,144000
835,841,road,4.322073576,144000
836,850,road,4.608882728,144000
837,853,road,19.82574589,144000
837,858,road,7.237267164,144000
838,849,road,17.11409361,144000
838,865,road,49.04873797,144000
839,857,road,131.7831249,144000
839,864,road,12.22916203,144000
840,1036,road,62.15253665,144000
841,843,road,1.447962707,144000
841,875,road,16.36217651,144000
842,846,road,1.299792291,144000
842,852,road,0.722838848,144000
843,850,road,2.162772295,144000
843,885,road,7.771768653,144000
844,857,road,53.94020096,144000
845,846,road,6.498738955,144000
845,862,road,3.320022289,144000
846,851,road,0.488004098,144000
847,848,road,16.52823427,144000
847,854,road,6.412664033,144000
847,879,road,8.618391729,144000
848,849,road,0.630149189,144000
848,871,road,4.940205664,144000
849,871,road,4.518863574,144000
850,858,road,6.723295918,144000
851,852,road,1.222368193,144000
851,869,road,3.598902055,144000
852,856,road,13.36923543,144000
853,855,road,6.140055049,144000
853,881,road,7.16785184,144000
854,855,road,0.002,144000
855,879,road,5.763178637,144000
856,859,road,1.782414093,144000
856,872,road,11.06426609,144000
858,900,road,8.031398882,144000
859,860,road,0.037947332,144000
859,861,road,0.090906545,144000
860,861,road,0.057201399,144000
861,863,road,6.16666555,144000
862,869,road,3.458723464,144000
862,876,road,3.522985098,144000
863,865,road,5.678327923,144000
864,923,road,10.99821949,144000
864,1219,rail,0.044544921,10000
865,950,rail,4.173236753,10000
866,867,road,2.696501437,144000
866,878,road,4.567878282,144000
867,870,road,1.114576153,144000
867,873,road,1.144447465,144000
868,870,road,1.164302366,144000
868,899,road,7.430895505,144000
869,874,road,0.953150565,144000
870,873,road,0.611208639,144000
871,976,road,24.08372504,144000
872,877,road,3.40834564,144000
873,878,road,1.856398664,144000
874,876,road,3.785023117,144000
874,887,road,2.638212273,144000
875,882,road,14.46748907,144000
875,904,rail,1.407321747,10000
876,883,road,3.680396718,144000
876,888,road,1.754502779,144000
877,886,road,0.97130016,144000
878,898,road,2.792045845,144000
879,889,road,2.502231005,144000
879,895,road,2.628048706,144000
880,892,road,25.4572143,144000
880,896,road,17.39790562,144000
880,941,rail,2.692817901,10000
881,889,road,1.206424469,144000
881,900,road,30.14389398,144000
882,925,road,15.88265079,144000
882,962,road,17.84512662,144000
883,884,road,3.336242797,144000
883,888,road,3.616073008,144000
884,894,road,9.518317709,144000
884,902,road,26.17434049,144000
885,900,road,9.82956235,144000
885,906,road,14.04814877,144000
886,890,road,0.685965014,144000
886,891,road,0.569016696,144000
887,888,road,3.452417704,144000
887,890,road,2.310058874,144000
888,894,road,2.734856486,144000
889,895,road,1.861494024,144000
890,891,road,0.533644076,144000
891,913,road,3.437777189,144000
892,893,road,3.326887434,144000
892,903,rail,0.48218513,10000
893,916,road,2.830327896,144000
893,918,road,4.642757801,144000
894,913,road,5.427568885,144000
895,956,road,13.86735851,144000
896,897,road,2.002207781,144000
896,905,road,4.863377016,144000
896,924,road,5.484996263,144000
898,899,road,6.324728611,144000
898,1029,road,43.67779413,144000
899,915,road,36.20222562,144000
900,986,road,23.11923753,144000
901,908,road,1.183148342,144000
901,914,road,1.928283174,144000
902,908,road,2.517628249,144000
902,922,road,3.448768476,144000
903,916,road,3.863073388,144000
903,941,road,27.43192162,144000
904,906,road,3.125539953,144000
904,929,road,5.010854219,144000
905,907,road,4.387358659,144000
905,924,road,3.608038248,144000
906,929,road,6.491768634,144000
907,911,road,1.501300769,144000
908,914,road,2.251084183,144000
908,920,road,2.193073642,144000
909,910,road,5.624691992,144000
909,912,road,1.588528879,144000
909,917,road,0.600523105,144000
910,911,rail,0.432502601,10000
910,926,road,2.98172165,144000
912,917,road,1.66251015,144000
912,927,road,44.56910114,144000
912,955,road,20.28837164,144000
913,950,road,27.94505216,144000
914,921,rail,0.45979615,10000
914,927,road,26.33308489,144000
915,919,road,4.208130226,144000
916,918,road,3.019531752,144000
917,930,road,7.386631438,144000
918,919,road,57.99814552,144000
919,1035,road,40.95007033,144000
920,921,road,2.448472177,144000
920,922,road,1.211651765,144000
921,966,road,10.83163164,144000
922,948,road,7.087247421,144000
923,985,road,31.6591485,144000
923,998,road,24.69138862,144000
924,928,road,2.997932621,144000
924,932,road,2.147528812,144000
925,934,road,2.522218864,144000
925,942,road,6.033023786,144000
926,930,road,1.143303984,144000
927,969,road,11.23424372,144000
928,936,road,5.30086974,144000
928,937,road,2.227913822,144000
929,931,road,2.116754119,144000
929,935,road,0.978954544,144000
930,936,road,1.412199703,144000
931,935,road,2.092097512,144000
931,953,road,12.21743836,144000
932,933,road,0.004,144000
932,941,road,19.5129189,144000
933,937,road,2.908576284,144000
933,944,road,3.156707145,144000
934,942,road,3.514657878,144000
934,949,road,5.228997609,144000
935,952,road,5.869149853,144000
936,939,road,0.577026862,144000
937,938,rail,0.066897309,10000
937,940,road,0.172244013,144000
938,939,road,5.180125095,144000
938,940,road,0.30030651,144000
939,943,road,2.609371572,144000
940,944,rail,0.692240023,10000
940,945,road,2.324664277,144000
941,967,road,6.983106758,144000
942,949,road,1.715133814,144000
943,946,road,2.113171077,144000
943,957,road,4.590157296,144000
944,951,rail,0.457670733,10000
945,946,road,0.460156495,144000
945,947,road,0.147363496,144000
946,947,road,0.433335897,144000
947,951,road,3.481850083,144000
947,957,road,3.193524699,144000
948,965,road,4.903109218,144000
948,970,road,8.18521643,144000
949,964,road,4.300586007,144000
949,968,road,7.803903895,144000
950,959,rail,1.301065813,10000
951,967,road,19.05960272,144000
952,954,road,0.582549569,144000
952,961,road,1.546497979,144000
953,961,rail,2.454156067,10000
953,962,road,4.436579313,144000
954,958,road,0.892121068,144000
954,960,road,0.519114631,144000
955,969,road,27.62233546,144000
955,994,road,36.29566905,144000
956,995,road,39.90393715,144000
956,1006,road,17.96887988,144000
958,960,road,0.758102895,144000
958,988,road,24.01811733,144000
958,1016,road,29.66988001,144000
959,976,road,50.59753496,144000
959,1012,road,42.34048583,144000
960,961,road,1.262665435,144000
962,963,road,0,144000
963,968,road,5.805847053,144000
963,974,road,6.109685753,144000
964,971,rail,0.901723905,10000
964,972,road,3.198856046,144000
965,966,rail,1.365099722,10000
965,973,road,6.765075314,144000
965,978,road,3.319183635,144000
966,969,rail,6.565849241,10000
966,984,road,6.09760084,144000
967,1222,road,2.838846245,144000
968,971,road,6.218725593,144000
968,974,road,1.988128768,144000
969,990,road,10.23864249,144000
970,973,road,0.689884048,144000
970,975,road,1.081363954,144000
971,972,road,4.023730607,144000
971,983,road,4.321193354,144000
972,983,road,3.323521024,144000
973,975,rail,0.226270855,10000
973,977,road,6.577600778,144000
974,987,road,9.945852,144000
975,980,road,2.412276104,144000
975,982,road,3.791247288,144000
976,1014,road,14.3809531,144000
977,978,road,0.20880613,144000
977,979,road,0.220689828,144000
978,979,road,0.110923397,144000
979,981,road,1.865258159,144000
980,981,road,6.67159771,144000
980,982,road,3.911919222,144000
980,999,road,14.38011641,144000
981,984,road,6.212404687,144000
982,1008,road,18.40085607,144000
983,987,road,3.572778191,144000
983,997,road,8.36763025,144000
984,989,road,15.14586412,144000
984,1000,road,8.660121246,144000
985,998,road,22.49001423,144000
985,1036,road,73.48417933,144000
986,988,road,1.18460964,144000
986,991,road,1.847744571,144000
987,997,road,7.091404656,144000
987,1001,road,7.178118974,144000
988,991,road,2.334424983,144000
989,990,rail,0.865583763,10000
989,992,road,3.564093153,144000
990,992,road,0.451437703,144000
991,993,road,2.069996135,144000
992,994,road,1.244014469,144000
993,995,road,1.804272707,144000
993,996,road,2.443496675,144000
994,1005,road,19.19926884,144000
995,996,road,1.05027425,144000
996,1019,road,41.03346288,144000
997,1034,road,18.80086434,144000
998,1072,road,62.03363994,144000
999,1000,road,1.15406239,144000
999,1008,road,1.816186114,144000
1000,1005,road,0.631990506,144000
1001,1002,road,0.309690168,144000
1001,1004,road,0.425751101,144000
1002,1004,road,0.267589237,144000
1002,1016,road,2.174913332,144000
1003,1009,road,1.2500256,144000
1004,1016,road,2.009084369,144000
1005,1008,road,1.190745985,144000
1006,1015,road,0.909509758,144000
1006,1017,road,1.985950654,144000
1007,1014,road,4.244288397,144000
1007,1022,rail,5.896358622,10000
1007,1024,road,3.510022792,144000
1009,1010,road,0.03544009,144000
1009,1011,road,0.063780875,144000
1010,1011,road,0.053851648,144000
1010,1020,road,24.96416544,144000
1011,1013,road,2.207951086,144000
1012,1014,road,6.343392152,144000
1012,1026,road,6.257994887,144000
1013,1039,road,37.62839524,144000
1014,1021,road,1.575737288,144000
1015,1017,road,1.877148902,144000
1015,1018,road,0.914839877,144000
1015,1022,road,2.67792457,144000
1017,1019,road,0.626817358,144000
1018,1019,road,2.20620398,144000
1018,1022,road,2.049672169,144000
1018,1023,road,1.417595147,144000
1019,1023,road,1.508015915,144000
1020,1028,road,8.62890584,144000
1021,1024,road,1.183959459,144000
1021,1026,road,1.830348601,144000
1023,1040,road,18.50034994,144000
1024,1026,road,2.564021841,144000
1025,1027,road,17.31495377,144000
1025,1062,road,45.94224901,144000
1027,1083,road,58.4198494,144000
1028,1030,road,0.191133461,144000
1029,1032,road,3.177020617,144000
1029,1033,road,2.566000779,144000
1030,1031,road,0.142618372,144000
1030,1037,road,21.33771169,144000
1031,1039,road,10.73458709,144000
1032,1033,road,1.594521872,144000
1032,1035,road,67.41163846,144000
1033,1042,road,127.9943531,144000
1033,1075,road,64.7094072,144000
1035,1037,road,57.91857875,144000
1035,1047,road,21.07349321,144000
1036,1070,road,61.56704606,144000
1037,1038,road,1.348958116,144000
1038,1039,road,19.50875824,144000
1038,1051,road,52.62230177,144000
1040,1041,road,1.761105335,144000
1041,1099,road,2.145644891,144000
1042,1045,road,70.96359145,144000
1043,1044,road,0.321179078,144000
1043,1046,road,0.279291962,144000
1044,1046,road,0.272470182,144000
1044,1082,road,46.42653172,144000
1045,1071,road,44.87289231,144000
1046,1050,road,0.600563069,144000
1047,1048,road,2.522386172,144000
1047,1049,road,3.740077005,144000
1048,1049,road,3.064065273,144000
1048,1054,road,2.160492536,144000
1048,1055,road,3.904008709,144000
1049,1051,road,4.096855868,144000
1049,1052,road,1.94627439,144000
1050,1084,road,32.8531176,144000
1051,1053,road,2.719489658,144000
1051,1058,road,2.80400428,144000
1052,1053,road,0.145835524,144000
1052,1054,road,3.338610489,144000
1053,1057,road,1.658654877,144000
1054,1056,road,0.43922204,144000
1054,1059,road,2.611249509,144000
1055,1056,road,3.457020683,144000
1055,1061,road,2.423037763,144000
1056,1060,road,1.888343189,144000
1057,1058,road,0.32159602,144000
1057,1059,road,2.133621335,144000
1058,1059,road,2.432688225,144000
1059,1060,road,2.00052893,144000
1060,1061,road,3.146427816,144000
1061,1075,road,76.52332256,144000
1062,1063,rail,0.794897006,10000
1062,1065,road,5.077109414,144000
1063,1064,road,0.468772866,144000
1063,1067,road,0.907894267,144000
1064,1065,road,2.019578174,144000
1064,1067,road,0.541793319,144000
1065,1066,road,0.365600875,144000
1065,1068,road,0.34525353,144000
1066,1068,road,0.167044904,144000
1066,1070,road,63.39617156,144000
1067,1069,rail,0.885803167,10000
1068,1069,road,3.954592267,144000
1069,1073,road,8.869309105,144000
1070,1076,road,32.42560106,144000
1071,1072,road,84.7498471,144000
1071,1075,road,232.061171,144000
1072,1076,road,158.7417994,144000
1073,1077,road,18.29996896,144000
1073,1083,road,19.46821789,144000
1074,1086,road,7.723860434,144000
1074,1087,road,9.1779562,144000
1074,1090,road,37.71856779,144000
1076,1081,road,37.88908888,144000
1077,1078,rail,1.637187909,10000
1077,1083,road,25.14982632,144000
1078,1079,road,2.29186038,144000
1078,1181,road,0.826021791,144000
1079,1080,road,1.567235783,144000
1079,1187,road,0.192924856,144000
1080,1081,road,1.513208512,144000
1081,1203,road,0.510971623,144000
1082,1103,road,35.31835783,144000
1082,1110,road,43.33122592,144000
1084,1085,road,0.720449859,144000
1085,1088,road,5.666926151,144000
1086,1087,road,2.624061737,144000
1086,1089,rail,1.050877015,10000
1087,1089,road,3.560014045,144000
1087,1092,road,19.9751846,144000
1088,1104,road,27.11070822,144000
1089,1097,rail,3.792262913,10000
1090,1092,road,12.65137795,144000
1090,1100,road,15.72410951,144000
1091,1184,rail,0.021662179,10000
1092,1097,road,14.92694597,144000
1092,1100,rail,3.864272053,10000
1093,1186,road,0.119012604,144000
1094,1095,road,0.618158556,144000
1099,1206,road,0.240532742,144000
1103,1104,road,3.858238458,144000
1103,1122,road,2.508890591,144000
1103,1125,road,1.807701303,144000
1104,1115,road,1.810831853,144000
1104,1148,rail,0.547534702,10000
1110,1125,road,44.76357845,144000
1115,1122,road,0.660302961,144000
1115,1148,road,1.942753716,144000
1115,1151,road,0.876002283,144000
1122,1125,road,2.76610412,144000
1122,1140,road,0.686279826,144000
1125,1169,road,2.893928817,144000
1140,1151,road,0.493258553,144000
1140,1169,road,1.742871194,144000
1148,1154,road,0.806320036,144000
1151,1154,road,1.612282854,144000
1169,1177,road,1.066742706,144000
1208,1209,road,1.107676848,144000
1209,666,road,1.342359117,144000
1210,421,rail,2.247431534,10000
1211,1210,rail,0.225606405,10000
1212,596,road,6.474617827,144000
1212,1213,road,0.290688837,144000
1214,172,road,4.098470446,144000
1214,193,road,15.93356771,144000
1216,470,road,22.44210195,144000
1216,1218,road,1.732443361,144000
1217,864,road,1.072800075,144000
1221,310,road,0.347908034,144000
1226,1227,road,2.969865317,144000
697,1,road,1.431627046,144000
142,2,road,0.37783065,144000
203,3,road,0.748801709,144000
332,4,road,0.636270383,144000
393,5,road,3.044944663,144000
1093,6,road,0.885593586,144000
1096,7,road,0.124531121,144000
300,8,road,0.528734338,144000
298,9,road,0.456127175,144000
1084,10,road,4.502438895,144000
688,11,rail,0.193941357,10000
203,13,road,0.350565258,144000
454,14,road,0.126649122,144000
1096,15,road,0.058821765,144000
639,16,road,0.49614514,144000
1041,17,road,1.768494275,144000
180,18,road,0.404460134,144000
1091,19,road,0.34805172,144000
207,20,road,0.222800359,144000
178,21,road,1.254574031,144000
158,22,road,1.42050836,144000
208,23,road,2.818728791,144000
1080,24,road,17.79864669,144000
139,25,road,11.46081219,144000
1154,25,road,0.993325727,144000
1177,25,road,2.092115676,144000
62,35,rail,6.90907302,10000
139,35,road,5.403156485,144000
1088,35,road,29.84876044,144000
1148,35,road,9.37173986,144000
69,51,road,3.490068767,144000
80,51,road,1.753137758,144000
105,51,road,1.644578973,144000
161,62,road,22.43358099,144000
163,62,road,27.73401334,144000
80,69,road,1.980727139,144000
161,69,road,1.041892509,144000
1085,69,road,56.76035863,144000
84,80,road,0.645368112,144000
89,80,road,0.525212338,144000
89,84,road,0.479069932,144000
105,84,road,1.557603287,144000
124,84,road,0.793659877,144000
99,89,rail,0.028301943,10000
127,99,road,0.786559597,144000
161,99,rail,0.428289913,10000
124,105,road,1.58337614,144000
140,105,road,23.05467666,144000
127,120,road,1.515193717,144000
161,120,road,0.383317101,144000
177,120,road,46.56430813,144000
127,124,road,0.79649231,144000
234,124,road,53.50700186,144000
266,127,road,63.03924651,144000
163,139,road,13.8952661,144000
142,140,road,1.250177587,144000
143,140,road,6.599704842,144000
152,141,road,14.49063836,144000
156,141,road,15.35410369,144000
160,141,road,7.960450741,144000
144,142,road,2.0725424,144000
144,143,road,3.705651899,144000
147,143,road,10.50453178,144000
170,144,road,20.18660823,144000
146,145,road,0.118962179,144000
154,145,road,5.216113879,144000
1100,145,road,22.38178125,144000
155,146,rail,0.971228217,10000
159,146,road,6.037226184,144000
148,147,road,3.046112933,144000
149,147,road,2.574817275,144000
149,148,road,0.480599625,144000
150,148,road,22.81574281,144000
171,149,road,12.14484203,144000
156,150,road,18.17106029,144000
193,150,road,23.09620965,144000
154,151,road,19.72586383,144000
162,151,road,53.44800569,144000
199,151,road,28.30879164,144000
1097,151,road,31.08907364,144000
153,152,road,0,144000
158,152,rail,3.294578122,10000
160,153,road,15.36659962,144000
226,153,road,45.17771065,144000
155,154,road,1.760658968,144000
159,154,road,3.749697588,144000
157,155,road,0.599332963,144000
160,156,road,12.70528851,144000
159,157,road,2.249979555,144000
1180,157,road,0.897812898,144000
165,158,road,19.92108682,144000
181,159,road,13.64360451,144000
218,160,road,36.36477554,144000
166,162,road,53.14522447,144000
182,162,road,8.764681169,144000
167,163,road,3.761550744,144000
176,164,road,68.94380488,144000
214,164,road,37.45564956,144000
1169,164,road,47.17922106,144000
166,165,road,1.994103307,144000
168,165,road,2.267641065,144000
169,166,road,1.704963343,144000
174,167,road,7.829692203,144000
178,167,road,7.454052589,144000
169,168,road,0.36204972,144000
230,168,road,34.51675495,144000
195,169,road,25.52023864,144000
171,170,road,0.354022598,144000
172,170,road,0.026,144000
172,171,road,0.354682957,144000
193,172,rail,4.771150805,10000
176,173,road,15.51422895,144000
201,173,road,35.47066737,144000
1110,173,road,85.63245639,144000
177,174,road,1.818247508,144000
179,174,road,5.755382177,144000
180,175,road,8.3599122,144000
214,175,rail,9.827375807,10000
1177,175,road,31.32275914,144000
235,176,road,76.06308269,144000
209,177,rail,5.040798052,10000
179,178,rail,0.276554244,10000
180,179,road,0.487462819,144000
183,181,road,15.30307629,144000
202,181,road,13.40252887,144000
186,182,road,1.041085971,144000
187,182,road,0.974221741,144000
184,183,road,0.486411349,144000
185,183,road,0.392045916,144000
185,184,road,0.136821051,144000
199,184,road,23.88436476,144000
204,185,road,20.13222621,144000
189,186,road,0.833241862,144000
200,186,road,25.93963824,144000
188,187,road,4.071638982,144000
190,187,road,0.437268796,144000
191,188,road,4.085662737,144000
1094,188,rail,0.443205652,10000
190,189,road,0.708530874,144000
238,189,road,25.21815029,144000
198,190,road,6.135902542,144000
195,191,road,23.64813752,144000
1095,191,road,1.842525441,144000
833,192,road,6.000474648,144000
856,192,road,4.936435151,144000
860,192,road,3.945326349,144000
233,193,road,33.7969614,144000
198,194,road,1.562097308,144000
1094,194,road,1.841483098,144000
1095,194,road,1.718982257,144000
223,195,rail,5.573400129,10000
272,196,rail,0.082855296,10000
273,196,road,0.067230945,144000
277,196,road,0.867089384,144000
451,197,road,41.33272994,144000
485,197,road,6.131346671,144000
516,197,road,14.10435876,144000
228,198,road,21.40778709,144000
200,199,rail,2.966862358,10000
225,199,road,18.35408587,144000
224,200,rail,5.061617232,10000
203,201,road,1.102072593,144000
217,201,road,11.33998113,144000
204,202,road,4.288640344,144000
206,202,road,3.768893737,144000
205,204,road,1.227552036,144000
207,205,road,0.703295102,144000
211,205,road,4.98057065,144000
207,206,road,5.530668676,144000
208,206,road,1.275733514,144000
210,208,road,1.579297312,144000
263,209,road,12.92600232,144000
267,209,road,13.0569413,144000
213,210,rail,1.198085556,10000
262,210,road,13.23229761,144000
1199,210,road,2.385866719,144000
213,211,road,3.370067062,144000
216,211,road,3.002002665,144000
797,212,rail,0.465258262,10000
800,212,road,0.428266272,144000
805,212,road,9.346231112,144000
216,213,road,5.261743057,144000
236,214,road,4.532284192,144000
735,215,road,40.74449686,144000
775,215,road,0.672502788,144000
797,215,road,15.90822492,144000
907,215,road,30.38438362,144000
222,216,road,3.381945594,144000
220,217,road,3.00796609,144000
227,217,road,1.821087587,144000
219,218,road,0.602332134,144000
221,218,road,0.889865158,144000
226,219,road,28.24276367,144000
232,219,road,2.800300698,144000
227,220,rail,0.645462044,10000
289,220,road,96.64792422,144000
232,221,road,3.199540592,144000
250,221,road,67.82639728,144000
249,222,road,25.55916744,144000
313,222,road,21.5610483,144000
229,223,road,1.166699619,144000
237,223,road,41.19512049,144000
225,224,road,20.64290542,144000
231,224,road,3.086285794,144000
249,225,road,13.33098946,144000
254,225,road,4.216725744,144000
230,226,road,2.713139878,144000
435,227,road,110.7953649,144000
445,227,road,55.23752036,144000
229,228,road,2.173547331,144000
244,228,road,11.80864649,144000
311,229,road,22.521091,144000
237,230,road,5.094703917,144000
238,231,road,1.998068067,144000
247,231,road,2.088739333,144000
323,232,road,22.80091831,144000
239,233,road,2.034888695,144000
246,233,road,1.566311591,144000
239,234,rail,4.91764255,10000
270,234,road,36.3837417,144000
241,235,road,13.13457361,144000
435,235,rail,14.6919121,10000
241,236,road,1.244360077,144000
243,236,road,0.696252828,144000
305,237,road,5.569356875,144000
242,238,road,0.557207322,144000
240,239,road,0,144000
246,240,rail,0.470325951,10000
252,240,rail,0.498943885,10000
243,241,road,1.63635204,144000
244,242,road,12.12837483,144000
245,242,road,0.2697851,144000
271,243,road,44.24941604,144000
352,243,road,38.10410634,144000
260,244,road,5.355697527,144000
253,245,road,1.847084189,144000
264,245,road,7.096764333,144000
248,246,road,0.441352467,144000
251,247,road,1.706470041,144000
253,247,rail,0.200547376,10000
250,248,road,2.28626945,144000
255,248,rail,0.293899643,10000
261,249,road,5.096700894,144000
255,250,road,3.010783951,144000
253,251,rail,0.446618685,10000
256,251,road,19.76338928,144000
255,252,road,0.336095225,144000
320,252,road,19.18182317,144000
304,253,road,10.26414848,144000
256,254,rail,0.701700257,10000
261,254,road,7.634584468,144000
265,254,rail,0.567001984,10000
265,256,road,3.44566162,144000
577,257,rail,0.161025619,10000
587,257,road,2.5543829,144000
591,257,road,4.437206779,144000
733,258,road,1.955670729,144000
750,258,road,4.26093417,144000
927,258,road,42.42113483,144000
262,259,road,15.35650637,144000
300,259,road,13.37177086,144000
358,259,road,16.09971192,144000
379,259,road,22.45913489,144000
264,260,road,1.123396635,144000
316,260,rail,7.82121776,10000
292,261,rail,1.783831831,10000
286,262,road,17.34089559,144000
266,263,road,1.97332714,144000
268,263,road,8.367778439,144000
281,263,road,2.555484299,144000
304,264,road,11.55254292,144000
276,265,rail,0.505917236,10000
270,266,road,2.115872397,144000
285,266,road,2.590873984,144000
268,267,rail,0.3980201,10000
269,267,road,2.898358846,144000
275,267,rail,0.398038001,10000
280,268,road,1.947775141,144000
271,269,road,2.225001573,144000
274,269,road,1.089091364,144000
290,270,road,2.48035562,144000
274,271,rail,0.451080924,10000
273,272,road,0.38104068,144000
283,272,road,1.063475435,144000
1198,273,road,0.005656854,144000
275,274,road,3.240358005,144000
291,274,road,3.93486569,144000
280,275,road,2.124466992,144000
291,275,road,1.864965415,144000
292,276,road,2.473670956,144000
303,276,road,4.597410141,144000
278,277,road,0.008,144000
279,277,road,0.014422205,144000
279,278,road,0.012,144000
299,278,rail,0.724078725,10000
283,279,road,1.450064826,144000
282,280,road,8.077162373,144000
291,280,road,2.536927275,144000
282,281,road,0.112729765,144000
285,281,road,0.508696373,144000
302,282,road,3.245645082,144000
284,283,road,0.411144743,144000
299,283,road,3.200592445,144000
289,284,road,108.5770513,144000
330,284,road,15.41981193,144000
290,285,road,3.171682834,144000
301,285,road,2.928460346,144000
287,286,road,1.72904598,144000
294,286,road,1.877660246,144000
288,287,road,1.946263086,144000
294,287,road,2.212504463,144000
296,288,road,3.153261803,144000
375,288,road,43.88084726,144000
315,289,road,14.0720162,144000
301,290,road,3.360407713,144000
319,290,road,53.32679402,144000
295,291,road,0.93235401,144000
303,292,road,4.044326891,144000
549,293,road,22.01910589,144000
550,293,road,22.98884643,144000
582,293,rail,6.117399468,10000
656,293,road,34.23570826,144000
296,294,road,0.719805529,144000
297,294,road,0.302423544,144000
308,295,road,7.160425965,144000
353,295,road,31.02069735,144000
298,296,road,0.164012195,144000
298,297,road,0.704556598,144000
300,297,road,0.118726577,144000
339,299,road,8.240372079,144000
1224,300,road,0.892432631,144000
302,301,road,2.695784116,144000
474,301,road,56.25053536,144000
307,302,road,8.072226211,144000
328,303,road,14.71036913,144000
345,304,road,16.83387656,144000
306,305,road,16.97148668,144000
1182,305,road,1.04526743,144000
323,306,rail,11.30786374,10000
362,306,road,10.5214153,144000
308,307,road,0.008944272,144000
309,307,road,0.046861498,144000
309,308,road,0.044045431,144000
469,309,road,44.0876805,144000
967,310,rail,1.394135037,10000
1003,310,road,20.68933812,144000
1020,310,road,13.06305937,144000
316,311,road,1.461771528,144000
326,311,road,2.691806828,144000
362,311,road,4.95919066,144000
907,312,road,1.529000981,144000
911,312,road,0.894706656,144000
926,312,road,2.39945077,144000
928,312,road,4.990963434,144000
314,313,road,0.649716861,144000
324,314,road,2.082899902,144000
334,314,road,2.469118871,144000
317,315,road,1.586307662,144000
318,315,road,0.192052076,144000
327,316,road,2.270828043,144000
329,316,road,2.691025827,144000
318,317,road,1.48886534,144000
322,317,road,0.391938771,144000
342,317,road,10.37044975,144000
320,319,road,1.146532163,144000
325,319,road,0.966167687,144000
321,320,road,0,144000
325,321,road,1.38343341,144000
422,321,road,39.52893057,144000
453,322,road,46.14983341,144000
456,322,road,35.00115221,144000
396,323,road,55.75982385,144000
439,323,road,32.13742796,144000
333,324,road,3.588127645,144000
343,324,road,43.36507429,144000
473,325,road,39.12987529,144000
327,326,road,0.46495161,144000
335,326,road,1.059056184,144000
362,326,road,5.381845408,144000
332,327,road,0.620322497,144000
338,328,road,3.27464563,144000
341,328,road,2.932379239,144000
331,329,road,2.124904704,144000
336,329,road,1.105484509,144000
345,329,rail,10.80707644,10000
371,330,road,12.72858641,144000
374,330,road,10.61343488,144000
332,331,road,0.618012945,144000
336,331,rail,0.536240851,10000
334,333,road,1.586243361,144000
365,333,road,18.72593293,144000
395,335,rail,5.288065927,10000
418,335,road,63.76741739,144000
424,336,road,36.60205595,144000
1028,337,rail,0.036912058,10000
1030,337,road,0.045650849,144000
1031,337,rail,0.034669872,10000
341,338,rail,0.42630095,10000
344,338,road,2.250390188,144000
340,339,rail,2.457708282,10000
1093,339,road,1.672010766,144000
346,340,rail,1.915222246,10000
360,340,road,9.357994016,144000
343,341,road,1.883029474,144000
374,342,rail,23.56991313,10000
344,343,road,3.036674497,144000
351,343,road,3.558258001,144000
345,344,road,2.093036072,144000
347,344,road,1.028250942,144000
350,345,road,2.594679171,144000
348,346,road,2.470122264,144000
356,346,road,2.609592305,144000
350,347,road,2.312166949,144000
351,347,road,3.294230714,144000
349,348,road,1.659397481,144000
355,348,road,1.807093799,144000
1183,348,road,1.494657151,144000
357,349,road,1.434232896,144000
359,349,road,2.221232991,144000
351,350,road,4.030111661,144000
430,350,road,26.85369561,144000
413,351,road,40.59414564,144000
353,352,road,0.017888544,144000
354,352,road,0.303644529,144000
354,353,road,0.307050484,144000
361,354,rail,0.181969778,10000
356,355,road,1.506224419,144000
357,355,road,2.036975208,144000
363,355,road,2.079417226,144000
360,356,road,0.570098237,144000
359,357,road,1.754223475,144000
367,357,road,2.196091984,144000
365,358,road,2.279959649,144000
373,358,road,4.081889758,144000
364,359,road,2.408294002,144000
363,360,road,2.136914598,144000
370,360,road,3.139343243,144000
460,361,road,68.22522185,144000
470,361,rail,8.677724356,10000
1218,361,road,12.81129705,144000
369,363,road,0.908469042,144000
579,363,rail,0.253278996,10000
367,364,road,3.192983558,144000
377,364,road,2.692069093,144000
366,365,road,0.002828427,144000
373,366,road,3.822614812,144000
392,366,road,17.93583062,144000
579,367,road,1.081267774,144000
369,368,road,0.987078518,144000
385,368,rail,1.734942074,10000
579,368,road,0.442578807,144000
370,369,road,3.300921689,144000
372,370,road,3.872000517,144000
376,370,road,1.625626033,144000
372,371,road,5.234202136,144000
374,371,road,4.966438563,144000
380,371,road,4.154872321,144000
376,372,road,3.316723685,144000
379,373,road,21.70935651,144000
447,373,road,21.15622698,144000
380,374,road,3.940676592,144000
1226,374,road,25.03035245,144000
381,375,road,2.52992411,144000
1191,375,road,3.8008257,144000
387,376,road,11.27513743,144000
385,377,road,2.614149957,144000
491,377,road,53.30674224,144000
579,377,road,5.597476574,144000
382,378,road,0.889406544,144000
388,378,road,2.832713187,144000
1207,378,road,0.359805503,144000
390,379,road,20.92301967,144000
394,379,road,16.69549987,144000
391,380,rail,0.873534487,10000
383,381,road,1.020156851,144000
386,381,road,4.334965282,144000
383,382,road,0.068,144000
384,382,road,0.095519631,144000
384,383,road,0.064404969,144000
388,384,road,2.429897117,144000
387,385,road,0.674020771,144000
390,386,road,11.97064175,144000
426,386,road,18.53089312,144000
389,387,rail,0.104098511,10000
393,388,road,8.587966465,144000
423,388,road,12.36508148,144000
417,389,road,12.59723684,144000
434,389,road,16.43428721,144000
394,390,road,7.898856879,144000
419,391,road,12.48615137,144000
428,391,road,12.18009721,144000
405,392,road,9.487665466,144000
427,392,road,9.713984147,144000
401,393,road,3.349142577,144000
407,394,road,8.112616594,144000
426,394,rail,2.304087292,10000
432,395,road,55.38363441,144000
436,395,rail,6.395204219,10000
498,395,road,23.91111557,144000
397,396,rail,0.035128336,10000
398,396,road,0.114629839,144000
412,396,road,2.64319882,144000
398,397,road,0.183051905,144000
422,397,rail,0.663683848,10000
399,398,road,0.429385608,144000
404,399,road,2.604514542,144000
409,399,rail,0.204549505,10000
403,400,road,12.31528644,144000
441,400,road,8.66885598,144000
1189,400,road,1.943544185,144000
402,401,road,0.892726162,144000
1185,401,road,0.757606758,144000
403,402,road,0.820365772,144000
423,402,road,11.99699046,144000
1220,402,road,0.165746795,144000
448,403,road,9.325642284,144000
414,404,road,1.785802901,144000
422,404,road,1.747900455,144000
406,405,road,0.17961069,144000
408,405,road,0.40428208,144000
408,406,road,0.36779342,144000
413,406,road,3.088521329,144000
440,407,rail,3.058778351,10000
446,407,road,25.15168066,144000
416,408,road,1.372428505,144000
410,409,rail,0.041764219,10000
411,409,road,0.090022219,144000
411,410,road,0.140014285,144000
412,410,road,1.853105502,144000
414,411,road,1.790907033,144000
455,412,rail,10.03185114,10000
416,413,road,2.970430945,144000
479,414,road,40.2832814,144000
616,415,road,32.04633427,144000
699,415,rail,6.075748946,10000
713,415,road,8.602028598,144000
427,416,road,6.395310782,144000
431,417,road,5.912782763,144000
442,417,road,4.715947413,144000
432,418,road,3.11628561,144000
443,418,road,6.110548584,144000
421,419,road,0.939531798,144000
457,419,road,59.16886455,144000
669,420,road,1.977088769,144000
677,420,road,0.004472136,144000
678,420,rail,0.092001359,10000
428,421,road,11.58871347,144000
513,421,road,42.57253359,144000
429,423,road,2.665167912,144000
430,424,road,4.759694948,144000
436,424,road,5.119501929,144000
445,425,road,32.86437445,144000
459,425,road,63.2283005,144000
481,425,road,12.04931882,144000
437,426,road,1.6876137,144000
440,426,road,2.885444853,144000
463,427,road,21.55793775,144000
485,427,road,16.63721539,144000
431,428,rail,1.872040731,10000
752,428,road,101.8972236,144000
437,429,road,13.4201234,144000
468,429,road,11.03365125,144000
451,430,road,5.991755002,144000
442,431,road,4.890232714,144000
433,432,rail,0,10000
444,433,road,4.869321513,144000
462,433,road,4.926410864,144000
466,434,road,6.889470807,144000
489,434,road,18.37400991,144000
459,435,road,3.778772287,144000
501,436,road,23.06657304,144000
440,437,road,3.20429337,144000
468,437,road,8.984544284,144000
439,438,road,0.048083261,144000
449,438,road,1.56246216,144000
452,438,road,2.982630383,144000
443,439,road,1.415074556,144000
454,440,road,1.355958701,144000
448,441,road,2.362325126,144000
531,441,road,34.77482336,144000
466,442,rail,4.652476894,10000
444,443,road,1.759846584,144000
450,444,road,1.03330344,144000
481,445,road,28.80222214,144000
483,445,road,43.44405584,144000
447,446,road,4.573980761,144000
465,446,rail,1.209947313,10000
461,447,road,2.04413796,144000
464,447,road,3.262432222,144000
472,448,road,17.80911059,144000
450,449,road,2.744018222,144000
452,449,road,2.598003079,144000
462,450,road,4.659984979,144000
499,451,road,19.98548473,144000
455,452,road,0.881355774,144000
456,453,road,40.68476811,144000
457,453,rail,1.85980913,10000
1197,454,road,0.713450769,144000
477,455,road,4.70136193,144000
483,456,road,58.49359777,144000
510,457,road,25.3532891,144000
857,458,road,31.65939355,144000
1042,458,road,50.18217827,144000
1045,458,rail,11.34339713,10000
460,459,road,2.864006285,144000
475,460,road,82.54864185,144000
463,461,road,0.700002857,144000
509,462,road,50.60366757,144000
464,463,road,2.483650539,144000
467,463,rail,0.854867387,10000
465,464,road,2.726906672,144000
467,464,road,1.824527336,144000
467,465,road,2.193729245,144000
492,465,road,8.226692653,144000
488,466,road,6.055782361,144000
497,467,road,8.92817585,144000
480,468,road,5.099566256,144000
490,468,road,5.030833728,144000
470,469,rail,0.397109871,10000
471,469,road,4.194581743,144000
476,469,rail,0.353156127,10000
475,470,road,1.280099996,144000
474,471,road,34.85251859,144000
478,471,road,3.861411141,144000
480,472,road,6.350801524,144000
493,472,road,6.152885827,144000
474,473,road,24.45806877,144000
479,473,road,1.673086967,144000
476,475,road,1.644588702,144000
482,475,road,1.849277697,144000
478,476,road,0.518844871,144000
482,476,road,1.408694431,144000
542,477,road,33.12421833,144000
550,477,road,49.88739276,144000
484,478,road,1.515790223,144000
548,479,road,31.77836761,144000
490,480,road,5.906894954,144000
493,480,road,7.179969081,144000
639,481,road,65.57742599,144000
484,482,road,1.133027802,144000
653,483,road,71.43696304,144000
487,484,road,1.308557985,144000
497,485,road,35.38207117,144000
869,486,road,0.955340777,144000
872,486,road,4.294419169,144000
874,486,road,1.104523427,144000
877,486,rail,0.619501816,10000
548,487,road,66.77549736,144000
566,487,road,40.08652247,144000
489,488,road,8.844625261,144000
590,488,road,62.83389786,144000
491,489,rail,5.16166262,10000
565,489,rail,13.00911113,10000
494,490,road,2.456329782,144000
556,491,road,41.19292876,144000
502,492,road,12.02578646,144000
528,493,road,21.45825063,144000
495,494,road,2.741664458,144000
496,494,road,0.746967201,144000
496,495,road,3.260959981,144000
500,495,road,2.85262686,144000
500,496,road,5.458250636,144000
514,497,road,14.41650304,144000
545,497,road,22.79728914,144000
501,498,road,7.351397146,144000
509,498,road,9.419718042,144000
517,498,road,6.02914853,144000
503,499,road,5.868337414,144000
525,499,road,42.45722421,144000
512,500,road,7.122153045,144000
518,501,road,6.99318983,144000
525,501,road,6.480929872,144000
506,502,road,2.44644722,144000
507,502,road,2.141435033,144000
514,502,road,5.908438034,144000
504,503,rail,0.218959471,10000
505,503,road,0.919760838,144000
505,504,road,0.86002093,144000
508,504,road,1.679834516,144000
508,505,road,1.999769987,144000
594,505,road,42.17317764,144000
507,506,road,0.46389654,144000
511,506,road,3.047635149,144000
515,507,road,1.827261339,144000
516,508,road,9.48102716,144000
522,509,road,9.248999946,144000
513,510,road,3.384691419,144000
524,510,road,3.97959797,144000
512,511,road,11.05402189,144000
515,511,road,4.667647373,144000
530,512,road,24.22082823,144000
524,513,road,2.269895152,144000
515,514,road,5.352018311,144000
1228,514,rail,0.411062647,10000
1229,514,road,5.081370288,144000
546,516,road,49.7886755,144000
518,517,road,0.923146792,144000
520,517,road,0.653094174,144000
522,517,road,1.295484465,144000
519,518,road,0.287680378,144000
521,519,road,0.587649555,144000
525,519,road,7.646515808,144000
521,520,road,0.411533717,144000
523,520,road,0.638376065,144000
526,521,road,0.886324997,144000
523,522,road,0.552268051,144000
526,523,rail,0.166224246,10000
622,524,road,70.09867688,144000
527,526,road,0.512765053,144000
529,527,road,16.68654464,144000
596,527,road,43.54049449,144000
530,528,road,11.2780305,144000
533,528,road,18.96379034,144000
551,528,road,10.04894761,144000
567,529,rail,8.935192359,10000
1096,529,road,0.910817215,144000
552,530,road,15.63471471,144000
533,531,road,1.699891761,144000
534,531,rail,0.541738867,10000
535,532,road,2.569324425,144000
537,532,rail,0.371222642,10000
538,532,road,2.163856742,144000
553,533,road,16.81238448,144000
535,534,road,0.470106371,144000
541,534,road,1.657966224,144000
537,535,road,2.28123826,144000
957,536,road,16.29633345,144000
1003,536,road,2.000001,144000
1013,536,road,1.483559234,144000
539,537,road,0.457060171,144000
539,538,road,1.420022535,144000
543,538,road,0.608266389,144000
540,539,road,1.153533701,144000
541,540,road,2.176497186,144000
1193,540,road,0.067911707,144000
547,541,road,3.478597419,144000
567,542,road,18.24207411,144000
618,542,rail,9.089937142,10000
544,543,road,1.675205062,144000
688,543,rail,11.87967483,10000
547,544,road,3.123895005,144000
1192,544,road,0.446425806,144000
1225,544,road,1.12436471,144000
546,545,road,2.889011596,144000
558,545,road,20.06054595,144000
576,546,road,15.61243018,144000
560,547,road,20.39512275,144000
1223,547,road,4.995894715,144000
549,548,road,2.328030928,144000
575,548,road,56.69022057,144000
649,549,road,37.28346148,144000
582,550,road,14.35972618,144000
553,551,road,0.72480894,144000
554,551,road,1.127696768,144000
555,552,road,2.120045283,144000
558,552,road,50.23288206,144000
554,553,road,1.054157483,144000
560,553,road,6.662601594,144000
555,554,road,0.28917123,144000
561,555,road,6.647603177,144000
557,556,road,1.823877189,144000
559,556,road,1.111802141,144000
574,556,road,7.365010523,144000
559,557,road,1.213566644,144000
568,557,rail,2.900138359,10000
581,558,road,15.13809631,144000
569,559,road,11.41364937,144000
573,559,road,8.034192928,144000
561,560,road,3.283079652,144000
571,560,road,4.505705272,144000
562,561,road,1.021379459,144000
563,562,road,0.103247276,144000
564,562,rail,0.0205,10000
564,563,road,0.092347171,144000
570,563,road,2.963825231,144000
571,564,road,1.441750325,144000
578,565,road,5.300809372,144000
580,565,road,3.389320876,144000
575,566,road,2.980901877,144000
645,566,road,26.26092611,144000
606,567,road,13.28313517,144000
569,568,road,0.567957745,144000
577,568,road,2.21269067,144000
577,569,road,1.984907051,144000
571,570,road,3.102232744,144000
597,570,road,30.30479896,144000
589,571,road,5.590328792,144000
573,572,road,0.982130338,144000
574,572,road,3.308419562,144000
584,572,road,4.905800648,144000
583,573,road,3.816985198,144000
578,574,road,7.269766709,144000
592,574,road,6.565101675,144000
617,575,road,24.16311404,144000
581,576,road,36.06675283,144000
614,576,road,15.3023972,144000
580,578,road,4.602267702,144000
590,580,rail,0.923640217,10000
597,581,road,9.490278183,144000
619,582,road,37.27367586,144000
586,583,road,0.492260094,144000
1194,583,road,0.096083297,144000
585,584,road,0.006324555,144000
586,584,road,0.002,144000
586,585,road,0.004472136,144000
587,585,road,0.074242845,144000
588,587,road,1.209786758,144000
591,588,road,4.287360493,144000
595,588,road,4.326275534,144000
641,589,road,18.10716919,144000
655,589,road,25.33980016,144000
620,590,road,13.09644486,144000
811,591,rail,16.65065333,10000
593,592,road,1.657377446,144000
1190,592,road,1.416165245,144000
595,593,rail,0.53843709,10000
601,593,road,3.384312633,144000
598,594,rail,0.542791166,10000
614,594,road,56.28781357,144000
601,595,rail,0.806210425,10000
600,596,road,1.608420343,144000
602,596,road,4.472995417,144000
661,597,road,23.25371179,144000
602,598,road,19.80945683,144000
646,598,road,15.37137925,144000
606,599,road,29.31609101,144000
610,599,road,32.49306166,144000
712,599,road,30.35081949,144000
603,600,rail,0.580324478,10000
604,600,road,1.374557383,144000
608,600,road,2.381617937,144000
607,601,road,2.001044727,144000
603,602,road,2.373293071,144000
611,602,road,2.392530042,144000
605,603,road,2.143273198,144000
609,603,road,1.118107329,144000
605,604,road,0.281375194,144000
608,604,road,1.463488982,144000
613,604,road,1.773706853,144000
609,605,road,1.725361411,144000
612,606,road,1.250849311,144000
615,607,road,2.756697299,144000
1205,607,road,2.334345304,144000
610,608,road,0.936516951,144000
611,609,road,1.392363458,144000
613,610,road,2.112936345,144000
646,611,road,22.18609601,144000
624,612,road,23.00220024,144000
681,612,road,17.20903542,144000
719,613,road,28.07444767,144000
616,614,road,0.592141875,144000
621,615,road,8.760309127,144000
644,615,road,9.472625824,144000
699,616,road,18.00983309,144000
651,617,road,31.59107779,144000
659,617,road,15.87086135,144000
619,618,road,1.979456491,144000
623,618,road,3.338690162,144000
624,618,road,5.877284407,144000
623,619,road,4.500482196,144000
632,619,road,1.866069666,144000
621,620,road,1.085592926,144000
628,620,road,1.138771268,144000
628,621,road,1.372023323,144000
657,622,road,48.09590906,144000
776,622,road,36.41206229,144000
627,623,road,0.448111593,144000
630,624,road,1.577411804,144000
634,624,road,1.332669501,144000
626,625,road,0.032249031,144000
627,625,road,0.056920998,144000
630,625,road,0.876002283,144000
627,626,road,0.02607681,144000
633,626,road,0.466004292,144000
629,627,road,3.073754707,144000
644,628,road,9.521440647,144000
752,628,road,61.31480793,144000
632,629,road,2.122166817,144000
635,629,rail,0.499207622,10000
631,630,rail,0.00509902,10000
633,631,road,0.908601123,144000
634,631,road,2.443300227,144000
636,632,rail,0.549280438,10000
642,632,road,8.481871963,144000
635,633,road,3.336348303,144000
637,634,road,2.915777769,144000
638,634,road,1.707119211,144000
636,635,road,2.175247112,144000
640,635,road,0.979846927,144000
640,636,road,1.980807916,144000
642,636,road,8.077437713,144000
638,637,road,2.729832229,144000
681,637,road,27.54302271,144000
734,637,road,21.90421375,144000
640,638,road,6.032490696,144000
643,639,road,1.567322558,144000
716,639,road,17.58092239,144000
647,641,road,3.609740711,144000
648,641,road,2.09483269,144000
654,641,road,7.026136919,144000
656,642,rail,11.86649853,10000
702,643,road,22.24348174,144000
1196,643,road,1.123836287,144000
802,644,rail,8.945895274,10000
674,645,road,18.07072605,144000
702,645,road,121.4980834,144000
666,646,road,3.20942674,144000
660,648,road,2.832658116,144000
661,648,rail,5.423611735,10000
650,649,road,0.292027396,144000
670,649,road,3.986381316,144000
651,650,road,4.094001954,144000
673,650,road,2.622502622,144000
652,651,road,0,144000
669,652,road,2.514064438,144000
685,652,road,3.582203233,144000
657,653,road,8.358848007,144000
732,653,rail,24.06319102,10000
655,654,road,2.826528613,144000
664,654,road,2.242431716,144000
658,655,road,2.981749822,144000
675,655,road,2.721605409,144000
670,656,road,23.15321161,144000
776,657,road,36.45123016,144000
675,658,road,2.161262594,144000
711,658,road,21.1954329,144000
667,659,road,1.920376005,144000
672,659,road,2.126871881,144000
662,660,road,0.982783801,144000
668,660,road,0.557842272,144000
715,661,rail,3.970112121,10000
663,662,road,3.05258972,144000
668,662,road,0.921791734,144000
664,663,road,0.213410403,144000
665,663,rail,0.047185803,10000
665,664,road,0.215257985,144000
697,665,road,6.296907495,144000
671,666,rail,0.704100135,10000
676,666,rail,0.491564085,10000
695,666,road,4.641608342,144000
672,667,rail,0.864960259,10000
679,667,road,14.55440689,144000
709,668,road,9.133012646,144000
683,669,road,1.297747279,144000
673,670,road,2.587778198,144000
682,671,road,3.660489585,144000
687,671,road,1.493801861,144000
674,672,rail,4.899088818,10000
678,673,rail,0.451629273,10000
693,673,road,2.944097824,144000
1091,674,road,0.155794737,144000
696,675,road,3.361014728,144000
687,676,road,0.479266106,144000
690,676,road,1.121976827,144000
680,677,road,0.623503007,144000
686,677,road,0.212037732,144000
684,678,road,0.202,144000
685,679,road,1.42185372,144000
737,679,road,12.80321522,144000
683,680,road,1.135149329,144000
686,680,road,0.640852557,144000
689,681,road,1.570866003,144000
699,682,rail,13.94818707,10000
700,682,road,3.644105926,144000
685,683,road,2.646218434,144000
692,683,road,2.146895433,144000
686,684,road,0.408240125,144000
691,684,road,1.237109534,144000
707,685,road,4.913309272,144000
700,687,road,4.42922115,144000
711,688,road,7.656461062,144000
712,689,road,35.04761019,144000
775,689,road,19.87020694,144000
694,690,road,3.127714821,144000
704,690,road,3.442590885,144000
692,691,road,1.271416533,144000
693,691,road,1.561723407,144000
706,692,road,2.964688854,144000
706,693,road,4.641777677,144000
915,693,rail,12.45231806,10000
695,694,road,1.142112079,144000
704,694,road,5.042545389,144000
725,695,road,28.0484704,144000
698,696,road,0.418960619,144000
701,696,road,2.390983061,144000
698,697,road,0.676286921,144000
701,698,road,2.538208817,144000
705,698,road,1.70615943,144000
765,699,road,14.65992537,144000
704,700,road,1.850701489,144000
747,700,rail,7.259060339,10000
708,701,road,1.953214786,144000
728,702,road,24.39257149,144000
741,703,road,1.869951871,144000
750,703,road,1.492648653,144000
909,703,road,37.98525324,144000
714,704,road,7.706767156,144000
709,705,rail,3.432530044,10000
710,705,rail,0.770210361,10000
707,706,rail,0.262292299,10000
721,707,road,7.39150323,144000
710,708,road,3.211519889,144000
717,708,road,18.05557964,144000
715,709,road,8.453916725,144000
784,710,rail,4.107448874,10000
717,711,road,3.674354365,144000
723,712,road,11.35448053,144000
722,713,road,35.89715515,144000
779,713,road,12.45999502,144000
742,714,road,5.102113288,144000
744,714,rail,1.767264129,10000
722,715,road,8.214117847,144000
788,715,road,17.86618762,144000
727,716,road,3.077375505,144000
731,716,road,3.351212915,144000
718,717,road,0.835648251,144000
720,718,road,0.600866042,144000
724,718,road,0.737791298,144000
723,719,road,3.127070194,144000
725,719,road,1.392451076,144000
726,719,road,1.232404154,144000
724,720,road,0.190157829,144000
745,720,road,10.28524166,144000
737,721,road,1.354885973,144000
746,721,road,3.813490265,144000
764,722,road,5.643661223,144000
726,723,road,2.512774562,144000
735,723,road,1.858827587,144000
743,724,road,5.714196356,144000
733,725,road,1.351422954,144000
736,726,road,0.442651104,144000
728,727,road,0.186472518,144000
729,727,rail,0.034946388,10000
729,728,road,0.192665513,144000
730,729,road,1.340854951,144000
731,730,road,1.854349482,144000
739,730,road,1.625290128,144000
732,731,road,1.786591168,144000
738,731,road,0.763497217,144000
738,732,road,2.013149771,144000
736,733,road,2.19468631,144000
742,733,road,36.94794549,144000
775,734,road,26.57476713,144000
780,734,road,8.339509818,144000
741,735,road,1.172170636,144000
741,736,road,3.182332478,144000
746,737,road,3.006155019,144000
739,738,road,0.392779837,144000
740,738,road,0.208038458,144000
740,739,road,0.388108232,144000
844,739,road,61.11001646,144000
857,740,rail,6.461845267,10000
750,741,road,1.318647792,144000
744,742,rail,1.011071214,10000
901,742,road,35.08963836,144000
749,743,road,3.963746208,144000
769,743,road,3.962062594,144000
763,744,road,17.48964242,144000
748,745,road,0.572380992,144000
771,745,road,8.290265376,144000
813,746,road,24.49240013,144000
751,747,road,3.826441166,144000
754,747,rail,0.320850822,10000
763,747,road,2.324348511,144000
749,748,road,0.776363317,144000
755,748,road,1.206610128,144000
753,749,road,0.80374374,144000
759,749,road,1.236816882,144000
757,751,road,2.701295985,144000
765,751,road,25.95587741,144000
766,751,road,1.797547218,144000
840,752,rail,7.222481031,10000
755,753,road,0.12134249,144000
756,753,road,0.121061968,144000
757,754,road,0.567619591,144000
761,754,road,1.075174404,144000
756,755,road,0.002,144000
760,755,road,0.222638721,144000
758,756,road,0.115377641,144000
762,757,road,0.348539811,144000
759,758,road,0.731551775,144000
760,758,road,0.222396043,144000
769,759,road,3.468819396,144000
768,760,rail,0.267698524,10000
762,761,road,1.627506068,144000
763,761,rail,0.273095221,10000
766,762,road,1.846235088,144000
772,762,road,2.774510407,144000
772,763,road,3.891871015,144000
767,764,road,5.632651241,144000
788,764,road,22.71164371,144000
782,765,rail,6.616204142,10000
842,765,road,20.57111081,144000
772,766,road,2.538031521,144000
787,767,road,21.95103387,144000
838,767,road,23.96512082,144000
777,768,road,4.889216297,144000
1204,768,road,0.16011246,144000
770,769,road,1.838334028,144000
773,769,road,1.291857577,144000
773,770,road,2.649501085,144000
785,770,road,29.29085243,144000
774,771,road,1.013897431,144000
777,771,road,2.849350803,144000
778,771,road,1.075444094,144000
845,772,road,28.4885193,144000
777,773,road,7.782664068,144000
801,773,road,10.87026807,144000
778,774,road,0.370642685,144000
783,774,road,2.587963678,144000
1188,774,road,3.066052837,144000
806,776,road,11.37445084,144000
789,777,road,3.854325362,144000
781,778,road,0.974708161,144000
782,779,road,1.182444925,144000
787,779,road,11.88101174,144000
797,780,road,9.511512603,144000
805,780,road,8.950237986,144000
783,781,road,2.434230063,144000
789,781,road,2.474872926,144000
792,782,road,5.47355095,144000
799,783,road,8.524157671,144000
785,784,road,0.152315462,144000
786,784,road,0.121210561,144000
786,785,road,0.206968597,144000
788,786,road,5.116652812,144000
790,786,road,2.137756768,144000
795,787,rail,1.32493698,10000
791,788,road,4.629706686,144000
804,789,road,6.892718477,144000
791,790,road,1.733400127,144000
793,790,rail,1.644896349,10000
849,791,road,14.7424755,144000
796,792,road,1.9408967,144000
803,792,road,3.319481887,144000
833,792,road,9.768005119,144000
801,793,road,19.60441267,144000
847,793,road,16.10056608,144000
795,794,road,4.898901918,144000
796,794,road,0.308765283,144000
798,794,road,0.489448669,144000
810,795,rail,2.029458302,10000
798,796,road,0.445223539,144000
803,798,road,3.287709233,144000
804,799,road,5.876937978,144000
808,799,road,3.457237047,144000
880,800,road,16.6157902,144000
897,800,road,23.45060801,144000
809,801,road,18.30865861,144000
854,801,road,10.16361609,144000
811,802,road,35.0184432,144000
1025,802,rail,13.78567274,10000
810,803,road,1.442245471,144000
809,804,road,1.05141809,144000
807,805,rail,0.218582364,10000
814,806,road,2.578275393,144000
817,806,road,1.646010936,144000
823,806,road,2.741552845,144000
819,807,road,2.440185239,144000
820,807,road,3.552162721,144000
812,808,rail,1.029866496,10000
821,808,road,1.701098469,144000
821,809,road,9.95636279,144000
837,809,road,6.36181735,144000
833,810,road,6.574984411,144000
865,810,rail,2.708193494,10000
1027,811,road,47.97140202,144000
821,812,road,3.007245916,144000
824,812,road,2.995966622,144000
827,813,road,19.63439615,144000
868,813,road,10.8392723,144000
815,814,road,0.171405951,144000
816,814,road,0.457965064,144000
816,815,road,0.588054419,144000
839,815,road,8.724774152,144000
817,816,road,1.704372025,144000
822,817,road,0.936258511,144000
819,818,road,0.661440851,144000
820,818,road,1.325776753,144000
892,820,road,19.24737457,144000
837,821,road,6.176068005,144000
823,822,road,0.738270953,144000
834,822,rail,0.355626911,10000
834,823,road,1.567036694,144000
840,823,road,115.841801,144000
825,824,road,0.059933296,144000
826,824,road,0.134461891,144000
826,825,road,0.142688472,144000
836,825,road,0.831562385,144000
829,826,road,1.558471046,144000
844,827,road,108.0608754,144000
866,827,road,15.64639767,144000
829,828,road,0.562355759,144000
830,828,road,0.566268488,144000
835,828,road,0.437126984,144000
830,829,road,0.006324555,144000
831,830,road,0.166108398,144000
832,830,road,0.018973666,144000
832,831,road,0.161789987,144000
836,831,road,1.659927709,144000
835,832,road,0.283584203,144000
863,833,road,7.160514227,144000
864,834,road,7.24730957,144000
841,835,road,4.322073576,144000
850,836,road,4.608882728,144000
853,837,road,19.82574589,144000
858,837,road,7.237267164,144000
849,838,road,17.11409361,144000
865,838,road,49.04873797,144000
857,839,road,131.7831249,144000
864,839,road,12.22916203,144000
1036,840,road,62.15253665,144000
843,841,road,1.447962707,144000
875,841,road,16.36217651,144000
846,842,road,1.299792291,144000
852,842,road,0.722838848,144000
850,843,road,2.162772295,144000
885,843,road,7.771768653,144000
857,844,road,53.94020096,144000
846,845,road,6.498738955,144000
862,845,road,3.320022289,144000
851,846,road,0.488004098,144000
848,847,road,16.52823427,144000
854,847,road,6.412664033,144000
879,847,road,8.618391729,144000
849,848,road,0.630149189,144000
871,848,road,4.940205664,144000
871,849,road,4.518863574,144000
858,850,road,6.723295918,144000
852,851,road,1.222368193,144000
869,851,road,3.598902055,144000
856,852,road,13.36923543,144000
855,853,road,6.140055049,144000
881,853,road,7.16785184,144000
855,854,road,0.002,144000
879,855,road,5.763178637,144000
859,856,road,1.782414093,144000
872,856,road,11.06426609,144000
900,858,road,8.031398882,144000
860,859,road,0.037947332,144000
861,859,road,0.090906545,144000
861,860,road,0.057201399,144000
863,861,road,6.16666555,144000
869,862,road,3.458723464,144000
876,862,road,3.522985098,144000
865,863,road,5.678327923,144000
923,864,road,10.99821949,144000
1219,864,rail,0.044544921,10000
950,865,rail,4.173236753,10000
867,866,road,2.696501437,144000
878,866,road,4.567878282,144000
870,867,road,1.114576153,144000
873,867,road,1.144447465,144000
870,868,road,1.164302366,144000
899,868,road,7.430895505,144000
874,869,road,0.953150565,144000
873,870,road,0.611208639,144000
976,871,road,24.08372504,144000
877,872,road,3.40834564,144000
878,873,road,1.856398664,144000
876,874,road,3.785023117,144000
887,874,road,2.638212273,144000
882,875,road,14.46748907,144000
904,875,rail,1.407321747,10000
883,876,road,3.680396718,144000
888,876,road,1.754502779,144000
886,877,road,0.97130016,144000
898,878,road,2.792045845,144000
889,879,road,2.502231005,144000
895,879,road,2.628048706,144000
892,880,road,25.4572143,144000
896,880,road,17.39790562,144000
941,880,rail,2.692817901,10000
889,881,road,1.206424469,144000
900,881,road,30.14389398,144000
925,882,road,15.88265079,144000
962,882,road,17.84512662,144000
884,883,road,3.336242797,144000
888,883,road,3.616073008,144000
894,884,road,9.518317709,144000
902,884,road,26.17434049,144000
900,885,road,9.82956235,144000
906,885,road,14.04814877,144000
890,886,road,0.685965014,144000
891,886,road,0.569016696,144000
888,887,road,3.452417704,144000
890,887,road,2.310058874,144000
894,888,road,2.734856486,144000
895,889,road,1.861494024,144000
891,890,road,0.533644076,144000
913,891,road,3.437777189,144000
893,892,road,3.326887434,144000
903,892,rail,0.48218513,10000
916,893,road,2.830327896,144000
918,893,road,4.642757801,144000
913,894,road,5.427568885,144000
956,895,road,13.86735851,144000
897,896,road,2.002207781,144000
905,896,road,4.863377016,144000
924,896,road,5.484996263,144000
899,898,road,6.324728611,144000
1029,898,road,43.67779413,144000
915,899,road,36.20222562,144000
986,900,road,23.11923753,144000
908,901,road,1.183148342,144000
914,901,road,1.928283174,144000
908,902,road,2.517628249,144000
922,902,road,3.448768476,144000
916,903,road,3.863073388,144000
941,903,road,27.43192162,144000
906,904,road,3.125539953,144000
929,904,road,5.010854219,144000
907,905,road,4.387358659,144000
924,905,road,3.608038248,144000
929,906,road,6.491768634,144000
911,907,road,1.501300769,144000
914,908,road,2.251084183,144000
920,908,road,2.193073642,144000
910,909,road,5.624691992,144000
912,909,road,1.588528879,144000
917,909,road,0.600523105,144000
911,910,rail,0.432502601,10000
926,910,road,2.98172165,144000
917,912,road,1.66251015,144000
927,912,road,44.56910114,144000
955,912,road,20.28837164,144000
950,913,road,27.94505216,144000
921,914,rail,0.45979615,10000
927,914,road,26.33308489,144000
919,915,road,4.208130226,144000
918,916,road,3.019531752,144000
930,917,road,7.386631438,144000
919,918,road,57.99814552,144000
1035,919,road,40.95007033,144000
921,920,road,2.448472177,144000
922,920,road,1.211651765,144000
966,921,road,10.83163164,144000
948,922,road,7.087247421,144000
985,923,road,31.6591485,144000
998,923,road,24.69138862,144000
928,924,road,2.997932621,144000
932,924,road,2.147528812,144000
934,925,road,2.522218864,144000
942,925,road,6.033023786,144000
930,926,road,1.143303984,144000
969,927,road,11.23424372,144000
936,928,road,5.30086974,144000
937,928,road,2.227913822,144000
931,929,road,2.116754119,144000
935,929,road,0.978954544,144000
936,930,road,1.412199703,144000
935,931,road,2.092097512,144000
953,931,road,12.21743836,144000
933,932,road,0.004,144000
941,932,road,19.5129189,144000
937,933,road,2.908576284,144000
944,933,road,3.156707145,144000
942,934,road,3.514657878,144000
949,934,road,5.228997609,144000
952,935,road,5.869149853,144000
939,936,road,0.577026862,144000
938,937,rail,0.066897309,10000
940,937,road,0.172244013,144000
939,938,road,5.180125095,144000
940,938,road,0.30030651,144000
943,939,road,2.609371572,144000
944,940,rail,0.692240023,10000
945,940,road,2.324664277,144000
967,941,road,6.983106758,144000
949,942,road,1.715133814,144000
946,943,road,2.113171077,144000
957,943,road,4.590157296,144000
951,944,rail,0.457670733,10000
946,945,road,0.460156495,144000
947,945,road,0.147363496,144000
947,946,road,0.433335897,144000
951,947,road,3.481850083,144000
957,947,road,3.193524699,144000
965,948,road,4.903109218,144000
970,948,road,8.18521643,144000
964,949,road,4.300586007,144000
968,949,road,7.803903895,144000
959,950,rail,1.301065813,10000
967,951,road,19.05960272,144000
954,952,road,0.582549569,144000
961,952,road,1.546497979,144000
961,953,rail,2.454156067,10000
962,953,road,4.436579313,144000
958,954,road,0.892121068,144000
960,954,road,0.519114631,144000
969,955,road,27.62233546,144000
994,955,road,36.29566905,144000
995,956,road,39.90393715,144000
1006,956,road,17.96887988,144000
960,958,road,0.758102895,144000
988,958,road,24.01811733,144000
1016,958,road,29.66988001,144000
976,959,road,50.59753496,144000
1012,959,road,42.34048583,144000
961,960,road,1.262665435,144000
963,962,road,0,144000
968,963,road,5.805847053,144000
974,963,road,6.109685753,144000
971,964,rail,0.901723905,10000
972,964,road,3.198856046,144000
966,965,rail,1.365099722,10000
973,965,road,6.765075314,144000
978,965,road,3.319183635,144000
969,966,rail,6.565849241,10000
984,966,road,6.09760084,144000
1222,967,road,2.838846245,144000
971,968,road,6.218725593,144000
974,968,road,1.988128768,144000
990,969,road,10.23864249,144000
973,970,road,0.689884048,144000
975,970,road,1.081363954,144000
972,971,road,4.023730607,144000
983,971,road,4.321193354,144000
983,972,road,3.323521024,144000
975,973,rail,0.226270855,10000
977,973,road,6.577600778,144000
987,974,road,9.945852,144000
980,975,road,2.412276104,144000
982,975,road,3.791247288,144000
1014,976,road,14.3809531,144000
978,977,road,0.20880613,144000
979,977,road,0.220689828,144000
979,978,road,0.110923397,144000
981,979,road,1.865258159,144000
981,980,road,6.67159771,144000
982,980,road,3.911919222,144000
999,980,road,14.38011641,144000
984,981,road,6.212404687,144000
1008,982,road,18.40085607,144000
987,983,road,3.572778191,144000
997,983,road,8.36763025,144000
989,984,road,15.14586412,144000
1000,984,road,8.660121246,144000
998,985,road,22.49001423,144000
1036,985,road,73.48417933,144000
988,986,road,1.18460964,144000
991,986,road,1.847744571,144000
997,987,road,7.091404656,144000
1001,987,road,7.178118974,144000
991,988,road,2.334424983,144000
990,989,rail,0.865583763,10000
992,989,road,3.564093153,144000
992,990,road,0.451437703,144000
993,991,road,2.069996135,144000
994,992,road,1.244014469,144000
995,993,road,1.804272707,144000
996,993,road,2.443496675,144000
1005,994,road,19.19926884,144000
996,995,road,1.05027425,144000
1019,996,road,41.03346288,144000
1034,997,road,18.80086434,144000
1072,998,road,62.03363994,144000
1000,999,road,1.15406239,144000
1008,999,road,1.816186114,144000
1005,1000,road,0.631990506,144000
1002,1001,road,0.309690168,144000
1004,1001,road,0.425751101,144000
1004,1002,road,0.267589237,144000
1016,1002,road,2.174913332,144000
1009,1003,road,1.2500256,144000
1016,1004,road,2.009084369,144000
1008,1005,road,1.190745985,144000
1015,1006,road,0.909509758,144000
1017,1006,road,1.985950654,144000
1014,1007,road,4.244288397,144000
1022,1007,rail,5.896358622,10000
1024,1007,road,3.510022792,144000
1010,1009,road,0.03544009,144000
1011,1009,road,0.063780875,144000
1011,1010,road,0.053851648,144000
1020,1010,road,24.96416544,144000
1013,1011,road,2.207951086,144000
1014,1012,road,6.343392152,144000
1026,1012,road,6.257994887,144000
1039,1013,road,37.62839524,144000
1021,1014,road,1.575737288,144000
1017,1015,road,1.877148902,144000
1018,1015,road,0.914839877,144000
1022,1015,road,2.67792457,144000
1019,1017,road,0.626817358,144000
1019,1018,road,2.20620398,144000
1022,1018,road,2.049672169,144000
1023,1018,road,1.417595147,144000
1023,1019,road,1.508015915,144000
1028,1020,road,8.62890584,144000
1024,1021,road,1.183959459,144000
1026,1021,road,1.830348601,144000
1040,1023,road,18.50034994,144000
1026,1024,road,2.564021841,144000
1027,1025,road,17.31495377,144000
1062,1025,road,45.94224901,144000
1083,1027,road,58.4198494,144000
1030,1028,road,0.191133461,144000
1032,1029,road,3.177020617,144000
1033,1029,road,2.566000779,144000
1031,1030,road,0.142618372,144000
1037,1030,road,21.33771169,144000
1039,1031,road,10.73458709,144000
1033,1032,road,1.594521872,144000
1035,1032,road,67.41163846,144000
1042,1033,road,127.9943531,144000
1075,1033,road,64.7094072,144000
1037,1035,road,57.91857875,144000
1047,1035,road,21.07349321,144000
1070,1036,road,61.56704606,144000
1038,1037,road,1.348958116,144000
1039,1038,road,19.50875824,144000
1051,1038,road,52.62230177,144000
1041,1040,road,1.761105335,144000
1099,1041,road,2.145644891,144000
1045,1042,road,70.96359145,144000
1044,1043,road,0.321179078,144000
1046,1043,road,0.279291962,144000
1046,1044,road,0.272470182,144000
1082,1044,road,46.42653172,144000
1071,1045,road,44.87289231,144000
1050,1046,road,0.600563069,144000
1048,1047,road,2.522386172,144000
1049,1047,road,3.740077005,144000
1049,1048,road,3.064065273,144000
1054,1048,road,2.160492536,144000
1055,1048,road,3.904008709,144000
1051,1049,road,4.096855868,144000
1052,1049,road,1.94627439,144000
1084,1050,road,32.8531176,144000
1053,1051,road,2.719489658,144000
1058,1051,road,2.80400428,144000
1053,1052,road,0.145835524,144000
1054,1052,road,3.338610489,144000
1057,1053,road,1.658654877,144000
1056,1054,road,0.43922204,144000
1059,1054,road,2.611249509,144000
1056,1055,road,3.457020683,144000
1061,1055,road,2.423037763,144000
1060,1056,road,1.888343189,144000
1058,1057,road,0.32159602,144000
1059,1057,road,2.133621335,144000
1059,1058,road,2.432688225,144000
1060,1059,road,2.00052893,144000
1061,1060,road,3.146427816,144000
1075,1061,road,76.52332256,144000
1063,1062,rail,0.794897006,10000
1065,1062,road,5.077109414,144000
1064,1063,road,0.468772866,144000
1067,1063,road,0.907894267,144000
1065,1064,road,2.019578174,144000
1067,1064,road,0.541793319,144000
1066,1065,road,0.365600875,144000
1068,1065,road,0.34525353,144000
1068,1066,road,0.167044904,144000
1070,1066,road,63.39617156,144000
1069,1067,rail,0.885803167,10000
1069,1068,road,3.954592267,144000
1073,1069,road,8.869309105,144000
1076,1070,road,32.42560106,144000
1072,1071,road,84.7498471,144000
1075,1071,road,232.061171,144000
1076,1072,road,158.7417994,144000
1077,1073,road,18.29996896,144000
1083,1073,road,19.46821789,144000
1086,1074,road,7.723860434,144000
1087,1074,road,9.1779562,144000
1090,1074,road,37.71856779,144000
1081,1076,road,37.88908888,144000
1078,1077,rail,1.637187909,10000
1083,1077,road,25.14982632,144000
1079,1078,road,2.29186038,144000
1181,1078,road,0.826021791,144000
1080,1079,road,1.567235783,144000
1187,1079,road,0.192924856,144000
1081,1080,road,1.513208512,144000
1203,1081,road,0.510971623,144000
1103,1082,road,35.31835783,144000
1110,1082,road,43.33122592,144000
1085,1084,road,0.720449859,144000
1088,1085,road,5.666926151,144000
1087,1086,road,2.624061737,144000
1089,1086,rail,1.050877015,10000
1089,1087,road,3.560014045,144000
1092,1087,road,19.9751846,144000
1104,1088,road,27.11070822,144000
1097,1089,rail,3.792262913,10000
1092,1090,road,12.65137795,144000
1100,1090,road,15.72410951,144000
1184,1091,rail,0.021662179,10000
1097,1092,road,14.92694597,144000
1100,1092,rail,3.864272053,10000
1186,1093,road,0.119012604,144000
1095,1094,road,0.618158556,144000
1206,1099,road,0.240532742,144000
1104,1103,road,3.858238458,144000
1122,1103,road,2.508890591,144000
1125,1103,road,1.807701303,144000
1115,1104,road,1.810831853,144000
1148,1104,rail,0.547534702,10000
1125,1110,road,44.76357845,144000
1122,1115,road,0.660302961,144000
1148,1115,road,1.942753716,144000
1151,1115,road,0.876002283,144000
1125,1122,road,2.76610412,144000
1140,1122,road,0.686279826,144000
1169,1125,road,2.893928817,144000
1151,1140,road,0.493258553,144000
1169,1140,road,1.742871194,144000
1154,1148,road,0.806320036,144000
1154,1151,road,1.612282854,144000
1177,1169,road,1.066742706,144000
1209,1208,road,1.107676848,144000
666,1209,road,1.342359117,144000
421,1210,rail,2.247431534,10000
1210,1211,rail,0.225606405,10000
596,1212,road,6.474617827,144000
1213,1212,road,0.290688837,144000
172,1214,road,4.098470446,144000
193,1214,road,15.93356771,144000
470,1216,road,22.44210195,144000
1218,1216,road,1.732443361,144000
864,1217,road,1.072800075,144000
310,1221,road,0.347908034,144000
1227,1226,road,2.969865317,144000
