Wed Aug 26 17:27:25 2026       
+-----------------------------------------------------------------------------------------+
| NVIDIA-SMI 595.58.03              Driver Version: 595.58.03      CUDA Version: 13.2     |
+-----------------------------------------+------------------------+----------------------+
| GPU  Name                 Persistence-M | Bus-Id          Disp.A | Volatile Uncorr. ECC |
| Fan  Temp   Perf          Pwr:Usage/Cap |           Memory-Usage | GPU-Util  Compute M. |
|                                         |                        |               MIG M. |
|=========================================+========================+======================|
|   0  NVIDIA A40                     On  |   00000000:03:00.0 Off |                    0 |
|  0%   29C    P8             22W /  300W |       0MiB /  46068MiB |      0%      Default |
|                                         |                        |                  N/A |
+-----------------------------------------+------------------------+----------------------+

+-----------------------------------------------------------------------------------------+
| Processes:                                                                              |
|  GPU   GI   CI              PID   Type   Process name                        GPU Memory |
|        ID   ID                                                               Usage      |
|=========================================================================================|
|  No running processes found                                                             |
+-----------------------------------------------------------------------------------------+

Loaded 560 pre-generated evaluation graphs from evaluation_graphs/shortest_path_ood_size_graphs.pkl.

Evaluating attack limit K=1
K=1, n=100, m=200, rep=0 | Opt=57.00 | Pred=50.00 | Gap=0.1228 | Hamming=2 | Exact=0
K=1, n=100, m=200, rep=1 | Opt=18.00 | Pred=14.00 | Gap=0.2222 | Hamming=2 | Exact=0
K=1, n=100, m=200, rep=2 | Opt=35.00 | Pred=34.00 | Gap=0.0286 | Hamming=2 | Exact=0
K=1, n=100, m=200, rep=3 | Opt=38.00 | Pred=29.00 | Gap=0.2368 | Hamming=2 | Exact=0
K=1, n=100, m=200, rep=4 | Opt=28.00 | Pred=28.00 | Gap=0.0000 | Hamming=0 | Exact=1
K=1, n=100, m=200, rep=5 | Opt=34.00 | Pred=25.00 | Gap=0.2647 | Hamming=2 | Exact=0
K=1, n=100, m=200, rep=6 | Opt=33.00 | Pred=32.00 | Gap=0.0303 | Hamming=2 | Exact=0
K=1, n=100, m=200, rep=7 | Opt=19.00 | Pred=18.00 | Gap=0.0526 | Hamming=2 | Exact=0
K=1, n=100, m=200, rep=8 | Opt=47.00 | Pred=39.00 | Gap=0.1702 | Hamming=2 | Exact=0
K=1, n=100, m=200, rep=9 | Opt=29.00 | Pred=21.00 | Gap=0.2759 | Hamming=2 | Exact=0
K=1, n=100, m=200, rep=10 | Opt=21.00 | Pred=21.00 | Gap=0.0000 | Hamming=0 | Exact=1
K=1, n=100, m=200, rep=11 | Opt=41.00 | Pred=37.00 | Gap=0.0976 | Hamming=2 | Exact=0
K=1, n=100, m=200, rep=12 | Opt=40.00 | Pred=30.00 | Gap=0.2500 | Hamming=2 | Exact=0
K=1, n=100, m=200, rep=13 | Opt=40.00 | Pred=40.00 | Gap=0.0000 | Hamming=0 | Exact=1
K=1, n=100, m=200, rep=14 | Opt=31.00 | Pred=25.00 | Gap=0.1935 | Hamming=2 | Exact=0
K=1, n=100, m=200, rep=15 | Opt=52.00 | Pred=52.00 | Gap=0.0000 | Hamming=2 | Exact=0
K=1, n=100, m=200, rep=16 | Opt=20.00 | Pred=17.00 | Gap=0.1500 | Hamming=2 | Exact=0
K=1, n=100, m=200, rep=17 | Opt=5.00 | Pred=5.00 | Gap=0.0000 | Hamming=0 | Exact=1
K=1, n=100, m=200, rep=18 | Opt=17.00 | Pred=14.00 | Gap=0.1765 | Hamming=2 | Exact=0
K=1, n=100, m=200, rep=19 | Opt=40.00 | Pred=36.00 | Gap=0.1000 | Hamming=2 | Exact=0
K=1, n=100, m=250, rep=0 | Opt=13.00 | Pred=13.00 | Gap=0.0000 | Hamming=0 | Exact=1
K=1, n=100, m=250, rep=1 | Opt=33.00 | Pred=31.00 | Gap=0.0606 | Hamming=2 | Exact=0
K=1, n=100, m=250, rep=2 | Opt=22.00 | Pred=20.00 | Gap=0.0909 | Hamming=2 | Exact=0
K=1, n=100, m=250, rep=3 | Opt=20.00 | Pred=20.00 | Gap=0.0000 | Hamming=2 | Exact=0
K=1, n=100, m=250, rep=4 | Opt=34.00 | Pred=27.00 | Gap=0.2059 | Hamming=2 | Exact=0
K=1, n=100, m=250, rep=5 | Opt=26.00 | Pred=26.00 | Gap=0.0000 | Hamming=2 | Exact=0
K=1, n=100, m=250, rep=6 | Opt=15.00 | Pred=15.00 | Gap=0.0000 | Hamming=0 | Exact=1
K=1, n=100, m=250, rep=7 | Opt=11.00 | Pred=8.00 | Gap=0.2727 | Hamming=2 | Exact=0
K=1, n=100, m=250, rep=8 | Opt=22.00 | Pred=20.00 | Gap=0.0909 | Hamming=2 | Exact=0
K=1, n=100, m=250, rep=9 | Opt=29.00 | Pred=27.00 | Gap=0.0690 | Hamming=2 | Exact=0
K=1, n=100, m=250, rep=10 | Opt=24.00 | Pred=24.00 | Gap=0.0000 | Hamming=2 | Exact=0
K=1, n=100, m=250, rep=11 | Opt=14.00 | Pred=9.00 | Gap=0.3571 | Hamming=2 | Exact=0
K=1, n=100, m=250, rep=12 | Opt=38.00 | Pred=38.00 | Gap=0.0000 | Hamming=0 | Exact=1
K=1, n=100, m=250, rep=13 | Opt=30.00 | Pred=30.00 | Gap=0.0000 | Hamming=0 | Exact=1
K=1, n=100, m=250, rep=14 | Opt=45.00 | Pred=41.00 | Gap=0.0889 | Hamming=2 | Exact=0
K=1, n=100, m=250, rep=15 | Opt=24.00 | Pred=24.00 | Gap=0.0000 | Hamming=2 | Exact=0
K=1, n=100, m=250, rep=16 | Opt=20.00 | Pred=17.00 | Gap=0.1500 | Hamming=2 | Exact=0
K=1, n=100, m=250, rep=17 | Opt=43.00 | Pred=38.00 | Gap=0.1163 | Hamming=2 | Exact=0
K=1, n=100, m=250, rep=18 | Opt=36.00 | Pred=27.00 | Gap=0.2500 | Hamming=2 | Exact=0
K=1, n=100, m=250, rep=19 | Opt=31.00 | Pred=31.00 | Gap=0.0000 | Hamming=0 | Exact=1
K=1, n=100, m=300, rep=0 | Opt=22.00 | Pred=17.00 | Gap=0.2273 | Hamming=2 | Exact=0
K=1, n=100, m=300, rep=1 | Opt=24.00 | Pred=18.00 | Gap=0.2500 | Hamming=2 | Exact=0
K=1, n=100, m=300, rep=2 | Opt=31.00 | Pred=25.00 | Gap=0.1935 | Hamming=2 | Exact=0
K=1, n=100, m=300, rep=3 | Opt=19.00 | Pred=15.00 | Gap=0.2105 | Hamming=2 | Exact=0
K=1, n=100, m=300, rep=4 | Opt=50.00 | Pred=49.00 | Gap=0.0200 | Hamming=2 | Exact=0
K=1, n=100, m=300, rep=5 | Opt=23.00 | Pred=17.00 | Gap=0.2609 | Hamming=2 | Exact=0
K=1, n=100, m=300, rep=6 | Opt=18.00 | Pred=18.00 | Gap=0.0000 | Hamming=0 | Exact=1
K=1, n=100, m=300, rep=7 | Opt=26.00 | Pred=20.00 | Gap=0.2308 | Hamming=2 | Exact=0
K=1, n=100, m=300, rep=8 | Opt=17.00 | Pred=17.00 | Gap=0.0000 | Hamming=0 | Exact=1
K=1, n=100, m=300, rep=9 | Opt=40.00 | Pred=40.00 | Gap=0.0000 | Hamming=2 | Exact=0
K=1, n=100, m=300, rep=10 | Opt=21.00 | Pred=21.00 | Gap=0.0000 | Hamming=2 | Exact=0
K=1, n=100, m=300, rep=11 | Opt=31.00 | Pred=31.00 | Gap=0.0000 | Hamming=0 | Exact=1
K=1, n=100, m=300, rep=12 | Opt=25.00 | Pred=25.00 | Gap=0.0000 | Hamming=2 | Exact=0
K=1, n=100, m=300, rep=13 | Opt=51.00 | Pred=47.00 | Gap=0.0784 | Hamming=2 | Exact=0
K=1, n=100, m=300, rep=14 | Opt=18.00 | Pred=14.00 | Gap=0.2222 | Hamming=2 | Exact=0
K=1, n=100, m=300, rep=15 | Opt=16.00 | Pred=8.00 | Gap=0.5000 | Hamming=2 | Exact=0
K=1, n=100, m=300, rep=16 | Opt=27.00 | Pred=25.00 | Gap=0.0741 | Hamming=2 | Exact=0
K=1, n=100, m=300, rep=17 | Opt=24.00 | Pred=19.00 | Gap=0.2083 | Hamming=2 | Exact=0
K=1, n=100, m=300, rep=18 | Opt=20.00 | Pred=12.00 | Gap=0.4000 | Hamming=2 | Exact=0
K=1, n=100, m=300, rep=19 | Opt=19.00 | Pred=19.00 | Gap=0.0000 | Hamming=0 | Exact=1
K=1, n=100, m=400, rep=0 | Opt=22.00 | Pred=16.00 | Gap=0.2727 | Hamming=2 | Exact=0
K=1, n=100, m=400, rep=1 | Opt=15.00 | Pred=15.00 | Gap=0.0000 | Hamming=2 | Exact=0
K=1, n=100, m=400, rep=2 | Opt=19.00 | Pred=16.00 | Gap=0.1579 | Hamming=2 | Exact=0
K=1, n=100, m=400, rep=3 | Opt=18.00 | Pred=18.00 | Gap=0.0000 | Hamming=0 | Exact=1
K=1, n=100, m=400, rep=4 | Opt=17.00 | Pred=12.00 | Gap=0.2941 | Hamming=2 | Exact=0
K=1, n=100, m=400, rep=5 | Opt=29.00 | Pred=29.00 | Gap=0.0000 | Hamming=0 | Exact=1
K=1, n=100, m=400, rep=6 | Opt=23.00 | Pred=20.00 | Gap=0.1304 | Hamming=2 | Exact=0
K=1, n=100, m=400, rep=7 | Opt=21.00 | Pred=20.00 | Gap=0.0476 | Hamming=2 | Exact=0
K=1, n=100, m=400, rep=8 | Opt=26.00 | Pred=24.00 | Gap=0.0769 | Hamming=2 | Exact=0
K=1, n=100, m=400, rep=9 | Opt=17.00 | Pred=10.00 | Gap=0.4118 | Hamming=2 | Exact=0
K=1, n=100, m=400, rep=10 | Opt=34.00 | Pred=31.00 | Gap=0.0882 | Hamming=2 | Exact=0
K=1, n=100, m=400, rep=11 | Opt=10.00 | Pred=8.00 | Gap=0.2000 | Hamming=2 | Exact=0
K=1, n=100, m=400, rep=12 | Opt=19.00 | Pred=19.00 | Gap=0.0000 | Hamming=0 | Exact=1
K=1, n=100, m=400, rep=13 | Opt=18.00 | Pred=18.00 | Gap=0.0000 | Hamming=0 | Exact=1
K=1, n=100, m=400, rep=14 | Opt=20.00 | Pred=18.00 | Gap=0.1000 | Hamming=2 | Exact=0
K=1, n=100, m=400, rep=15 | Opt=19.00 | Pred=11.00 | Gap=0.4211 | Hamming=2 | Exact=0
K=1, n=100, m=400, rep=16 | Opt=22.00 | Pred=20.00 | Gap=0.0909 | Hamming=2 | Exact=0
K=1, n=100, m=400, rep=17 | Opt=20.00 | Pred=20.00 | Gap=0.0000 | Hamming=0 | Exact=1
K=1, n=100, m=400, rep=18 | Opt=28.00 | Pred=28.00 | Gap=0.0000 | Hamming=0 | Exact=1
K=1, n=100, m=400, rep=19 | Opt=24.00 | Pred=23.00 | Gap=0.0417 | Hamming=2 | Exact=0
K=1, n=100, m=500, rep=0 | Opt=15.00 | Pred=13.00 | Gap=0.1333 | Hamming=2 | Exact=0
K=1, n=100, m=500, rep=1 | Opt=17.00 | Pred=17.00 | Gap=0.0000 | Hamming=2 | Exact=0
K=1, n=100, m=500, rep=2 | Opt=11.00 | Pred=11.00 | Gap=0.0000 | Hamming=0 | Exact=1
K=1, n=100, m=500, rep=3 | Opt=18.00 | Pred=16.00 | Gap=0.1111 | Hamming=2 | Exact=0
K=1, n=100, m=500, rep=4 | Opt=14.00 | Pred=14.00 | Gap=0.0000 | Hamming=0 | Exact=1
K=1, n=100, m=500, rep=5 | Opt=21.00 | Pred=17.00 | Gap=0.1905 | Hamming=2 | Exact=0
K=1, n=100, m=500, rep=6 | Opt=12.00 | Pred=9.00 | Gap=0.2500 | Hamming=2 | Exact=0
K=1, n=100, m=500, rep=7 | Opt=17.00 | Pred=17.00 | Gap=0.0000 | Hamming=0 | Exact=1
K=1, n=100, m=500, rep=8 | Opt=18.00 | Pred=18.00 | Gap=0.0000 | Hamming=1 | Exact=0
K=1, n=100, m=500, rep=9 | Opt=18.00 | Pred=16.00 | Gap=0.1111 | Hamming=2 | Exact=0
K=1, n=100, m=500, rep=10 | Opt=20.00 | Pred=20.00 | Gap=0.0000 | Hamming=2 | Exact=0
K=1, n=100, m=500, rep=11 | Opt=10.00 | Pred=8.00 | Gap=0.2000 | Hamming=2 | Exact=0
K=1, n=100, m=500, rep=12 | Opt=10.00 | Pred=10.00 | Gap=0.0000 | Hamming=1 | Exact=0
K=1, n=100, m=500, rep=13 | Opt=14.00 | Pred=14.00 | Gap=0.0000 | Hamming=0 | Exact=1
K=1, n=100, m=500, rep=14 | Opt=14.00 | Pred=14.00 | Gap=0.0000 | Hamming=0 | Exact=1
K=1, n=100, m=500, rep=15 | Opt=12.00 | Pred=11.00 | Gap=0.0833 | Hamming=2 | Exact=0
K=1, n=100, m=500, rep=16 | Opt=17.00 | Pred=16.00 | Gap=0.0588 | Hamming=2 | Exact=0
K=1, n=100, m=500, rep=17 | Opt=14.00 | Pred=14.00 | Gap=0.0000 | Hamming=0 | Exact=1
K=1, n=100, m=500, rep=18 | Opt=22.00 | Pred=20.00 | Gap=0.0909 | Hamming=2 | Exact=0
K=1, n=100, m=500, rep=19 | Opt=13.00 | Pred=6.00 | Gap=0.5385 | Hamming=2 | Exact=0
K=1, n=100, m=600, rep=0 | Opt=9.00 | Pred=9.00 | Gap=0.0000 | Hamming=2 | Exact=0
K=1, n=100, m=600, rep=1 | Opt=20.00 | Pred=15.00 | Gap=0.2500 | Hamming=2 | Exact=0
K=1, n=100, m=600, rep=2 | Opt=9.00 | Pred=9.00 | Gap=0.0000 | Hamming=0 | Exact=1
K=1, n=100, m=600, rep=3 | Opt=22.00 | Pred=22.00 | Gap=0.0000 | Hamming=0 | Exact=1
K=1, n=100, m=600, rep=4 | Opt=18.00 | Pred=18.00 | Gap=0.0000 | Hamming=0 | Exact=1
K=1, n=100, m=600, rep=5 | Opt=15.00 | Pred=15.00 | Gap=0.0000 | Hamming=0 | Exact=1
K=1, n=100, m=600, rep=6 | Opt=15.00 | Pred=15.00 | Gap=0.0000 | Hamming=0 | Exact=1
K=1, n=100, m=600, rep=7 | Opt=14.00 | Pred=11.00 | Gap=0.2143 | Hamming=2 | Exact=0
K=1, n=100, m=600, rep=8 | Opt=17.00 | Pred=17.00 | Gap=0.0000 | Hamming=0 | Exact=1
K=1, n=100, m=600, rep=9 | Opt=12.00 | Pred=8.00 | Gap=0.3333 | Hamming=2 | Exact=0
K=1, n=100, m=600, rep=10 | Opt=9.00 | Pred=9.00 | Gap=0.0000 | Hamming=0 | Exact=1
K=1, n=100, m=600, rep=11 | Opt=3.00 | Pred=3.00 | Gap=0.0000 | Hamming=0 | Exact=1
K=1, n=100, m=600, rep=12 | Opt=13.00 | Pred=11.00 | Gap=0.1538 | Hamming=2 | Exact=0
K=1, n=100, m=600, rep=13 | Opt=19.00 | Pred=19.00 | Gap=0.0000 | Hamming=0 | Exact=1
K=1, n=100, m=600, rep=14 | Opt=13.00 | Pred=13.00 | Gap=0.0000 | Hamming=0 | Exact=1
K=1, n=100, m=600, rep=15 | Opt=22.00 | Pred=20.00 | Gap=0.0909 | Hamming=2 | Exact=0
K=1, n=100, m=600, rep=16 | Opt=14.00 | Pred=12.00 | Gap=0.1429 | Hamming=2 | Exact=0
K=1, n=100, m=600, rep=17 | Opt=18.00 | Pred=18.00 | Gap=0.0000 | Hamming=0 | Exact=1
K=1, n=100, m=600, rep=18 | Opt=18.00 | Pred=18.00 | Gap=0.0000 | Hamming=0 | Exact=1
K=1, n=100, m=600, rep=19 | Opt=17.00 | Pred=12.00 | Gap=0.2941 | Hamming=2 | Exact=0
K=1, n=100, m=800, rep=0 | Opt=8.00 | Pred=8.00 | Gap=0.0000 | Hamming=0 | Exact=1
K=1, n=100, m=800, rep=1 | Opt=8.00 | Pred=8.00 | Gap=0.0000 | Hamming=0 | Exact=1
K=1, n=100, m=800, rep=2 | Opt=11.00 | Pred=10.00 | Gap=0.0909 | Hamming=2 | Exact=0
K=1, n=100, m=800, rep=3 | Opt=14.00 | Pred=14.00 | Gap=0.0000 | Hamming=0 | Exact=1
K=1, n=100, m=800, rep=4 | Opt=9.00 | Pred=8.00 | Gap=0.1111 | Hamming=2 | Exact=0
K=1, n=100, m=800, rep=5 | Opt=8.00 | Pred=5.00 | Gap=0.3750 | Hamming=2 | Exact=0
K=1, n=100, m=800, rep=6 | Opt=16.00 | Pred=16.00 | Gap=0.0000 | Hamming=0 | Exact=1
K=1, n=100, m=800, rep=7 | Opt=8.00 | Pred=7.00 | Gap=0.1250 | Hamming=2 | Exact=0
K=1, n=100, m=800, rep=8 | Opt=12.00 | Pred=10.00 | Gap=0.1667 | Hamming=2 | Exact=0
K=1, n=100, m=800, rep=9 | Opt=9.00 | Pred=6.00 | Gap=0.3333 | Hamming=2 | Exact=0
K=1, n=100, m=800, rep=10 | Opt=9.00 | Pred=4.00 | Gap=0.5556 | Hamming=2 | Exact=0
K=1, n=100, m=800, rep=11 | Opt=8.00 | Pred=8.00 | Gap=0.0000 | Hamming=0 | Exact=1
K=1, n=100, m=800, rep=12 | Opt=11.00 | Pred=6.00 | Gap=0.4545 | Hamming=2 | Exact=0
K=1, n=100, m=800, rep=13 | Opt=11.00 | Pred=11.00 | Gap=0.0000 | Hamming=0 | Exact=1
K=1, n=100, m=800, rep=14 | Opt=8.00 | Pred=7.00 | Gap=0.1250 | Hamming=2 | Exact=0
K=1, n=100, m=800, rep=15 | Opt=20.00 | Pred=20.00 | Gap=0.0000 | Hamming=2 | Exact=0
K=1, n=100, m=800, rep=16 | Opt=8.00 | Pred=8.00 | Gap=0.0000 | Hamming=0 | Exact=1
K=1, n=100, m=800, rep=17 | Opt=12.00 | Pred=12.00 | Gap=0.0000 | Hamming=0 | Exact=1
K=1, n=100, m=800, rep=18 | Opt=17.00 | Pred=14.00 | Gap=0.1765 | Hamming=2 | Exact=0
K=1, n=100, m=800, rep=19 | Opt=9.00 | Pred=9.00 | Gap=0.0000 | Hamming=0 | Exact=1
K=1, n=200, m=400, rep=0 | Opt=34.00 | Pred=33.00 | Gap=0.0294 | Hamming=2 | Exact=0
K=1, n=200, m=400, rep=1 | Opt=43.00 | Pred=37.00 | Gap=0.1395 | Hamming=2 | Exact=0
K=1, n=200, m=400, rep=2 | Opt=43.00 | Pred=42.00 | Gap=0.0233 | Hamming=2 | Exact=0
K=1, n=200, m=400, rep=3 | Opt=45.00 | Pred=35.00 | Gap=0.2222 | Hamming=2 | Exact=0
K=1, n=200, m=400, rep=4 | Opt=52.00 | Pred=46.00 | Gap=0.1154 | Hamming=2 | Exact=0
K=1, n=200, m=400, rep=5 | Opt=62.00 | Pred=57.00 | Gap=0.0806 | Hamming=2 | Exact=0
K=1, n=200, m=400, rep=6 | Opt=75.00 | Pred=73.00 | Gap=0.0267 | Hamming=2 | Exact=0
K=1, n=200, m=400, rep=7 | Opt=75.00 | Pred=68.00 | Gap=0.0933 | Hamming=2 | Exact=0
K=1, n=200, m=400, rep=8 | Opt=41.00 | Pred=40.00 | Gap=0.0244 | Hamming=2 | Exact=0
K=1, n=200, m=400, rep=9 | Opt=58.00 | Pred=58.00 | Gap=0.0000 | Hamming=0 | Exact=1
K=1, n=200, m=400, rep=10 | Opt=17.00 | Pred=9.00 | Gap=0.4706 | Hamming=2 | Exact=0
K=1, n=200, m=400, rep=11 | Opt=41.00 | Pred=41.00 | Gap=0.0000 | Hamming=0 | Exact=1
K=1, n=200, m=400, rep=12 | Opt=45.00 | Pred=42.00 | Gap=0.0667 | Hamming=2 | Exact=0
K=1, n=200, m=400, rep=13 | Opt=50.00 | Pred=50.00 | Gap=0.0000 | Hamming=2 | Exact=0
K=1, n=200, m=400, rep=14 | Opt=76.00 | Pred=67.00 | Gap=0.1184 | Hamming=2 | Exact=0
K=1, n=200, m=400, rep=15 | Opt=69.00 | Pred=63.00 | Gap=0.0870 | Hamming=2 | Exact=0
K=1, n=200, m=400, rep=16 | Opt=54.00 | Pred=52.00 | Gap=0.0370 | Hamming=2 | Exact=0
K=1, n=200, m=400, rep=17 | Opt=46.00 | Pred=38.00 | Gap=0.1739 | Hamming=2 | Exact=0
K=1, n=200, m=400, rep=18 | Opt=80.00 | Pred=76.00 | Gap=0.0500 | Hamming=2 | Exact=0
K=1, n=200, m=400, rep=19 | Opt=61.00 | Pred=57.00 | Gap=0.0656 | Hamming=2 | Exact=0
K=1, n=200, m=500, rep=0 | Opt=33.00 | Pred=33.00 | Gap=0.0000 | Hamming=0 | Exact=1
K=1, n=200, m=500, rep=1 | Opt=31.00 | Pred=26.00 | Gap=0.1613 | Hamming=2 | Exact=0
K=1, n=200, m=500, rep=2 | Opt=41.00 | Pred=39.00 | Gap=0.0488 | Hamming=2 | Exact=0
K=1, n=200, m=500, rep=3 | Opt=27.00 | Pred=27.00 | Gap=0.0000 | Hamming=0 | Exact=1
K=1, n=200, m=500, rep=4 | Opt=37.00 | Pred=32.00 | Gap=0.1351 | Hamming=2 | Exact=0
K=1, n=200, m=500, rep=5 | Opt=22.00 | Pred=15.00 | Gap=0.3182 | Hamming=2 | Exact=0
K=1, n=200, m=500, rep=6 | Opt=30.00 | Pred=26.00 | Gap=0.1333 | Hamming=2 | Exact=0
K=1, n=200, m=500, rep=7 | Opt=33.00 | Pred=31.00 | Gap=0.0606 | Hamming=2 | Exact=0
K=1, n=200, m=500, rep=8 | Opt=28.00 | Pred=25.00 | Gap=0.1071 | Hamming=2 | Exact=0
K=1, n=200, m=500, rep=9 | Opt=31.00 | Pred=24.00 | Gap=0.2258 | Hamming=2 | Exact=0
K=1, n=200, m=500, rep=10 | Opt=24.00 | Pred=23.00 | Gap=0.0417 | Hamming=2 | Exact=0
K=1, n=200, m=500, rep=11 | Opt=45.00 | Pred=45.00 | Gap=0.0000 | Hamming=0 | Exact=1
K=1, n=200, m=500, rep=12 | Opt=26.00 | Pred=19.00 | Gap=0.2692 | Hamming=2 | Exact=0
K=1, n=200, m=500, rep=13 | Opt=19.00 | Pred=17.00 | Gap=0.1053 | Hamming=2 | Exact=0
K=1, n=200, m=500, rep=14 | Opt=38.00 | Pred=35.00 | Gap=0.0789 | Hamming=2 | Exact=0
K=1, n=200, m=500, rep=15 | Opt=32.00 | Pred=31.00 | Gap=0.0312 | Hamming=2 | Exact=0
K=1, n=200, m=500, rep=16 | Opt=34.00 | Pred=28.00 | Gap=0.1765 | Hamming=2 | Exact=0
K=1, n=200, m=500, rep=17 | Opt=29.00 | Pred=29.00 | Gap=0.0000 | Hamming=0 | Exact=1
K=1, n=200, m=500, rep=18 | Opt=33.00 | Pred=33.00 | Gap=0.0000 | Hamming=0 | Exact=1
K=1, n=200, m=500, rep=19 | Opt=51.00 | Pred=51.00 | Gap=0.0000 | Hamming=0 | Exact=1
K=1, n=200, m=600, rep=0 | Opt=27.00 | Pred=23.00 | Gap=0.1481 | Hamming=2 | Exact=0
K=1, n=200, m=600, rep=1 | Opt=27.00 | Pred=21.00 | Gap=0.2222 | Hamming=2 | Exact=0
K=1, n=200, m=600, rep=2 | Opt=29.00 | Pred=24.00 | Gap=0.1724 | Hamming=2 | Exact=0
K=1, n=200, m=600, rep=3 | Opt=24.00 | Pred=24.00 | Gap=0.0000 | Hamming=2 | Exact=0
K=1, n=200, m=600, rep=4 | Opt=21.00 | Pred=14.00 | Gap=0.3333 | Hamming=2 | Exact=0
K=1, n=200, m=600, rep=5 | Opt=27.00 | Pred=23.00 | Gap=0.1481 | Hamming=2 | Exact=0
K=1, n=200, m=600, rep=6 | Opt=21.00 | Pred=17.00 | Gap=0.1905 | Hamming=2 | Exact=0
K=1, n=200, m=600, rep=7 | Opt=21.00 | Pred=19.00 | Gap=0.0952 | Hamming=2 | Exact=0
K=1, n=200, m=600, rep=8 | Opt=31.00 | Pred=28.00 | Gap=0.0968 | Hamming=2 | Exact=0
K=1, n=200, m=600, rep=9 | Opt=31.00 | Pred=26.00 | Gap=0.1613 | Hamming=2 | Exact=0
K=1, n=200, m=600, rep=10 | Opt=25.00 | Pred=18.00 | Gap=0.2800 | Hamming=2 | Exact=0
K=1, n=200, m=600, rep=11 | Opt=29.00 | Pred=26.00 | Gap=0.1034 | Hamming=2 | Exact=0
K=1, n=200, m=600, rep=12 | Opt=34.00 | Pred=34.00 | Gap=0.0000 | Hamming=0 | Exact=1
K=1, n=200, m=600, rep=13 | Opt=21.00 | Pred=21.00 | Gap=0.0000 | Hamming=2 | Exact=0
K=1, n=200, m=600, rep=14 | Opt=37.00 | Pred=37.00 | Gap=0.0000 | Hamming=0 | Exact=1
K=1, n=200, m=600, rep=15 | Opt=35.00 | Pred=30.00 | Gap=0.1429 | Hamming=2 | Exact=0
K=1, n=200, m=600, rep=16 | Opt=15.00 | Pred=14.00 | Gap=0.0667 | Hamming=2 | Exact=0
K=1, n=200, m=600, rep=17 | Opt=28.00 | Pred=28.00 | Gap=0.0000 | Hamming=0 | Exact=1
K=1, n=200, m=600, rep=18 | Opt=33.00 | Pred=29.00 | Gap=0.1212 | Hamming=2 | Exact=0
K=1, n=200, m=600, rep=19 | Opt=23.00 | Pred=21.00 | Gap=0.0870 | Hamming=2 | Exact=0
K=1, n=200, m=800, rep=0 | Opt=13.00 | Pred=7.00 | Gap=0.4615 | Hamming=2 | Exact=0
K=1, n=200, m=800, rep=1 | Opt=24.00 | Pred=24.00 | Gap=0.0000 | Hamming=0 | Exact=1
K=1, n=200, m=800, rep=2 | Opt=23.00 | Pred=20.00 | Gap=0.1304 | Hamming=2 | Exact=0
K=1, n=200, m=800, rep=3 | Opt=21.00 | Pred=19.00 | Gap=0.0952 | Hamming=2 | Exact=0
K=1, n=200, m=800, rep=4 | Opt=28.00 | Pred=26.00 | Gap=0.0714 | Hamming=2 | Exact=0
K=1, n=200, m=800, rep=5 | Opt=17.00 | Pred=16.00 | Gap=0.0588 | Hamming=2 | Exact=0
K=1, n=200, m=800, rep=6 | Opt=27.00 | Pred=25.00 | Gap=0.0741 | Hamming=2 | Exact=0
K=1, n=200, m=800, rep=7 | Opt=20.00 | Pred=17.00 | Gap=0.1500 | Hamming=2 | Exact=0
K=1, n=200, m=800, rep=8 | Opt=21.00 | Pred=21.00 | Gap=0.0000 | Hamming=2 | Exact=0
K=1, n=200, m=800, rep=9 | Opt=26.00 | Pred=26.00 | Gap=0.0000 | Hamming=0 | Exact=1
K=1, n=200, m=800, rep=10 | Opt=22.00 | Pred=16.00 | Gap=0.2727 | Hamming=2 | Exact=0
K=1, n=200, m=800, rep=11 | Opt=24.00 | Pred=24.00 | Gap=0.0000 | Hamming=2 | Exact=0
K=1, n=200, m=800, rep=12 | Opt=23.00 | Pred=22.00 | Gap=0.0435 | Hamming=2 | Exact=0
K=1, n=200, m=800, rep=13 | Opt=12.00 | Pred=10.00 | Gap=0.1667 | Hamming=2 | Exact=0
K=1, n=200, m=800, rep=14 | Opt=12.00 | Pred=12.00 | Gap=0.0000 | Hamming=2 | Exact=0
K=1, n=200, m=800, rep=15 | Opt=12.00 | Pred=8.00 | Gap=0.3333 | Hamming=2 | Exact=0
K=1, n=200, m=800, rep=16 | Opt=14.00 | Pred=14.00 | Gap=0.0000 | Hamming=2 | Exact=0
K=1, n=200, m=800, rep=17 | Opt=34.00 | Pred=34.00 | Gap=0.0000 | Hamming=0 | Exact=1
K=1, n=200, m=800, rep=18 | Opt=19.00 | Pred=19.00 | Gap=0.0000 | Hamming=0 | Exact=1
K=1, n=200, m=800, rep=19 | Opt=21.00 | Pred=18.00 | Gap=0.1429 | Hamming=2 | Exact=0
K=1, n=200, m=1000, rep=0 | Opt=26.00 | Pred=20.00 | Gap=0.2308 | Hamming=2 | Exact=0
K=1, n=200, m=1000, rep=1 | Opt=24.00 | Pred=23.00 | Gap=0.0417 | Hamming=2 | Exact=0
K=1, n=200, m=1000, rep=2 | Opt=27.00 | Pred=23.00 | Gap=0.1481 | Hamming=2 | Exact=0
K=1, n=200, m=1000, rep=3 | Opt=16.00 | Pred=15.00 | Gap=0.0625 | Hamming=2 | Exact=0
K=1, n=200, m=1000, rep=4 | Opt=16.00 | Pred=15.00 | Gap=0.0625 | Hamming=2 | Exact=0
K=1, n=200, m=1000, rep=5 | Opt=16.00 | Pred=14.00 | Gap=0.1250 | Hamming=2 | Exact=0
K=1, n=200, m=1000, rep=6 | Opt=16.00 | Pred=15.00 | Gap=0.0625 | Hamming=2 | Exact=0
K=1, n=200, m=1000, rep=7 | Opt=18.00 | Pred=18.00 | Gap=0.0000 | Hamming=0 | Exact=1
K=1, n=200, m=1000, rep=8 | Opt=13.00 | Pred=13.00 | Gap=0.0000 | Hamming=2 | Exact=0
K=1, n=200, m=1000, rep=9 | Opt=26.00 | Pred=23.00 | Gap=0.1154 | Hamming=2 | Exact=0
K=1, n=200, m=1000, rep=10 | Opt=23.00 | Pred=21.00 | Gap=0.0870 | Hamming=2 | Exact=0
K=1, n=200, m=1000, rep=11 | Opt=27.00 | Pred=26.00 | Gap=0.0370 | Hamming=2 | Exact=0
K=1, n=200, m=1000, rep=12 | Opt=16.00 | Pred=16.00 | Gap=0.0000 | Hamming=0 | Exact=1
K=1, n=200, m=1000, rep=13 | Opt=14.00 | Pred=13.00 | Gap=0.0714 | Hamming=2 | Exact=0
K=1, n=200, m=1000, rep=14 | Opt=15.00 | Pred=9.00 | Gap=0.4000 | Hamming=2 | Exact=0
K=1, n=200, m=1000, rep=15 | Opt=6.00 | Pred=6.00 | Gap=0.0000 | Hamming=0 | Exact=1
K=1, n=200, m=1000, rep=16 | Opt=17.00 | Pred=17.00 | Gap=0.0000 | Hamming=0 | Exact=1
K=1, n=200, m=1000, rep=17 | Opt=18.00 | Pred=15.00 | Gap=0.1667 | Hamming=2 | Exact=0
K=1, n=200, m=1000, rep=18 | Opt=16.00 | Pred=14.00 | Gap=0.1250 | Hamming=2 | Exact=0
K=1, n=200, m=1000, rep=19 | Opt=26.00 | Pred=21.00 | Gap=0.1923 | Hamming=2 | Exact=0
K=1, n=200, m=1200, rep=0 | Opt=20.00 | Pred=14.00 | Gap=0.3000 | Hamming=2 | Exact=0
K=1, n=200, m=1200, rep=1 | Opt=15.00 | Pred=13.00 | Gap=0.1333 | Hamming=2 | Exact=0
K=1, n=200, m=1200, rep=2 | Opt=11.00 | Pred=11.00 | Gap=0.0000 | Hamming=0 | Exact=1
K=1, n=200, m=1200, rep=3 | Opt=10.00 | Pred=10.00 | Gap=0.0000 | Hamming=0 | Exact=1
K=1, n=200, m=1200, rep=4 | Opt=13.00 | Pred=10.00 | Gap=0.2308 | Hamming=2 | Exact=0
K=1, n=200, m=1200, rep=5 | Opt=15.00 | Pred=15.00 | Gap=0.0000 | Hamming=2 | Exact=0
K=1, n=200, m=1200, rep=6 | Opt=20.00 | Pred=20.00 | Gap=0.0000 | Hamming=0 | Exact=1
K=1, n=200, m=1200, rep=7 | Opt=18.00 | Pred=18.00 | Gap=0.0000 | Hamming=0 | Exact=1
K=1, n=200, m=1200, rep=8 | Opt=14.00 | Pred=10.00 | Gap=0.2857 | Hamming=2 | Exact=0
K=1, n=200, m=1200, rep=9 | Opt=16.00 | Pred=15.00 | Gap=0.0625 | Hamming=2 | Exact=0
K=1, n=200, m=1200, rep=10 | Opt=14.00 | Pred=9.00 | Gap=0.3571 | Hamming=2 | Exact=0
K=1, n=200, m=1200, rep=11 | Opt=12.00 | Pred=12.00 | Gap=0.0000 | Hamming=0 | Exact=1
K=1, n=200, m=1200, rep=12 | Opt=14.00 | Pred=13.00 | Gap=0.0714 | Hamming=2 | Exact=0
K=1, n=200, m=1200, rep=13 | Opt=15.00 | Pred=15.00 | Gap=0.0000 | Hamming=0 | Exact=1
K=1, n=200, m=1200, rep=14 | Opt=18.00 | Pred=15.00 | Gap=0.1667 | Hamming=2 | Exact=0
K=1, n=200, m=1200, rep=15 | Opt=18.00 | Pred=15.00 | Gap=0.1667 | Hamming=2 | Exact=0
K=1, n=200, m=1200, rep=16 | Opt=17.00 | Pred=16.00 | Gap=0.0588 | Hamming=2 | Exact=0
K=1, n=200, m=1200, rep=17 | Opt=10.00 | Pred=10.00 | Gap=0.0000 | Hamming=2 | Exact=0
K=1, n=200, m=1200, rep=18 | Opt=15.00 | Pred=15.00 | Gap=0.0000 | Hamming=0 | Exact=1
K=1, n=200, m=1200, rep=19 | Opt=5.00 | Pred=5.00 | Gap=0.0000 | Hamming=0 | Exact=1
K=1, n=200, m=1600, rep=0 | Opt=10.00 | Pred=9.00 | Gap=0.1000 | Hamming=2 | Exact=0
K=1, n=200, m=1600, rep=1 | Opt=11.00 | Pred=6.00 | Gap=0.4545 | Hamming=2 | Exact=0
K=1, n=200, m=1600, rep=2 | Opt=12.00 | Pred=10.00 | Gap=0.1667 | Hamming=2 | Exact=0
K=1, n=200, m=1600, rep=3 | Opt=8.00 | Pred=8.00 | Gap=0.0000 | Hamming=0 | Exact=1
K=1, n=200, m=1600, rep=4 | Opt=6.00 | Pred=5.00 | Gap=0.1667 | Hamming=2 | Exact=0
K=1, n=200, m=1600, rep=5 | Opt=12.00 | Pred=10.00 | Gap=0.1667 | Hamming=2 | Exact=0
K=1, n=200, m=1600, rep=6 | Opt=11.00 | Pred=9.00 | Gap=0.1818 | Hamming=2 | Exact=0
K=1, n=200, m=1600, rep=7 | Opt=13.00 | Pred=12.00 | Gap=0.0769 | Hamming=2 | Exact=0
K=1, n=200, m=1600, rep=8 | Opt=20.00 | Pred=20.00 | Gap=0.0000 | Hamming=0 | Exact=1
K=1, n=200, m=1600, rep=9 | Opt=11.00 | Pred=11.00 | Gap=0.0000 | Hamming=0 | Exact=1
K=1, n=200, m=1600, rep=10 | Opt=11.00 | Pred=9.00 | Gap=0.1818 | Hamming=2 | Exact=0
K=1, n=200, m=1600, rep=11 | Opt=11.00 | Pred=8.00 | Gap=0.2727 | Hamming=2 | Exact=0
K=1, n=200, m=1600, rep=12 | Opt=10.00 | Pred=2.00 | Gap=0.8000 | Hamming=2 | Exact=0
K=1, n=200, m=1600, rep=13 | Opt=10.00 | Pred=5.00 | Gap=0.5000 | Hamming=2 | Exact=0
K=1, n=200, m=1600, rep=14 | Opt=13.00 | Pred=10.00 | Gap=0.2308 | Hamming=2 | Exact=0
K=1, n=200, m=1600, rep=15 | Opt=12.00 | Pred=12.00 | Gap=0.0000 | Hamming=1 | Exact=0
K=1, n=200, m=1600, rep=16 | Opt=8.00 | Pred=8.00 | Gap=0.0000 | Hamming=1 | Exact=0
K=1, n=200, m=1600, rep=17 | Opt=16.00 | Pred=13.00 | Gap=0.1875 | Hamming=2 | Exact=0
K=1, n=200, m=1600, rep=18 | Opt=13.00 | Pred=12.00 | Gap=0.0769 | Hamming=2 | Exact=0
K=1, n=200, m=1600, rep=19 | Opt=8.00 | Pred=7.00 | Gap=0.1250 | Hamming=2 | Exact=0
K=1, n=400, m=800, rep=0 | Opt=56.00 | Pred=46.00 | Gap=0.1786 | Hamming=2 | Exact=0
K=1, n=400, m=800, rep=1 | Opt=38.00 | Pred=38.00 | Gap=0.0000 | Hamming=0 | Exact=1
K=1, n=400, m=800, rep=2 | Opt=59.00 | Pred=55.00 | Gap=0.0678 | Hamming=2 | Exact=0
K=1, n=400, m=800, rep=3 | Opt=45.00 | Pred=41.00 | Gap=0.0889 | Hamming=2 | Exact=0
K=1, n=400, m=800, rep=4 | Opt=69.00 | Pred=64.00 | Gap=0.0725 | Hamming=2 | Exact=0
K=1, n=400, m=800, rep=5 | Opt=59.00 | Pred=59.00 | Gap=0.0000 | Hamming=0 | Exact=1
K=1, n=400, m=800, rep=6 | Opt=40.00 | Pred=36.00 | Gap=0.1000 | Hamming=2 | Exact=0
K=1, n=400, m=800, rep=7 | Opt=54.00 | Pred=54.00 | Gap=0.0000 | Hamming=0 | Exact=1
K=1, n=400, m=800, rep=8 | Opt=33.00 | Pred=30.00 | Gap=0.0909 | Hamming=2 | Exact=0
K=1, n=400, m=800, rep=9 | Opt=31.00 | Pred=26.00 | Gap=0.1613 | Hamming=2 | Exact=0
K=1, n=400, m=800, rep=10 | Opt=50.00 | Pred=44.00 | Gap=0.1200 | Hamming=2 | Exact=0
K=1, n=400, m=800, rep=11 | Opt=50.00 | Pred=49.00 | Gap=0.0200 | Hamming=2 | Exact=0
K=1, n=400, m=800, rep=12 | Opt=35.00 | Pred=35.00 | Gap=0.0000 | Hamming=0 | Exact=1
K=1, n=400, m=800, rep=13 | Opt=45.00 | Pred=40.00 | Gap=0.1111 | Hamming=2 | Exact=0
K=1, n=400, m=800, rep=14 | Opt=50.00 | Pred=50.00 | Gap=0.0000 | Hamming=0 | Exact=1
K=1, n=400, m=800, rep=15 | Opt=67.00 | Pred=67.00 | Gap=0.0000 | Hamming=0 | Exact=1
K=1, n=400, m=800, rep=16 | Opt=55.00 | Pred=52.00 | Gap=0.0545 | Hamming=2 | Exact=0
K=1, n=400, m=800, rep=17 | Opt=54.00 | Pred=54.00 | Gap=0.0000 | Hamming=0 | Exact=1
K=1, n=400, m=800, rep=18 | Opt=91.00 | Pred=90.00 | Gap=0.0110 | Hamming=2 | Exact=0
K=1, n=400, m=800, rep=19 | Opt=50.00 | Pred=50.00 | Gap=0.0000 | Hamming=2 | Exact=0
K=1, n=400, m=1000, rep=0 | Opt=41.00 | Pred=37.00 | Gap=0.0976 | Hamming=2 | Exact=0
K=1, n=400, m=1000, rep=1 | Opt=28.00 | Pred=26.00 | Gap=0.0714 | Hamming=2 | Exact=0
K=1, n=400, m=1000, rep=2 | Opt=38.00 | Pred=36.00 | Gap=0.0526 | Hamming=2 | Exact=0
K=1, n=400, m=1000, rep=3 | Opt=37.00 | Pred=32.00 | Gap=0.1351 | Hamming=2 | Exact=0
K=1, n=400, m=1000, rep=4 | Opt=32.00 | Pred=30.00 | Gap=0.0625 | Hamming=2 | Exact=0
K=1, n=400, m=1000, rep=5 | Opt=23.00 | Pred=22.00 | Gap=0.0435 | Hamming=2 | Exact=0
K=1, n=400, m=1000, rep=6 | Opt=40.00 | Pred=40.00 | Gap=0.0000 | Hamming=2 | Exact=0
K=1, n=400, m=1000, rep=7 | Opt=37.00 | Pred=37.00 | Gap=0.0000 | Hamming=0 | Exact=1
K=1, n=400, m=1000, rep=8 | Opt=40.00 | Pred=40.00 | Gap=0.0000 | Hamming=2 | Exact=0
K=1, n=400, m=1000, rep=9 | Opt=24.00 | Pred=24.00 | Gap=0.0000 | Hamming=0 | Exact=1
K=1, n=400, m=1000, rep=10 | Opt=33.00 | Pred=30.00 | Gap=0.0909 | Hamming=2 | Exact=0
K=1, n=400, m=1000, rep=11 | Opt=21.00 | Pred=13.00 | Gap=0.3810 | Hamming=2 | Exact=0
K=1, n=400, m=1000, rep=12 | Opt=38.00 | Pred=30.00 | Gap=0.2105 | Hamming=2 | Exact=0
K=1, n=400, m=1000, rep=13 | Opt=36.00 | Pred=36.00 | Gap=0.0000 | Hamming=2 | Exact=0
K=1, n=400, m=1000, rep=14 | Opt=52.00 | Pred=49.00 | Gap=0.0577 | Hamming=2 | Exact=0
K=1, n=400, m=1000, rep=15 | Opt=28.00 | Pred=28.00 | Gap=0.0000 | Hamming=0 | Exact=1
K=1, n=400, m=1000, rep=16 | Opt=40.00 | Pred=40.00 | Gap=0.0000 | Hamming=0 | Exact=1
K=1, n=400, m=1000, rep=17 | Opt=28.00 | Pred=24.00 | Gap=0.1429 | Hamming=2 | Exact=0
K=1, n=400, m=1000, rep=18 | Opt=35.00 | Pred=33.00 | Gap=0.0571 | Hamming=2 | Exact=0
K=1, n=400, m=1000, rep=19 | Opt=40.00 | Pred=32.00 | Gap=0.2000 | Hamming=2 | Exact=0
K=1, n=400, m=1200, rep=0 | Opt=28.00 | Pred=27.00 | Gap=0.0357 | Hamming=2 | Exact=0
K=1, n=400, m=1200, rep=1 | Opt=40.00 | Pred=40.00 | Gap=0.0000 | Hamming=0 | Exact=1
K=1, n=400, m=1200, rep=2 | Opt=29.00 | Pred=29.00 | Gap=0.0000 | Hamming=0 | Exact=1
K=1, n=400, m=1200, rep=3 | Opt=29.00 | Pred=29.00 | Gap=0.0000 | Hamming=0 | Exact=1
K=1, n=400, m=1200, rep=4 | Opt=28.00 | Pred=25.00 | Gap=0.1071 | Hamming=2 | Exact=0
K=1, n=400, m=1200, rep=5 | Opt=37.00 | Pred=34.00 | Gap=0.0811 | Hamming=2 | Exact=0
K=1, n=400, m=1200, rep=6 | Opt=24.00 | Pred=24.00 | Gap=0.0000 | Hamming=2 | Exact=0
K=1, n=400, m=1200, rep=7 | Opt=25.00 | Pred=24.00 | Gap=0.0400 | Hamming=2 | Exact=0
K=1, n=400, m=1200, rep=8 | Opt=26.00 | Pred=26.00 | Gap=0.0000 | Hamming=0 | Exact=1
K=1, n=400, m=1200, rep=9 | Opt=33.00 | Pred=31.00 | Gap=0.0606 | Hamming=2 | Exact=0
K=1, n=400, m=1200, rep=10 | Opt=31.00 | Pred=29.00 | Gap=0.0645 | Hamming=2 | Exact=0
K=1, n=400, m=1200, rep=11 | Opt=35.00 | Pred=31.00 | Gap=0.1143 | Hamming=2 | Exact=0
K=1, n=400, m=1200, rep=12 | Opt=44.00 | Pred=41.00 | Gap=0.0682 | Hamming=2 | Exact=0
K=1, n=400, m=1200, rep=13 | Opt=35.00 | Pred=28.00 | Gap=0.2000 | Hamming=2 | Exact=0
K=1, n=400, m=1200, rep=14 | Opt=27.00 | Pred=18.00 | Gap=0.3333 | Hamming=2 | Exact=0
K=1, n=400, m=1200, rep=15 | Opt=28.00 | Pred=27.00 | Gap=0.0357 | Hamming=2 | Exact=0
K=1, n=400, m=1200, rep=16 | Opt=40.00 | Pred=40.00 | Gap=0.0000 | Hamming=0 | Exact=1
K=1, n=400, m=1200, rep=17 | Opt=34.00 | Pred=34.00 | Gap=0.0000 | Hamming=0 | Exact=1
K=1, n=400, m=1200, rep=18 | Opt=35.00 | Pred=29.00 | Gap=0.1714 | Hamming=2 | Exact=0
K=1, n=400, m=1200, rep=19 | Opt=26.00 | Pred=19.00 | Gap=0.2692 | Hamming=2 | Exact=0
K=1, n=400, m=1600, rep=0 | Opt=30.00 | Pred=30.00 | Gap=0.0000 | Hamming=0 | Exact=1
K=1, n=400, m=1600, rep=1 | Opt=25.00 | Pred=25.00 | Gap=0.0000 | Hamming=0 | Exact=1
K=1, n=400, m=1600, rep=2 | Opt=24.00 | Pred=20.00 | Gap=0.1667 | Hamming=2 | Exact=0
K=1, n=400, m=1600, rep=3 | Opt=21.00 | Pred=16.00 | Gap=0.2381 | Hamming=2 | Exact=0
K=1, n=400, m=1600, rep=4 | Opt=16.00 | Pred=14.00 | Gap=0.1250 | Hamming=2 | Exact=0
K=1, n=400, m=1600, rep=5 | Opt=25.00 | Pred=23.00 | Gap=0.0800 | Hamming=2 | Exact=0
K=1, n=400, m=1600, rep=6 | Opt=25.00 | Pred=24.00 | Gap=0.0400 | Hamming=2 | Exact=0
K=1, n=400, m=1600, rep=7 | Opt=23.00 | Pred=21.00 | Gap=0.0870 | Hamming=2 | Exact=0
K=1, n=400, m=1600, rep=8 | Opt=19.00 | Pred=13.00 | Gap=0.3158 | Hamming=2 | Exact=0
K=1, n=400, m=1600, rep=9 | Opt=18.00 | Pred=18.00 | Gap=0.0000 | Hamming=0 | Exact=1
K=1, n=400, m=1600, rep=10 | Opt=23.00 | Pred=21.00 | Gap=0.0870 | Hamming=2 | Exact=0
K=1, n=400, m=1600, rep=11 | Opt=34.00 | Pred=33.00 | Gap=0.0294 | Hamming=2 | Exact=0
K=1, n=400, m=1600, rep=12 | Opt=16.00 | Pred=10.00 | Gap=0.3750 | Hamming=2 | Exact=0
K=1, n=400, m=1600, rep=13 | Opt=25.00 | Pred=23.00 | Gap=0.0800 | Hamming=2 | Exact=0
K=1, n=400, m=1600, rep=14 | Opt=21.00 | Pred=19.00 | Gap=0.0952 | Hamming=2 | Exact=0
K=1, n=400, m=1600, rep=15 | Opt=23.00 | Pred=23.00 | Gap=0.0000 | Hamming=0 | Exact=1
K=1, n=400, m=1600, rep=16 | Opt=26.00 | Pred=24.00 | Gap=0.0769 | Hamming=2 | Exact=0
K=1, n=400, m=1600, rep=17 | Opt=18.00 | Pred=16.00 | Gap=0.1111 | Hamming=2 | Exact=0
K=1, n=400, m=1600, rep=18 | Opt=25.00 | Pred=22.00 | Gap=0.1200 | Hamming=2 | Exact=0
K=1, n=400, m=1600, rep=19 | Opt=25.00 | Pred=21.00 | Gap=0.1600 | Hamming=2 | Exact=0
K=1, n=400, m=2000, rep=0 | Opt=15.00 | Pred=15.00 | Gap=0.0000 | Hamming=0 | Exact=1
K=1, n=400, m=2000, rep=1 | Opt=17.00 | Pred=12.00 | Gap=0.2941 | Hamming=2 | Exact=0
K=1, n=400, m=2000, rep=2 | Opt=18.00 | Pred=15.00 | Gap=0.1667 | Hamming=2 | Exact=0
K=1, n=400, m=2000, rep=3 | Opt=18.00 | Pred=15.00 | Gap=0.1667 | Hamming=2 | Exact=0
K=1, n=400, m=2000, rep=4 | Opt=17.00 | Pred=13.00 | Gap=0.2353 | Hamming=2 | Exact=0
K=1, n=400, m=2000, rep=5 | Opt=18.00 | Pred=18.00 | Gap=0.0000 | Hamming=0 | Exact=1
K=1, n=400, m=2000, rep=6 | Opt=12.00 | Pred=12.00 | Gap=0.0000 | Hamming=0 | Exact=1
K=1, n=400, m=2000, rep=7 | Opt=13.00 | Pred=9.00 | Gap=0.3077 | Hamming=2 | Exact=0
K=1, n=400, m=2000, rep=8 | Opt=17.00 | Pred=14.00 | Gap=0.1765 | Hamming=2 | Exact=0
K=1, n=400, m=2000, rep=9 | Opt=12.00 | Pred=11.00 | Gap=0.0833 | Hamming=2 | Exact=0
K=1, n=400, m=2000, rep=10 | Opt=21.00 | Pred=20.00 | Gap=0.0476 | Hamming=2 | Exact=0
K=1, n=400, m=2000, rep=11 | Opt=10.00 | Pred=10.00 | Gap=0.0000 | Hamming=0 | Exact=1
K=1, n=400, m=2000, rep=12 | Opt=15.00 | Pred=7.00 | Gap=0.5333 | Hamming=2 | Exact=0
K=1, n=400, m=2000, rep=13 | Opt=24.00 | Pred=24.00 | Gap=0.0000 | Hamming=2 | Exact=0
K=1, n=400, m=2000, rep=14 | Opt=22.00 | Pred=18.00 | Gap=0.1818 | Hamming=2 | Exact=0
K=1, n=400, m=2000, rep=15 | Opt=22.00 | Pred=20.00 | Gap=0.0909 | Hamming=2 | Exact=0
K=1, n=400, m=2000, rep=16 | Opt=18.00 | Pred=18.00 | Gap=0.0000 | Hamming=2 | Exact=0
K=1, n=400, m=2000, rep=17 | Opt=27.00 | Pred=23.00 | Gap=0.1481 | Hamming=2 | Exact=0
K=1, n=400, m=2000, rep=18 | Opt=23.00 | Pred=22.00 | Gap=0.0435 | Hamming=2 | Exact=0
K=1, n=400, m=2000, rep=19 | Opt=19.00 | Pred=16.00 | Gap=0.1579 | Hamming=2 | Exact=0
K=1, n=400, m=2400, rep=0 | Opt=23.00 | Pred=19.00 | Gap=0.1739 | Hamming=2 | Exact=0
K=1, n=400, m=2400, rep=1 | Opt=13.00 | Pred=11.00 | Gap=0.1538 | Hamming=2 | Exact=0
K=1, n=400, m=2400, rep=2 | Opt=15.00 | Pred=12.00 | Gap=0.2000 | Hamming=2 | Exact=0
K=1, n=400, m=2400, rep=3 | Opt=16.00 | Pred=16.00 | Gap=0.0000 | Hamming=2 | Exact=0
K=1, n=400, m=2400, rep=4 | Opt=14.00 | Pred=14.00 | Gap=0.0000 | Hamming=2 | Exact=0
K=1, n=400, m=2400, rep=5 | Opt=18.00 | Pred=18.00 | Gap=0.0000 | Hamming=0 | Exact=1
K=1, n=400, m=2400, rep=6 | Opt=19.00 | Pred=19.00 | Gap=0.0000 | Hamming=0 | Exact=1
K=1, n=400, m=2400, rep=7 | Opt=22.00 | Pred=17.00 | Gap=0.2273 | Hamming=2 | Exact=0
K=1, n=400, m=2400, rep=8 | Opt=19.00 | Pred=19.00 | Gap=0.0000 | Hamming=1 | Exact=0
K=1, n=400, m=2400, rep=9 | Opt=17.00 | Pred=14.00 | Gap=0.1765 | Hamming=2 | Exact=0
K=1, n=400, m=2400, rep=10 | Opt=13.00 | Pred=13.00 | Gap=0.0000 | Hamming=2 | Exact=0
K=1, n=400, m=2400, rep=11 | Opt=18.00 | Pred=18.00 | Gap=0.0000 | Hamming=0 | Exact=1
K=1, n=400, m=2400, rep=12 | Opt=17.00 | Pred=17.00 | Gap=0.0000 | Hamming=0 | Exact=1
K=1, n=400, m=2400, rep=13 | Opt=15.00 | Pred=13.00 | Gap=0.1333 | Hamming=2 | Exact=0
K=1, n=400, m=2400, rep=14 | Opt=22.00 | Pred=19.00 | Gap=0.1364 | Hamming=2 | Exact=0
K=1, n=400, m=2400, rep=15 | Opt=19.00 | Pred=19.00 | Gap=0.0000 | Hamming=2 | Exact=0
K=1, n=400, m=2400, rep=16 | Opt=16.00 | Pred=15.00 | Gap=0.0625 | Hamming=2 | Exact=0
K=1, n=400, m=2400, rep=17 | Opt=16.00 | Pred=15.00 | Gap=0.0625 | Hamming=2 | Exact=0
K=1, n=400, m=2400, rep=18 | Opt=12.00 | Pred=9.00 | Gap=0.2500 | Hamming=2 | Exact=0
K=1, n=400, m=2400, rep=19 | Opt=13.00 | Pred=13.00 | Gap=0.0000 | Hamming=0 | Exact=1
K=1, n=400, m=3200, rep=0 | Opt=11.00 | Pred=11.00 | Gap=0.0000 | Hamming=0 | Exact=1
K=1, n=400, m=3200, rep=1 | Opt=11.00 | Pred=10.00 | Gap=0.0909 | Hamming=2 | Exact=0
K=1, n=400, m=3200, rep=2 | Opt=11.00 | Pred=11.00 | Gap=0.0000 | Hamming=2 | Exact=0
K=1, n=400, m=3200, rep=3 | Opt=11.00 | Pred=10.00 | Gap=0.0909 | Hamming=2 | Exact=0
K=1, n=400, m=3200, rep=4 | Opt=9.00 | Pred=6.00 | Gap=0.3333 | Hamming=2 | Exact=0
K=1, n=400, m=3200, rep=5 | Opt=17.00 | Pred=13.00 | Gap=0.2353 | Hamming=2 | Exact=0
K=1, n=400, m=3200, rep=6 | Opt=13.00 | Pred=12.00 | Gap=0.0769 | Hamming=2 | Exact=0
K=1, n=400, m=3200, rep=7 | Opt=17.00 | Pred=17.00 | Gap=0.0000 | Hamming=0 | Exact=1
K=1, n=400, m=3200, rep=8 | Opt=12.00 | Pred=11.00 | Gap=0.0833 | Hamming=2 | Exact=0
K=1, n=400, m=3200, rep=9 | Opt=19.00 | Pred=17.00 | Gap=0.1053 | Hamming=2 | Exact=0
K=1, n=400, m=3200, rep=10 | Opt=19.00 | Pred=17.00 | Gap=0.1053 | Hamming=2 | Exact=0
K=1, n=400, m=3200, rep=11 | Opt=14.00 | Pred=12.00 | Gap=0.1429 | Hamming=2 | Exact=0
K=1, n=400, m=3200, rep=12 | Opt=14.00 | Pred=11.00 | Gap=0.2143 | Hamming=2 | Exact=0
K=1, n=400, m=3200, rep=13 | Opt=12.00 | Pred=11.00 | Gap=0.0833 | Hamming=2 | Exact=0
K=1, n=400, m=3200, rep=14 | Opt=16.00 | Pred=16.00 | Gap=0.0000 | Hamming=0 | Exact=1
K=1, n=400, m=3200, rep=15 | Opt=13.00 | Pred=9.00 | Gap=0.3077 | Hamming=2 | Exact=0
K=1, n=400, m=3200, rep=16 | Opt=17.00 | Pred=17.00 | Gap=0.0000 | Hamming=0 | Exact=1
K=1, n=400, m=3200, rep=17 | Opt=13.00 | Pred=13.00 | Gap=0.0000 | Hamming=2 | Exact=0
K=1, n=400, m=3200, rep=18 | Opt=15.00 | Pred=13.00 | Gap=0.1333 | Hamming=2 | Exact=0
K=1, n=400, m=3200, rep=19 | Opt=16.00 | Pred=16.00 | Gap=0.0000 | Hamming=0 | Exact=1
K=1, n=600, m=1200, rep=0 | Opt=40.00 | Pred=35.00 | Gap=0.1250 | Hamming=2 | Exact=0
K=1, n=600, m=1200, rep=1 | Opt=52.00 | Pred=50.00 | Gap=0.0385 | Hamming=2 | Exact=0
K=1, n=600, m=1200, rep=2 | Opt=52.00 | Pred=48.00 | Gap=0.0769 | Hamming=2 | Exact=0
K=1, n=600, m=1200, rep=3 | Opt=43.00 | Pred=43.00 | Gap=0.0000 | Hamming=0 | Exact=1
K=1, n=600, m=1200, rep=4 | Opt=50.00 | Pred=40.00 | Gap=0.2000 | Hamming=2 | Exact=0
K=1, n=600, m=1200, rep=5 | Opt=21.00 | Pred=17.00 | Gap=0.1905 | Hamming=2 | Exact=0
K=1, n=600, m=1200, rep=6 | Opt=47.00 | Pred=45.00 | Gap=0.0426 | Hamming=2 | Exact=0
K=1, n=600, m=1200, rep=7 | Opt=46.00 | Pred=46.00 | Gap=0.0000 | Hamming=2 | Exact=0
K=1, n=600, m=1200, rep=8 | Opt=59.00 | Pred=59.00 | Gap=0.0000 | Hamming=0 | Exact=1
K=1, n=600, m=1200, rep=9 | Opt=52.00 | Pred=48.00 | Gap=0.0769 | Hamming=2 | Exact=0
K=1, n=600, m=1200, rep=10 | Opt=45.00 | Pred=45.00 | Gap=0.0000 | Hamming=2 | Exact=0
K=1, n=600, m=1200, rep=11 | Opt=53.00 | Pred=49.00 | Gap=0.0755 | Hamming=2 | Exact=0
K=1, n=600, m=1200, rep=12 | Opt=22.00 | Pred=13.00 | Gap=0.4091 | Hamming=2 | Exact=0
K=1, n=600, m=1200, rep=13 | Opt=31.00 | Pred=25.00 | Gap=0.1935 | Hamming=2 | Exact=0
K=1, n=600, m=1200, rep=14 | Opt=73.00 | Pred=73.00 | Gap=0.0000 | Hamming=0 | Exact=1
K=1, n=600, m=1200, rep=15 | Opt=53.00 | Pred=52.00 | Gap=0.0189 | Hamming=2 | Exact=0
K=1, n=600, m=1200, rep=16 | Opt=37.00 | Pred=36.00 | Gap=0.0270 | Hamming=2 | Exact=0
K=1, n=600, m=1200, rep=17 | Opt=33.00 | Pred=28.00 | Gap=0.1515 | Hamming=2 | Exact=0
K=1, n=600, m=1200, rep=18 | Opt=55.00 | Pred=55.00 | Gap=0.0000 | Hamming=0 | Exact=1
K=1, n=600, m=1200, rep=19 | Opt=59.00 | Pred=59.00 | Gap=0.0000 | Hamming=0 | Exact=1
K=1, n=600, m=1500, rep=0 | Opt=37.00 | Pred=33.00 | Gap=0.1081 | Hamming=2 | Exact=0
K=1, n=600, m=1500, rep=1 | Opt=44.00 | Pred=36.00 | Gap=0.1818 | Hamming=2 | Exact=0
K=1, n=600, m=1500, rep=2 | Opt=52.00 | Pred=48.00 | Gap=0.0769 | Hamming=2 | Exact=0
K=1, n=600, m=1500, rep=3 | Opt=40.00 | Pred=31.00 | Gap=0.2250 | Hamming=2 | Exact=0
K=1, n=600, m=1500, rep=4 | Opt=34.00 | Pred=34.00 | Gap=0.0000 | Hamming=0 | Exact=1
K=1, n=600, m=1500, rep=5 | Opt=56.00 | Pred=51.00 | Gap=0.0893 | Hamming=2 | Exact=0
K=1, n=600, m=1500, rep=6 | Opt=58.00 | Pred=58.00 | Gap=0.0000 | Hamming=0 | Exact=1
K=1, n=600, m=1500, rep=7 | Opt=29.00 | Pred=28.00 | Gap=0.0345 | Hamming=2 | Exact=0
K=1, n=600, m=1500, rep=8 | Opt=40.00 | Pred=39.00 | Gap=0.0250 | Hamming=2 | Exact=0
K=1, n=600, m=1500, rep=9 | Opt=41.00 | Pred=41.00 | Gap=0.0000 | Hamming=0 | Exact=1
K=1, n=600, m=1500, rep=10 | Opt=59.00 | Pred=51.00 | Gap=0.1356 | Hamming=2 | Exact=0
K=1, n=600, m=1500, rep=11 | Opt=25.00 | Pred=23.00 | Gap=0.0800 | Hamming=2 | Exact=0
K=1, n=600, m=1500, rep=12 | Opt=43.00 | Pred=43.00 | Gap=0.0000 | Hamming=2 | Exact=0
K=1, n=600, m=1500, rep=13 | Opt=51.00 | Pred=41.00 | Gap=0.1961 | Hamming=2 | Exact=0
K=1, n=600, m=1500, rep=14 | Opt=61.00 | Pred=57.00 | Gap=0.0656 | Hamming=2 | Exact=0
K=1, n=600, m=1500, rep=15 | Opt=23.00 | Pred=15.00 | Gap=0.3478 | Hamming=2 | Exact=0
K=1, n=600, m=1500, rep=16 | Opt=36.00 | Pred=32.00 | Gap=0.1111 | Hamming=2 | Exact=0
K=1, n=600, m=1500, rep=17 | Opt=33.00 | Pred=29.00 | Gap=0.1212 | Hamming=2 | Exact=0
K=1, n=600, m=1500, rep=18 | Opt=42.00 | Pred=42.00 | Gap=0.0000 | Hamming=0 | Exact=1
K=1, n=600, m=1500, rep=19 | Opt=34.00 | Pred=30.00 | Gap=0.1176 | Hamming=2 | Exact=0
K=1, n=600, m=1800, rep=0 | Opt=8.00 | Pred=8.00 | Gap=0.0000 | Hamming=0 | Exact=1
K=1, n=600, m=1800, rep=1 | Opt=24.00 | Pred=16.00 | Gap=0.3333 | Hamming=2 | Exact=0
K=1, n=600, m=1800, rep=2 | Opt=46.00 | Pred=46.00 | Gap=0.0000 | Hamming=0 | Exact=1
K=1, n=600, m=1800, rep=3 | Opt=32.00 | Pred=32.00 | Gap=0.0000 | Hamming=2 | Exact=0
K=1, n=600, m=1800, rep=4 | Opt=33.00 | Pred=29.00 | Gap=0.1212 | Hamming=2 | Exact=0
K=1, n=600, m=1800, rep=5 | Opt=46.00 | Pred=44.00 | Gap=0.0435 | Hamming=2 | Exact=0
K=1, n=600, m=1800, rep=6 | Opt=41.00 | Pred=38.00 | Gap=0.0732 | Hamming=2 | Exact=0
K=1, n=600, m=1800, rep=7 | Opt=36.00 | Pred=35.00 | Gap=0.0278 | Hamming=2 | Exact=0
K=1, n=600, m=1800, rep=8 | Opt=34.00 | Pred=31.00 | Gap=0.0882 | Hamming=2 | Exact=0
K=1, n=600, m=1800, rep=9 | Opt=30.00 | Pred=27.00 | Gap=0.1000 | Hamming=2 | Exact=0
K=1, n=600, m=1800, rep=10 | Opt=20.00 | Pred=20.00 | Gap=0.0000 | Hamming=0 | Exact=1
K=1, n=600, m=1800, rep=11 | Opt=27.00 | Pred=27.00 | Gap=0.0000 | Hamming=2 | Exact=0
K=1, n=600, m=1800, rep=12 | Opt=22.00 | Pred=22.00 | Gap=0.0000 | Hamming=0 | Exact=1
K=1, n=600, m=1800, rep=13 | Opt=41.00 | Pred=35.00 | Gap=0.1463 | Hamming=2 | Exact=0
K=1, n=600, m=1800, rep=14 | Opt=35.00 | Pred=35.00 | Gap=0.0000 | Hamming=2 | Exact=0
K=1, n=600, m=1800, rep=15 | Opt=26.00 | Pred=26.00 | Gap=0.0000 | Hamming=1 | Exact=0
K=1, n=600, m=1800, rep=16 | Opt=33.00 | Pred=32.00 | Gap=0.0303 | Hamming=2 | Exact=0
K=1, n=600, m=1800, rep=17 | Opt=34.00 | Pred=34.00 | Gap=0.0000 | Hamming=0 | Exact=1
K=1, n=600, m=1800, rep=18 | Opt=30.00 | Pred=28.00 | Gap=0.0667 | Hamming=2 | Exact=0
K=1, n=600, m=1800, rep=19 | Opt=25.00 | Pred=23.00 | Gap=0.0800 | Hamming=2 | Exact=0
K=1, n=600, m=2400, rep=0 | Opt=30.00 | Pred=22.00 | Gap=0.2667 | Hamming=2 | Exact=0
K=1, n=600, m=2400, rep=1 | Opt=19.00 | Pred=15.00 | Gap=0.2105 | Hamming=2 | Exact=0
K=1, n=600, m=2400, rep=2 | Opt=25.00 | Pred=22.00 | Gap=0.1200 | Hamming=2 | Exact=0
K=1, n=600, m=2400, rep=3 | Opt=18.00 | Pred=12.00 | Gap=0.3333 | Hamming=2 | Exact=0
K=1, n=600, m=2400, rep=4 | Opt=30.00 | Pred=29.00 | Gap=0.0333 | Hamming=2 | Exact=0
K=1, n=600, m=2400, rep=5 | Opt=20.00 | Pred=20.00 | Gap=0.0000 | Hamming=0 | Exact=1
K=1, n=600, m=2400, rep=6 | Opt=22.00 | Pred=22.00 | Gap=0.0000 | Hamming=2 | Exact=0
K=1, n=600, m=2400, rep=7 | Opt=23.00 | Pred=19.00 | Gap=0.1739 | Hamming=2 | Exact=0
K=1, n=600, m=2400, rep=8 | Opt=27.00 | Pred=24.00 | Gap=0.1111 | Hamming=2 | Exact=0
K=1, n=600, m=2400, rep=9 | Opt=21.00 | Pred=19.00 | Gap=0.0952 | Hamming=2 | Exact=0
K=1, n=600, m=2400, rep=10 | Opt=37.00 | Pred=28.00 | Gap=0.2432 | Hamming=2 | Exact=0
K=1, n=600, m=2400, rep=11 | Opt=35.00 | Pred=35.00 | Gap=0.0000 | Hamming=0 | Exact=1
K=1, n=600, m=2400, rep=12 | Opt=26.00 | Pred=18.00 | Gap=0.3077 | Hamming=2 | Exact=0
K=1, n=600, m=2400, rep=13 | Opt=34.00 | Pred=27.00 | Gap=0.2059 | Hamming=2 | Exact=0
K=1, n=600, m=2400, rep=14 | Opt=22.00 | Pred=21.00 | Gap=0.0455 | Hamming=2 | Exact=0
K=1, n=600, m=2400, rep=15 | Opt=19.00 | Pred=19.00 | Gap=0.0000 | Hamming=0 | Exact=1
K=1, n=600, m=2400, rep=16 | Opt=24.00 | Pred=24.00 | Gap=0.0000 | Hamming=0 | Exact=1
K=1, n=600, m=2400, rep=17 | Opt=21.00 | Pred=21.00 | Gap=0.0000 | Hamming=2 | Exact=0
K=1, n=600, m=2400, rep=18 | Opt=27.00 | Pred=19.00 | Gap=0.2963 | Hamming=2 | Exact=0
K=1, n=600, m=2400, rep=19 | Opt=19.00 | Pred=15.00 | Gap=0.2105 | Hamming=2 | Exact=0
K=1, n=600, m=3000, rep=0 | Opt=14.00 | Pred=7.00 | Gap=0.5000 | Hamming=2 | Exact=0
K=1, n=600, m=3000, rep=1 | Opt=19.00 | Pred=14.00 | Gap=0.2632 | Hamming=2 | Exact=0
K=1, n=600, m=3000, rep=2 | Opt=18.00 | Pred=18.00 | Gap=0.0000 | Hamming=0 | Exact=1
K=1, n=600, m=3000, rep=3 | Opt=27.00 | Pred=26.00 | Gap=0.0370 | Hamming=2 | Exact=0
K=1, n=600, m=3000, rep=4 | Opt=16.00 | Pred=13.00 | Gap=0.1875 | Hamming=2 | Exact=0
K=1, n=600, m=3000, rep=5 | Opt=18.00 | Pred=18.00 | Gap=0.0000 | Hamming=0 | Exact=1
K=1, n=600, m=3000, rep=6 | Opt=21.00 | Pred=21.00 | Gap=0.0000 | Hamming=0 | Exact=1
K=1, n=600, m=3000, rep=7 | Opt=23.00 | Pred=21.00 | Gap=0.0870 | Hamming=2 | Exact=0
K=1, n=600, m=3000, rep=8 | Opt=11.00 | Pred=8.00 | Gap=0.2727 | Hamming=2 | Exact=0
K=1, n=600, m=3000, rep=9 | Opt=23.00 | Pred=23.00 | Gap=0.0000 | Hamming=2 | Exact=0
K=1, n=600, m=3000, rep=10 | Opt=21.00 | Pred=21.00 | Gap=0.0000 | Hamming=2 | Exact=0
K=1, n=600, m=3000, rep=11 | Opt=23.00 | Pred=23.00 | Gap=0.0000 | Hamming=2 | Exact=0
K=1, n=600, m=3000, rep=12 | Opt=28.00 | Pred=24.00 | Gap=0.1429 | Hamming=2 | Exact=0
K=1, n=600, m=3000, rep=13 | Opt=23.00 | Pred=23.00 | Gap=0.0000 | Hamming=2 | Exact=0
K=1, n=600, m=3000, rep=14 | Opt=17.00 | Pred=17.00 | Gap=0.0000 | Hamming=0 | Exact=1
K=1, n=600, m=3000, rep=15 | Opt=19.00 | Pred=18.00 | Gap=0.0526 | Hamming=2 | Exact=0
K=1, n=600, m=3000, rep=16 | Opt=12.00 | Pred=10.00 | Gap=0.1667 | Hamming=2 | Exact=0
K=1, n=600, m=3000, rep=17 | Opt=14.00 | Pred=13.00 | Gap=0.0714 | Hamming=2 | Exact=0
K=1, n=600, m=3000, rep=18 | Opt=20.00 | Pred=20.00 | Gap=0.0000 | Hamming=0 | Exact=1
K=1, n=600, m=3000, rep=19 | Opt=19.00 | Pred=19.00 | Gap=0.0000 | Hamming=0 | Exact=1
K=1, n=600, m=3600, rep=0 | Opt=17.00 | Pred=15.00 | Gap=0.1176 | Hamming=2 | Exact=0
K=1, n=600, m=3600, rep=1 | Opt=17.00 | Pred=10.00 | Gap=0.4118 | Hamming=2 | Exact=0
K=1, n=600, m=3600, rep=2 | Opt=16.00 | Pred=14.00 | Gap=0.1250 | Hamming=2 | Exact=0
K=1, n=600, m=3600, rep=3 | Opt=15.00 | Pred=15.00 | Gap=0.0000 | Hamming=1 | Exact=0
K=1, n=600, m=3600, rep=4 | Opt=18.00 | Pred=15.00 | Gap=0.1667 | Hamming=2 | Exact=0
K=1, n=600, m=3600, rep=5 | Opt=11.00 | Pred=9.00 | Gap=0.1818 | Hamming=2 | Exact=0
K=1, n=600, m=3600, rep=6 | Opt=10.00 | Pred=8.00 | Gap=0.2000 | Hamming=2 | Exact=0
K=1, n=600, m=3600, rep=7 | Opt=28.00 | Pred=28.00 | Gap=0.0000 | Hamming=0 | Exact=1
K=1, n=600, m=3600, rep=8 | Opt=17.00 | Pred=17.00 | Gap=0.0000 | Hamming=0 | Exact=1
K=1, n=600, m=3600, rep=9 | Opt=16.00 | Pred=16.00 | Gap=0.0000 | Hamming=2 | Exact=0
K=1, n=600, m=3600, rep=10 | Opt=15.00 | Pred=14.00 | Gap=0.0667 | Hamming=2 | Exact=0
K=1, n=600, m=3600, rep=11 | Opt=15.00 | Pred=15.00 | Gap=0.0000 | Hamming=2 | Exact=0
K=1, n=600, m=3600, rep=12 | Opt=20.00 | Pred=20.00 | Gap=0.0000 | Hamming=2 | Exact=0
K=1, n=600, m=3600, rep=13 | Opt=17.00 | Pred=17.00 | Gap=0.0000 | Hamming=0 | Exact=1
K=1, n=600, m=3600, rep=14 | Opt=21.00 | Pred=19.00 | Gap=0.0952 | Hamming=2 | Exact=0
K=1, n=600, m=3600, rep=15 | Opt=17.00 | Pred=14.00 | Gap=0.1765 | Hamming=2 | Exact=0
K=1, n=600, m=3600, rep=16 | Opt=15.00 | Pred=15.00 | Gap=0.0000 | Hamming=0 | Exact=1
K=1, n=600, m=3600, rep=17 | Opt=25.00 | Pred=25.00 | Gap=0.0000 | Hamming=0 | Exact=1
K=1, n=600, m=3600, rep=18 | Opt=25.00 | Pred=21.00 | Gap=0.1600 | Hamming=2 | Exact=0
K=1, n=600, m=3600, rep=19 | Opt=16.00 | Pred=11.00 | Gap=0.3125 | Hamming=2 | Exact=0
K=1, n=600, m=4800, rep=0 | Opt=11.00 | Pred=10.00 | Gap=0.0909 | Hamming=2 | Exact=0
K=1, n=600, m=4800, rep=1 | Opt=17.00 | Pred=16.00 | Gap=0.0588 | Hamming=2 | Exact=0
K=1, n=600, m=4800, rep=2 | Opt=15.00 | Pred=15.00 | Gap=0.0000 | Hamming=0 | Exact=1
K=1, n=600, m=4800, rep=3 | Opt=17.00 | Pred=17.00 | Gap=0.0000 | Hamming=0 | Exact=1
K=1, n=600, m=4800, rep=4 | Opt=14.00 | Pred=13.00 | Gap=0.0714 | Hamming=2 | Exact=0
K=1, n=600, m=4800, rep=5 | Opt=20.00 | Pred=18.00 | Gap=0.1000 | Hamming=2 | Exact=0
K=1, n=600, m=4800, rep=6 | Opt=15.00 | Pred=15.00 | Gap=0.0000 | Hamming=2 | Exact=0
K=1, n=600, m=4800, rep=7 | Opt=12.00 | Pred=12.00 | Gap=0.0000 | Hamming=2 | Exact=0
K=1, n=600, m=4800, rep=8 | Opt=14.00 | Pred=11.00 | Gap=0.2143 | Hamming=2 | Exact=0
K=1, n=600, m=4800, rep=9 | Opt=14.00 | Pred=13.00 | Gap=0.0714 | Hamming=2 | Exact=0
K=1, n=600, m=4800, rep=10 | Opt=13.00 | Pred=11.00 | Gap=0.1538 | Hamming=2 | Exact=0
K=1, n=600, m=4800, rep=11 | Opt=10.00 | Pred=10.00 | Gap=0.0000 | Hamming=2 | Exact=0
K=1, n=600, m=4800, rep=12 | Opt=18.00 | Pred=18.00 | Gap=0.0000 | Hamming=0 | Exact=1
K=1, n=600, m=4800, rep=13 | Opt=12.00 | Pred=12.00 | Gap=0.0000 | Hamming=2 | Exact=0
K=1, n=600, m=4800, rep=14 | Opt=11.00 | Pred=7.00 | Gap=0.3636 | Hamming=2 | Exact=0
K=1, n=600, m=4800, rep=15 | Opt=14.00 | Pred=13.00 | Gap=0.0714 | Hamming=2 | Exact=0
K=1, n=600, m=4800, rep=16 | Opt=13.00 | Pred=8.00 | Gap=0.3846 | Hamming=2 | Exact=0
K=1, n=600, m=4800, rep=17 | Opt=13.00 | Pred=10.00 | Gap=0.2308 | Hamming=2 | Exact=0
K=1, n=600, m=4800, rep=18 | Opt=14.00 | Pred=13.00 | Gap=0.0714 | Hamming=2 | Exact=0
K=1, n=600, m=4800, rep=19 | Opt=12.00 | Pred=11.00 | Gap=0.0833 | Hamming=2 | Exact=0

FINAL TEST RESULTS FOR K=1
Instances evaluated: 560
Exact match rate: 0.2554
Average Hamming distance: 1.4768
Average objective gap: 0.1006
Average MIP solve time: 1.016056 seconds
Average model inference time: 0.004222 seconds

Evaluating attack limit K=2
K=2, n=100, m=200, rep=0 | Opt=66.00 | Pred=50.00 | Gap=0.2424 | Hamming=4 | Exact=0
K=2, n=100, m=200, rep=1 | Opt=22.00 | Pred=18.00 | Gap=0.1818 | Hamming=2 | Exact=0
K=2, n=100, m=200, rep=2 | Opt=42.00 | Pred=34.00 | Gap=0.1905 | Hamming=2 | Exact=0
K=2, n=100, m=200, rep=3 | Opt=45.00 | Pred=36.00 | Gap=0.2000 | Hamming=2 | Exact=0
K=2, n=100, m=200, rep=4 | Opt=32.00 | Pred=31.00 | Gap=0.0312 | Hamming=2 | Exact=0
K=2, n=100, m=200, rep=5 | Opt=37.00 | Pred=34.00 | Gap=0.0811 | Hamming=2 | Exact=0
K=2, n=100, m=200, rep=6 | Opt=42.00 | Pred=32.00 | Gap=0.2381 | Hamming=2 | Exact=0
K=2, n=100, m=200, rep=7 | Opt=28.00 | Pred=18.00 | Gap=0.3571 | Hamming=2 | Exact=0
K=2, n=100, m=200, rep=8 | Opt=47.00 | Pred=47.00 | Gap=0.0000 | Hamming=4 | Exact=0
K=2, n=100, m=200, rep=9 | Opt=33.00 | Pred=21.00 | Gap=0.3636 | Hamming=4 | Exact=0
K=2, n=100, m=200, rep=10 | Opt=26.00 | Pred=23.00 | Gap=0.1154 | Hamming=2 | Exact=0
K=2, n=100, m=200, rep=11 | Opt=48.00 | Pred=45.00 | Gap=0.0625 | Hamming=2 | Exact=0
K=2, n=100, m=200, rep=12 | Opt=45.00 | Pred=35.00 | Gap=0.2222 | Hamming=2 | Exact=0
K=2, n=100, m=200, rep=13 | Opt=46.00 | Pred=44.00 | Gap=0.0435 | Hamming=2 | Exact=0
K=2, n=100, m=200, rep=14 | Opt=33.00 | Pred=31.00 | Gap=0.0606 | Hamming=2 | Exact=0
K=2, n=100, m=200, rep=15 | Opt=61.00 | Pred=52.00 | Gap=0.1475 | Hamming=2 | Exact=0
K=2, n=100, m=200, rep=16 | Opt=24.00 | Pred=24.00 | Gap=0.0000 | Hamming=0 | Exact=1
K=2, n=100, m=200, rep=17 | Opt=5.00 | Pred=5.00 | Gap=0.0000 | Hamming=2 | Exact=0
K=2, n=100, m=200, rep=18 | Opt=18.00 | Pred=14.00 | Gap=0.2222 | Hamming=4 | Exact=0
K=2, n=100, m=200, rep=19 | Opt=49.00 | Pred=36.00 | Gap=0.2653 | Hamming=4 | Exact=0
K=2, n=100, m=250, rep=0 | Opt=13.00 | Pred=13.00 | Gap=0.0000 | Hamming=2 | Exact=0
K=2, n=100, m=250, rep=1 | Opt=35.00 | Pred=31.00 | Gap=0.1143 | Hamming=2 | Exact=0
K=2, n=100, m=250, rep=2 | Opt=26.00 | Pred=22.00 | Gap=0.1538 | Hamming=2 | Exact=0
K=2, n=100, m=250, rep=3 | Opt=29.00 | Pred=25.00 | Gap=0.1379 | Hamming=2 | Exact=0
K=2, n=100, m=250, rep=4 | Opt=38.00 | Pred=31.00 | Gap=0.1842 | Hamming=2 | Exact=0
K=2, n=100, m=250, rep=5 | Opt=30.00 | Pred=26.00 | Gap=0.1333 | Hamming=2 | Exact=0
K=2, n=100, m=250, rep=6 | Opt=19.00 | Pred=18.00 | Gap=0.0526 | Hamming=2 | Exact=0
K=2, n=100, m=250, rep=7 | Opt=14.00 | Pred=14.00 | Gap=0.0000 | Hamming=0 | Exact=1
K=2, n=100, m=250, rep=8 | Opt=25.00 | Pred=20.00 | Gap=0.2000 | Hamming=2 | Exact=0
K=2, n=100, m=250, rep=9 | Opt=33.00 | Pred=30.00 | Gap=0.0909 | Hamming=4 | Exact=0
K=2, n=100, m=250, rep=10 | Opt=28.00 | Pred=24.00 | Gap=0.1429 | Hamming=2 | Exact=0
K=2, n=100, m=250, rep=11 | Opt=17.00 | Pred=9.00 | Gap=0.4706 | Hamming=4 | Exact=0
K=2, n=100, m=250, rep=12 | Opt=39.00 | Pred=38.00 | Gap=0.0256 | Hamming=2 | Exact=0
K=2, n=100, m=250, rep=13 | Opt=33.00 | Pred=30.00 | Gap=0.0909 | Hamming=2 | Exact=0
K=2, n=100, m=250, rep=14 | Opt=51.00 | Pred=43.00 | Gap=0.1569 | Hamming=2 | Exact=0
K=2, n=100, m=250, rep=15 | Opt=31.00 | Pred=31.00 | Gap=0.0000 | Hamming=2 | Exact=0
K=2, n=100, m=250, rep=16 | Opt=23.00 | Pred=17.00 | Gap=0.2609 | Hamming=4 | Exact=0
K=2, n=100, m=250, rep=17 | Opt=50.00 | Pred=38.00 | Gap=0.2400 | Hamming=4 | Exact=0
K=2, n=100, m=250, rep=18 | Opt=39.00 | Pred=31.00 | Gap=0.2051 | Hamming=4 | Exact=0
K=2, n=100, m=250, rep=19 | Opt=39.00 | Pred=31.00 | Gap=0.2051 | Hamming=2 | Exact=0
K=2, n=100, m=300, rep=0 | Opt=23.00 | Pred=23.00 | Gap=0.0000 | Hamming=2 | Exact=0
K=2, n=100, m=300, rep=1 | Opt=30.00 | Pred=24.00 | Gap=0.2000 | Hamming=2 | Exact=0
K=2, n=100, m=300, rep=2 | Opt=33.00 | Pred=27.00 | Gap=0.1818 | Hamming=4 | Exact=0
K=2, n=100, m=300, rep=3 | Opt=21.00 | Pred=15.00 | Gap=0.2857 | Hamming=4 | Exact=0
K=2, n=100, m=300, rep=4 | Opt=58.00 | Pred=53.00 | Gap=0.0862 | Hamming=2 | Exact=0
K=2, n=100, m=300, rep=5 | Opt=25.00 | Pred=17.00 | Gap=0.3200 | Hamming=2 | Exact=0
K=2, n=100, m=300, rep=6 | Opt=20.00 | Pred=18.00 | Gap=0.1000 | Hamming=2 | Exact=0
K=2, n=100, m=300, rep=7 | Opt=29.00 | Pred=23.00 | Gap=0.2069 | Hamming=2 | Exact=0
K=2, n=100, m=300, rep=8 | Opt=20.00 | Pred=17.00 | Gap=0.1500 | Hamming=2 | Exact=0
K=2, n=100, m=300, rep=9 | Opt=44.00 | Pred=41.00 | Gap=0.0682 | Hamming=2 | Exact=0
K=2, n=100, m=300, rep=10 | Opt=26.00 | Pred=26.00 | Gap=0.0000 | Hamming=0 | Exact=1
K=2, n=100, m=300, rep=11 | Opt=33.00 | Pred=32.00 | Gap=0.0303 | Hamming=2 | Exact=0
K=2, n=100, m=300, rep=12 | Opt=28.00 | Pred=25.00 | Gap=0.1071 | Hamming=4 | Exact=0
K=2, n=100, m=300, rep=13 | Opt=57.00 | Pred=52.00 | Gap=0.0877 | Hamming=4 | Exact=0
K=2, n=100, m=300, rep=14 | Opt=19.00 | Pred=19.00 | Gap=0.0000 | Hamming=0 | Exact=1
K=2, n=100, m=300, rep=15 | Opt=17.00 | Pred=13.00 | Gap=0.2353 | Hamming=4 | Exact=0
K=2, n=100, m=300, rep=16 | Opt=34.00 | Pred=25.00 | Gap=0.2647 | Hamming=2 | Exact=0
K=2, n=100, m=300, rep=17 | Opt=27.00 | Pred=23.00 | Gap=0.1481 | Hamming=4 | Exact=0
K=2, n=100, m=300, rep=18 | Opt=23.00 | Pred=13.00 | Gap=0.4348 | Hamming=4 | Exact=0
K=2, n=100, m=300, rep=19 | Opt=20.00 | Pred=20.00 | Gap=0.0000 | Hamming=2 | Exact=0
K=2, n=100, m=400, rep=0 | Opt=24.00 | Pred=16.00 | Gap=0.3333 | Hamming=2 | Exact=0
K=2, n=100, m=400, rep=1 | Opt=19.00 | Pred=15.00 | Gap=0.2105 | Hamming=2 | Exact=0
K=2, n=100, m=400, rep=2 | Opt=23.00 | Pred=18.00 | Gap=0.2174 | Hamming=4 | Exact=0
K=2, n=100, m=400, rep=3 | Opt=18.00 | Pred=18.00 | Gap=0.0000 | Hamming=2 | Exact=0
K=2, n=100, m=400, rep=4 | Opt=20.00 | Pred=12.00 | Gap=0.4000 | Hamming=4 | Exact=0
K=2, n=100, m=400, rep=5 | Opt=34.00 | Pred=29.00 | Gap=0.1471 | Hamming=2 | Exact=0
K=2, n=100, m=400, rep=6 | Opt=26.00 | Pred=20.00 | Gap=0.2308 | Hamming=4 | Exact=0
K=2, n=100, m=400, rep=7 | Opt=22.00 | Pred=21.00 | Gap=0.0455 | Hamming=2 | Exact=0
K=2, n=100, m=400, rep=8 | Opt=29.00 | Pred=27.00 | Gap=0.0690 | Hamming=2 | Exact=0
K=2, n=100, m=400, rep=9 | Opt=19.00 | Pred=10.00 | Gap=0.4737 | Hamming=4 | Exact=0
K=2, n=100, m=400, rep=10 | Opt=41.00 | Pred=36.00 | Gap=0.1220 | Hamming=2 | Exact=0
K=2, n=100, m=400, rep=11 | Opt=12.00 | Pred=10.00 | Gap=0.1667 | Hamming=2 | Exact=0
K=2, n=100, m=400, rep=12 | Opt=20.00 | Pred=19.00 | Gap=0.0500 | Hamming=2 | Exact=0
K=2, n=100, m=400, rep=13 | Opt=21.00 | Pred=18.00 | Gap=0.1429 | Hamming=2 | Exact=0
K=2, n=100, m=400, rep=14 | Opt=24.00 | Pred=18.00 | Gap=0.2500 | Hamming=4 | Exact=0
K=2, n=100, m=400, rep=15 | Opt=21.00 | Pred=18.00 | Gap=0.1429 | Hamming=2 | Exact=0
K=2, n=100, m=400, rep=16 | Opt=23.00 | Pred=22.00 | Gap=0.0435 | Hamming=4 | Exact=0
K=2, n=100, m=400, rep=17 | Opt=25.00 | Pred=20.00 | Gap=0.2000 | Hamming=2 | Exact=0
K=2, n=100, m=400, rep=18 | Opt=29.00 | Pred=29.00 | Gap=0.0000 | Hamming=0 | Exact=1
K=2, n=100, m=400, rep=19 | Opt=26.00 | Pred=23.00 | Gap=0.1154 | Hamming=2 | Exact=0
K=2, n=100, m=500, rep=0 | Opt=18.00 | Pred=17.00 | Gap=0.0556 | Hamming=4 | Exact=0
K=2, n=100, m=500, rep=1 | Opt=18.00 | Pred=17.00 | Gap=0.0556 | Hamming=4 | Exact=0
K=2, n=100, m=500, rep=2 | Opt=13.00 | Pred=13.00 | Gap=0.0000 | Hamming=2 | Exact=0
K=2, n=100, m=500, rep=3 | Opt=18.00 | Pred=16.00 | Gap=0.1111 | Hamming=2 | Exact=0
K=2, n=100, m=500, rep=4 | Opt=15.00 | Pred=14.00 | Gap=0.0667 | Hamming=2 | Exact=0
K=2, n=100, m=500, rep=5 | Opt=23.00 | Pred=20.00 | Gap=0.1304 | Hamming=4 | Exact=0
K=2, n=100, m=500, rep=6 | Opt=14.00 | Pred=9.00 | Gap=0.3571 | Hamming=4 | Exact=0
K=2, n=100, m=500, rep=7 | Opt=19.00 | Pred=17.00 | Gap=0.1053 | Hamming=2 | Exact=0
K=2, n=100, m=500, rep=8 | Opt=20.00 | Pred=20.00 | Gap=0.0000 | Hamming=0 | Exact=1
K=2, n=100, m=500, rep=9 | Opt=19.00 | Pred=16.00 | Gap=0.1579 | Hamming=2 | Exact=0
K=2, n=100, m=500, rep=10 | Opt=26.00 | Pred=26.00 | Gap=0.0000 | Hamming=0 | Exact=1
K=2, n=100, m=500, rep=11 | Opt=11.00 | Pred=8.00 | Gap=0.2727 | Hamming=4 | Exact=0
K=2, n=100, m=500, rep=12 | Opt=13.00 | Pred=10.00 | Gap=0.2308 | Hamming=4 | Exact=0
K=2, n=100, m=500, rep=13 | Opt=15.00 | Pred=15.00 | Gap=0.0000 | Hamming=2 | Exact=0
K=2, n=100, m=500, rep=14 | Opt=14.00 | Pred=14.00 | Gap=0.0000 | Hamming=1 | Exact=0
K=2, n=100, m=500, rep=15 | Opt=13.00 | Pred=11.00 | Gap=0.1538 | Hamming=4 | Exact=0
K=2, n=100, m=500, rep=16 | Opt=19.00 | Pred=16.00 | Gap=0.1579 | Hamming=4 | Exact=0
K=2, n=100, m=500, rep=17 | Opt=14.00 | Pred=14.00 | Gap=0.0000 | Hamming=1 | Exact=0
K=2, n=100, m=500, rep=18 | Opt=26.00 | Pred=26.00 | Gap=0.0000 | Hamming=0 | Exact=1
K=2, n=100, m=500, rep=19 | Opt=13.00 | Pred=9.00 | Gap=0.3077 | Hamming=4 | Exact=0
K=2, n=100, m=600, rep=0 | Opt=14.00 | Pred=9.00 | Gap=0.3571 | Hamming=4 | Exact=0
K=2, n=100, m=600, rep=1 | Opt=21.00 | Pred=20.00 | Gap=0.0476 | Hamming=2 | Exact=0
K=2, n=100, m=600, rep=2 | Opt=9.00 | Pred=9.00 | Gap=0.0000 | Hamming=1 | Exact=0
K=2, n=100, m=600, rep=3 | Opt=24.00 | Pred=23.00 | Gap=0.0417 | Hamming=2 | Exact=0
K=2, n=100, m=600, rep=4 | Opt=19.00 | Pred=19.00 | Gap=0.0000 | Hamming=2 | Exact=0
K=2, n=100, m=600, rep=5 | Opt=15.00 | Pred=15.00 | Gap=0.0000 | Hamming=2 | Exact=0
K=2, n=100, m=600, rep=6 | Opt=18.00 | Pred=15.00 | Gap=0.1667 | Hamming=2 | Exact=0
K=2, n=100, m=600, rep=7 | Opt=15.00 | Pred=11.00 | Gap=0.2667 | Hamming=4 | Exact=0
K=2, n=100, m=600, rep=8 | Opt=19.00 | Pred=17.00 | Gap=0.1053 | Hamming=2 | Exact=0
K=2, n=100, m=600, rep=9 | Opt=15.00 | Pred=8.00 | Gap=0.4667 | Hamming=4 | Exact=0
K=2, n=100, m=600, rep=10 | Opt=10.00 | Pred=9.00 | Gap=0.1000 | Hamming=2 | Exact=0
K=2, n=100, m=600, rep=11 | Opt=4.00 | Pred=3.00 | Gap=0.2500 | Hamming=2 | Exact=0
K=2, n=100, m=600, rep=12 | Opt=15.00 | Pred=11.00 | Gap=0.2667 | Hamming=4 | Exact=0
K=2, n=100, m=600, rep=13 | Opt=20.00 | Pred=19.00 | Gap=0.0500 | Hamming=2 | Exact=0
K=2, n=100, m=600, rep=14 | Opt=15.00 | Pred=13.00 | Gap=0.1333 | Hamming=4 | Exact=0
K=2, n=100, m=600, rep=15 | Opt=22.00 | Pred=20.00 | Gap=0.0909 | Hamming=4 | Exact=0
K=2, n=100, m=600, rep=16 | Opt=14.00 | Pred=14.00 | Gap=0.0000 | Hamming=2 | Exact=0
K=2, n=100, m=600, rep=17 | Opt=18.00 | Pred=18.00 | Gap=0.0000 | Hamming=2 | Exact=0
K=2, n=100, m=600, rep=18 | Opt=19.00 | Pred=18.00 | Gap=0.0526 | Hamming=4 | Exact=0
K=2, n=100, m=600, rep=19 | Opt=18.00 | Pred=12.00 | Gap=0.3333 | Hamming=2 | Exact=0
K=2, n=100, m=800, rep=0 | Opt=8.00 | Pred=8.00 | Gap=0.0000 | Hamming=1 | Exact=0
K=2, n=100, m=800, rep=1 | Opt=9.00 | Pred=8.00 | Gap=0.1111 | Hamming=2 | Exact=0
K=2, n=100, m=800, rep=2 | Opt=12.00 | Pred=10.00 | Gap=0.1667 | Hamming=2 | Exact=0
K=2, n=100, m=800, rep=3 | Opt=14.00 | Pred=14.00 | Gap=0.0000 | Hamming=2 | Exact=0
K=2, n=100, m=800, rep=4 | Opt=10.00 | Pred=9.00 | Gap=0.1000 | Hamming=2 | Exact=0
K=2, n=100, m=800, rep=5 | Opt=8.00 | Pred=5.00 | Gap=0.3750 | Hamming=4 | Exact=0
K=2, n=100, m=800, rep=6 | Opt=17.00 | Pred=16.00 | Gap=0.0588 | Hamming=4 | Exact=0
K=2, n=100, m=800, rep=7 | Opt=9.00 | Pred=8.00 | Gap=0.1111 | Hamming=2 | Exact=0
K=2, n=100, m=800, rep=8 | Opt=16.00 | Pred=12.00 | Gap=0.2500 | Hamming=2 | Exact=0
K=2, n=100, m=800, rep=9 | Opt=9.00 | Pred=9.00 | Gap=0.0000 | Hamming=3 | Exact=0
K=2, n=100, m=800, rep=10 | Opt=11.00 | Pred=4.00 | Gap=0.6364 | Hamming=4 | Exact=0
K=2, n=100, m=800, rep=11 | Opt=12.00 | Pred=11.00 | Gap=0.0833 | Hamming=2 | Exact=0
K=2, n=100, m=800, rep=12 | Opt=12.00 | Pred=12.00 | Gap=0.0000 | Hamming=0 | Exact=1
K=2, n=100, m=800, rep=13 | Opt=14.00 | Pred=14.00 | Gap=0.0000 | Hamming=0 | Exact=1
K=2, n=100, m=800, rep=14 | Opt=9.00 | Pred=7.00 | Gap=0.2222 | Hamming=2 | Exact=0
K=2, n=100, m=800, rep=15 | Opt=21.00 | Pred=20.00 | Gap=0.0476 | Hamming=2 | Exact=0
K=2, n=100, m=800, rep=16 | Opt=12.00 | Pred=12.00 | Gap=0.0000 | Hamming=0 | Exact=1
K=2, n=100, m=800, rep=17 | Opt=14.00 | Pred=12.00 | Gap=0.1429 | Hamming=2 | Exact=0
K=2, n=100, m=800, rep=18 | Opt=18.00 | Pred=14.00 | Gap=0.2222 | Hamming=4 | Exact=0
K=2, n=100, m=800, rep=19 | Opt=12.00 | Pred=9.00 | Gap=0.2500 | Hamming=2 | Exact=0
K=2, n=200, m=400, rep=0 | Opt=43.00 | Pred=33.00 | Gap=0.2326 | Hamming=2 | Exact=0
K=2, n=200, m=400, rep=1 | Opt=43.00 | Pred=37.00 | Gap=0.1395 | Hamming=4 | Exact=0
K=2, n=200, m=400, rep=2 | Opt=52.00 | Pred=51.00 | Gap=0.0192 | Hamming=2 | Exact=0
K=2, n=200, m=400, rep=3 | Opt=54.00 | Pred=44.00 | Gap=0.1852 | Hamming=2 | Exact=0
K=2, n=200, m=400, rep=4 | Opt=59.00 | Pred=49.00 | Gap=0.1695 | Hamming=4 | Exact=0
K=2, n=200, m=400, rep=5 | Opt=72.00 | Pred=59.00 | Gap=0.1806 | Hamming=4 | Exact=0
K=2, n=200, m=400, rep=6 | Opt=83.00 | Pred=74.00 | Gap=0.1084 | Hamming=4 | Exact=0
K=2, n=200, m=400, rep=7 | Opt=84.00 | Pred=68.00 | Gap=0.1905 | Hamming=4 | Exact=0
K=2, n=200, m=400, rep=8 | Opt=45.00 | Pred=40.00 | Gap=0.1111 | Hamming=4 | Exact=0
K=2, n=200, m=400, rep=9 | Opt=66.00 | Pred=66.00 | Gap=0.0000 | Hamming=0 | Exact=1
K=2, n=200, m=400, rep=10 | Opt=24.00 | Pred=12.00 | Gap=0.5000 | Hamming=4 | Exact=0
K=2, n=200, m=400, rep=11 | Opt=46.00 | Pred=41.00 | Gap=0.1087 | Hamming=4 | Exact=0
K=2, n=200, m=400, rep=12 | Opt=50.00 | Pred=46.00 | Gap=0.0800 | Hamming=2 | Exact=0
K=2, n=200, m=400, rep=13 | Opt=58.00 | Pred=55.00 | Gap=0.0517 | Hamming=2 | Exact=0
K=2, n=200, m=400, rep=14 | Opt=84.00 | Pred=67.00 | Gap=0.2024 | Hamming=4 | Exact=0
K=2, n=200, m=400, rep=15 | Opt=75.00 | Pred=65.00 | Gap=0.1333 | Hamming=4 | Exact=0
K=2, n=200, m=400, rep=16 | Opt=61.00 | Pred=52.00 | Gap=0.1475 | Hamming=2 | Exact=0
K=2, n=200, m=400, rep=17 | Opt=48.00 | Pred=38.00 | Gap=0.2083 | Hamming=4 | Exact=0
K=2, n=200, m=400, rep=18 | Opt=87.00 | Pred=81.00 | Gap=0.0690 | Hamming=4 | Exact=0
K=2, n=200, m=400, rep=19 | Opt=65.00 | Pred=65.00 | Gap=0.0000 | Hamming=0 | Exact=1
K=2, n=200, m=500, rep=0 | Opt=35.00 | Pred=33.00 | Gap=0.0571 | Hamming=2 | Exact=0
K=2, n=200, m=500, rep=1 | Opt=34.00 | Pred=31.00 | Gap=0.0882 | Hamming=4 | Exact=0
K=2, n=200, m=500, rep=2 | Opt=49.00 | Pred=49.00 | Gap=0.0000 | Hamming=0 | Exact=1
K=2, n=200, m=500, rep=3 | Opt=35.00 | Pred=27.00 | Gap=0.2286 | Hamming=2 | Exact=0
K=2, n=200, m=500, rep=4 | Opt=37.00 | Pred=32.00 | Gap=0.1351 | Hamming=4 | Exact=0
K=2, n=200, m=500, rep=5 | Opt=22.00 | Pred=15.00 | Gap=0.3182 | Hamming=3 | Exact=0
K=2, n=200, m=500, rep=6 | Opt=34.00 | Pred=30.00 | Gap=0.1176 | Hamming=4 | Exact=0
K=2, n=200, m=500, rep=7 | Opt=37.00 | Pred=32.00 | Gap=0.1351 | Hamming=4 | Exact=0
K=2, n=200, m=500, rep=8 | Opt=34.00 | Pred=25.00 | Gap=0.2647 | Hamming=4 | Exact=0
K=2, n=200, m=500, rep=9 | Opt=33.00 | Pred=24.00 | Gap=0.2727 | Hamming=4 | Exact=0
K=2, n=200, m=500, rep=10 | Opt=30.00 | Pred=23.00 | Gap=0.2333 | Hamming=2 | Exact=0
K=2, n=200, m=500, rep=11 | Opt=49.00 | Pred=45.00 | Gap=0.0816 | Hamming=2 | Exact=0
K=2, n=200, m=500, rep=12 | Opt=28.00 | Pred=19.00 | Gap=0.3214 | Hamming=4 | Exact=0
K=2, n=200, m=500, rep=13 | Opt=24.00 | Pred=17.00 | Gap=0.2917 | Hamming=4 | Exact=0
K=2, n=200, m=500, rep=14 | Opt=42.00 | Pred=41.00 | Gap=0.0238 | Hamming=2 | Exact=0
K=2, n=200, m=500, rep=15 | Opt=34.00 | Pred=31.00 | Gap=0.0882 | Hamming=4 | Exact=0
K=2, n=200, m=500, rep=16 | Opt=38.00 | Pred=31.00 | Gap=0.1842 | Hamming=4 | Exact=0
K=2, n=200, m=500, rep=17 | Opt=34.00 | Pred=29.00 | Gap=0.1471 | Hamming=2 | Exact=0
K=2, n=200, m=500, rep=18 | Opt=39.00 | Pred=39.00 | Gap=0.0000 | Hamming=0 | Exact=1
K=2, n=200, m=500, rep=19 | Opt=56.00 | Pred=51.00 | Gap=0.0893 | Hamming=2 | Exact=0
K=2, n=200, m=600, rep=0 | Opt=28.00 | Pred=23.00 | Gap=0.1786 | Hamming=4 | Exact=0
K=2, n=200, m=600, rep=1 | Opt=31.00 | Pred=25.00 | Gap=0.1935 | Hamming=2 | Exact=0
K=2, n=200, m=600, rep=2 | Opt=30.00 | Pred=30.00 | Gap=0.0000 | Hamming=2 | Exact=0
K=2, n=200, m=600, rep=3 | Opt=27.00 | Pred=25.00 | Gap=0.0741 | Hamming=2 | Exact=0
K=2, n=200, m=600, rep=4 | Opt=22.00 | Pred=21.00 | Gap=0.0455 | Hamming=2 | Exact=0
K=2, n=200, m=600, rep=5 | Opt=32.00 | Pred=23.00 | Gap=0.2812 | Hamming=4 | Exact=0
K=2, n=200, m=600, rep=6 | Opt=27.00 | Pred=17.00 | Gap=0.3704 | Hamming=2 | Exact=0
K=2, n=200, m=600, rep=7 | Opt=26.00 | Pred=19.00 | Gap=0.2692 | Hamming=4 | Exact=0
K=2, n=200, m=600, rep=8 | Opt=35.00 | Pred=31.00 | Gap=0.1143 | Hamming=4 | Exact=0
K=2, n=200, m=600, rep=9 | Opt=38.00 | Pred=34.00 | Gap=0.1053 | Hamming=2 | Exact=0
K=2, n=200, m=600, rep=10 | Opt=25.00 | Pred=18.00 | Gap=0.2800 | Hamming=4 | Exact=0
K=2, n=200, m=600, rep=11 | Opt=33.00 | Pred=28.00 | Gap=0.1515 | Hamming=4 | Exact=0
K=2, n=200, m=600, rep=12 | Opt=34.00 | Pred=34.00 | Gap=0.0000 | Hamming=1 | Exact=0
K=2, n=200, m=600, rep=13 | Opt=25.00 | Pred=21.00 | Gap=0.1600 | Hamming=4 | Exact=0
K=2, n=200, m=600, rep=14 | Opt=38.00 | Pred=38.00 | Gap=0.0000 | Hamming=0 | Exact=1
K=2, n=200, m=600, rep=15 | Opt=39.00 | Pred=36.00 | Gap=0.0769 | Hamming=4 | Exact=0
K=2, n=200, m=600, rep=16 | Opt=19.00 | Pred=19.00 | Gap=0.0000 | Hamming=2 | Exact=0
K=2, n=200, m=600, rep=17 | Opt=29.00 | Pred=28.00 | Gap=0.0345 | Hamming=2 | Exact=0
K=2, n=200, m=600, rep=18 | Opt=35.00 | Pred=33.00 | Gap=0.0571 | Hamming=4 | Exact=0
K=2, n=200, m=600, rep=19 | Opt=27.00 | Pred=21.00 | Gap=0.2222 | Hamming=2 | Exact=0
K=2, n=200, m=800, rep=0 | Opt=19.00 | Pred=13.00 | Gap=0.3158 | Hamming=2 | Exact=0
K=2, n=200, m=800, rep=1 | Opt=25.00 | Pred=24.00 | Gap=0.0400 | Hamming=2 | Exact=0
K=2, n=200, m=800, rep=2 | Opt=25.00 | Pred=20.00 | Gap=0.2000 | Hamming=4 | Exact=0
K=2, n=200, m=800, rep=3 | Opt=25.00 | Pred=19.00 | Gap=0.2400 | Hamming=2 | Exact=0
K=2, n=200, m=800, rep=4 | Opt=36.00 | Pred=26.00 | Gap=0.2778 | Hamming=2 | Exact=0
K=2, n=200, m=800, rep=5 | Opt=21.00 | Pred=16.00 | Gap=0.2381 | Hamming=4 | Exact=0
K=2, n=200, m=800, rep=6 | Opt=30.00 | Pred=25.00 | Gap=0.1667 | Hamming=4 | Exact=0
K=2, n=200, m=800, rep=7 | Opt=23.00 | Pred=17.00 | Gap=0.2609 | Hamming=4 | Exact=0
K=2, n=200, m=800, rep=8 | Opt=25.00 | Pred=21.00 | Gap=0.1600 | Hamming=4 | Exact=0
K=2, n=200, m=800, rep=9 | Opt=29.00 | Pred=26.00 | Gap=0.1034 | Hamming=2 | Exact=0
K=2, n=200, m=800, rep=10 | Opt=24.00 | Pred=16.00 | Gap=0.3333 | Hamming=4 | Exact=0
K=2, n=200, m=800, rep=11 | Opt=33.00 | Pred=33.00 | Gap=0.0000 | Hamming=0 | Exact=1
K=2, n=200, m=800, rep=12 | Opt=25.00 | Pred=23.00 | Gap=0.0800 | Hamming=2 | Exact=0
K=2, n=200, m=800, rep=13 | Opt=14.00 | Pred=10.00 | Gap=0.2857 | Hamming=2 | Exact=0
K=2, n=200, m=800, rep=14 | Opt=14.00 | Pred=12.00 | Gap=0.1429 | Hamming=2 | Exact=0
K=2, n=200, m=800, rep=15 | Opt=15.00 | Pred=8.00 | Gap=0.4667 | Hamming=4 | Exact=0
K=2, n=200, m=800, rep=16 | Opt=19.00 | Pred=18.00 | Gap=0.0526 | Hamming=4 | Exact=0
K=2, n=200, m=800, rep=17 | Opt=37.00 | Pred=34.00 | Gap=0.0811 | Hamming=2 | Exact=0
K=2, n=200, m=800, rep=18 | Opt=27.00 | Pred=19.00 | Gap=0.2963 | Hamming=2 | Exact=0
K=2, n=200, m=800, rep=19 | Opt=22.00 | Pred=21.00 | Gap=0.0455 | Hamming=2 | Exact=0
K=2, n=200, m=1000, rep=0 | Opt=27.00 | Pred=24.00 | Gap=0.1111 | Hamming=2 | Exact=0
K=2, n=200, m=1000, rep=1 | Opt=25.00 | Pred=25.00 | Gap=0.0000 | Hamming=0 | Exact=1
K=2, n=200, m=1000, rep=2 | Opt=29.00 | Pred=23.00 | Gap=0.2069 | Hamming=4 | Exact=0
K=2, n=200, m=1000, rep=3 | Opt=19.00 | Pred=15.00 | Gap=0.2105 | Hamming=2 | Exact=0
K=2, n=200, m=1000, rep=4 | Opt=20.00 | Pred=15.00 | Gap=0.2500 | Hamming=4 | Exact=0
K=2, n=200, m=1000, rep=5 | Opt=19.00 | Pred=14.00 | Gap=0.2632 | Hamming=2 | Exact=0
K=2, n=200, m=1000, rep=6 | Opt=18.00 | Pred=16.00 | Gap=0.1111 | Hamming=4 | Exact=0
K=2, n=200, m=1000, rep=7 | Opt=22.00 | Pred=18.00 | Gap=0.1818 | Hamming=2 | Exact=0
K=2, n=200, m=1000, rep=8 | Opt=16.00 | Pred=13.00 | Gap=0.1875 | Hamming=4 | Exact=0
K=2, n=200, m=1000, rep=9 | Opt=29.00 | Pred=23.00 | Gap=0.2069 | Hamming=4 | Exact=0
K=2, n=200, m=1000, rep=10 | Opt=24.00 | Pred=21.00 | Gap=0.1250 | Hamming=4 | Exact=0
K=2, n=200, m=1000, rep=11 | Opt=31.00 | Pred=31.00 | Gap=0.0000 | Hamming=0 | Exact=1
K=2, n=200, m=1000, rep=12 | Opt=19.00 | Pred=16.00 | Gap=0.1579 | Hamming=2 | Exact=0
K=2, n=200, m=1000, rep=13 | Opt=18.00 | Pred=13.00 | Gap=0.2778 | Hamming=2 | Exact=0
K=2, n=200, m=1000, rep=14 | Opt=16.00 | Pred=9.00 | Gap=0.4375 | Hamming=4 | Exact=0
K=2, n=200, m=1000, rep=15 | Opt=11.00 | Pred=11.00 | Gap=0.0000 | Hamming=0 | Exact=1
K=2, n=200, m=1000, rep=16 | Opt=17.00 | Pred=17.00 | Gap=0.0000 | Hamming=0 | Exact=1
K=2, n=200, m=1000, rep=17 | Opt=19.00 | Pred=15.00 | Gap=0.2105 | Hamming=4 | Exact=0
K=2, n=200, m=1000, rep=18 | Opt=18.00 | Pred=14.00 | Gap=0.2222 | Hamming=4 | Exact=0
K=2, n=200, m=1000, rep=19 | Opt=28.00 | Pred=21.00 | Gap=0.2500 | Hamming=4 | Exact=0
K=2, n=200, m=1200, rep=0 | Opt=22.00 | Pred=20.00 | Gap=0.0909 | Hamming=2 | Exact=0
K=2, n=200, m=1200, rep=1 | Opt=16.00 | Pred=13.00 | Gap=0.1875 | Hamming=2 | Exact=0
K=2, n=200, m=1200, rep=2 | Opt=11.00 | Pred=11.00 | Gap=0.0000 | Hamming=1 | Exact=0
K=2, n=200, m=1200, rep=3 | Opt=11.00 | Pred=10.00 | Gap=0.0909 | Hamming=2 | Exact=0
K=2, n=200, m=1200, rep=4 | Opt=14.00 | Pred=10.00 | Gap=0.2857 | Hamming=2 | Exact=0
K=2, n=200, m=1200, rep=5 | Opt=16.00 | Pred=15.00 | Gap=0.0625 | Hamming=2 | Exact=0
K=2, n=200, m=1200, rep=6 | Opt=21.00 | Pred=21.00 | Gap=0.0000 | Hamming=0 | Exact=1
K=2, n=200, m=1200, rep=7 | Opt=20.00 | Pred=18.00 | Gap=0.1000 | Hamming=2 | Exact=0
K=2, n=200, m=1200, rep=8 | Opt=18.00 | Pred=13.00 | Gap=0.2778 | Hamming=4 | Exact=0
K=2, n=200, m=1200, rep=9 | Opt=17.00 | Pred=15.00 | Gap=0.1176 | Hamming=4 | Exact=0
K=2, n=200, m=1200, rep=10 | Opt=16.00 | Pred=9.00 | Gap=0.4375 | Hamming=4 | Exact=0
K=2, n=200, m=1200, rep=11 | Opt=14.00 | Pred=14.00 | Gap=0.0000 | Hamming=0 | Exact=1
K=2, n=200, m=1200, rep=12 | Opt=15.00 | Pred=13.00 | Gap=0.1333 | Hamming=4 | Exact=0
K=2, n=200, m=1200, rep=13 | Opt=17.00 | Pred=17.00 | Gap=0.0000 | Hamming=0 | Exact=1
K=2, n=200, m=1200, rep=14 | Opt=18.00 | Pred=15.00 | Gap=0.1667 | Hamming=4 | Exact=0
K=2, n=200, m=1200, rep=15 | Opt=20.00 | Pred=16.00 | Gap=0.2000 | Hamming=4 | Exact=0
K=2, n=200, m=1200, rep=16 | Opt=18.00 | Pred=16.00 | Gap=0.1111 | Hamming=2 | Exact=0
K=2, n=200, m=1200, rep=17 | Opt=14.00 | Pred=10.00 | Gap=0.2857 | Hamming=4 | Exact=0
K=2, n=200, m=1200, rep=18 | Opt=18.00 | Pred=15.00 | Gap=0.1667 | Hamming=2 | Exact=0
K=2, n=200, m=1200, rep=19 | Opt=5.00 | Pred=5.00 | Gap=0.0000 | Hamming=1 | Exact=0
K=2, n=200, m=1600, rep=0 | Opt=12.00 | Pred=9.00 | Gap=0.2500 | Hamming=2 | Exact=0
K=2, n=200, m=1600, rep=1 | Opt=14.00 | Pred=6.00 | Gap=0.5714 | Hamming=2 | Exact=0
K=2, n=200, m=1600, rep=2 | Opt=12.00 | Pred=12.00 | Gap=0.0000 | Hamming=4 | Exact=0
K=2, n=200, m=1600, rep=3 | Opt=12.00 | Pred=12.00 | Gap=0.0000 | Hamming=0 | Exact=1
K=2, n=200, m=1600, rep=4 | Opt=7.00 | Pred=5.00 | Gap=0.2857 | Hamming=4 | Exact=0
K=2, n=200, m=1600, rep=5 | Opt=12.00 | Pred=12.00 | Gap=0.0000 | Hamming=2 | Exact=0
K=2, n=200, m=1600, rep=6 | Opt=12.00 | Pred=9.00 | Gap=0.2500 | Hamming=4 | Exact=0
K=2, n=200, m=1600, rep=7 | Opt=15.00 | Pred=12.00 | Gap=0.2000 | Hamming=2 | Exact=0
K=2, n=200, m=1600, rep=8 | Opt=21.00 | Pred=20.00 | Gap=0.0476 | Hamming=2 | Exact=0
K=2, n=200, m=1600, rep=9 | Opt=14.00 | Pred=14.00 | Gap=0.0000 | Hamming=0 | Exact=1
K=2, n=200, m=1600, rep=10 | Opt=11.00 | Pred=10.00 | Gap=0.0909 | Hamming=3 | Exact=0
K=2, n=200, m=1600, rep=11 | Opt=12.00 | Pred=11.00 | Gap=0.0833 | Hamming=2 | Exact=0
K=2, n=200, m=1600, rep=12 | Opt=10.00 | Pred=10.00 | Gap=0.0000 | Hamming=1 | Exact=0
K=2, n=200, m=1600, rep=13 | Opt=11.00 | Pred=5.00 | Gap=0.5455 | Hamming=4 | Exact=0
K=2, n=200, m=1600, rep=14 | Opt=13.00 | Pred=10.00 | Gap=0.2308 | Hamming=4 | Exact=0
K=2, n=200, m=1600, rep=15 | Opt=13.00 | Pred=12.00 | Gap=0.0769 | Hamming=2 | Exact=0
K=2, n=200, m=1600, rep=16 | Opt=10.00 | Pred=8.00 | Gap=0.2000 | Hamming=2 | Exact=0
K=2, n=200, m=1600, rep=17 | Opt=16.00 | Pred=13.00 | Gap=0.1875 | Hamming=4 | Exact=0
K=2, n=200, m=1600, rep=18 | Opt=13.00 | Pred=12.00 | Gap=0.0769 | Hamming=4 | Exact=0
K=2, n=200, m=1600, rep=19 | Opt=8.00 | Pred=8.00 | Gap=0.0000 | Hamming=1 | Exact=0
K=2, n=400, m=800, rep=0 | Opt=62.00 | Pred=50.00 | Gap=0.1935 | Hamming=4 | Exact=0
K=2, n=400, m=800, rep=1 | Opt=43.00 | Pred=42.00 | Gap=0.0233 | Hamming=2 | Exact=0
K=2, n=400, m=800, rep=2 | Opt=63.00 | Pred=59.00 | Gap=0.0635 | Hamming=2 | Exact=0
K=2, n=400, m=800, rep=3 | Opt=48.00 | Pred=44.00 | Gap=0.0833 | Hamming=2 | Exact=0
K=2, n=400, m=800, rep=4 | Opt=76.00 | Pred=66.00 | Gap=0.1316 | Hamming=4 | Exact=0
K=2, n=400, m=800, rep=5 | Opt=62.00 | Pred=59.00 | Gap=0.0484 | Hamming=2 | Exact=0
K=2, n=400, m=800, rep=6 | Opt=46.00 | Pred=36.00 | Gap=0.2174 | Hamming=4 | Exact=0
K=2, n=400, m=800, rep=7 | Opt=62.00 | Pred=56.00 | Gap=0.0968 | Hamming=2 | Exact=0
K=2, n=400, m=800, rep=8 | Opt=39.00 | Pred=30.00 | Gap=0.2308 | Hamming=2 | Exact=0
K=2, n=400, m=800, rep=9 | Opt=36.00 | Pred=31.00 | Gap=0.1389 | Hamming=2 | Exact=0
K=2, n=400, m=800, rep=10 | Opt=53.00 | Pred=47.00 | Gap=0.1132 | Hamming=4 | Exact=0
K=2, n=400, m=800, rep=11 | Opt=59.00 | Pred=53.00 | Gap=0.1017 | Hamming=2 | Exact=0
K=2, n=400, m=800, rep=12 | Opt=38.00 | Pred=38.00 | Gap=0.0000 | Hamming=2 | Exact=0
K=2, n=400, m=800, rep=13 | Opt=48.00 | Pred=47.00 | Gap=0.0208 | Hamming=2 | Exact=0
K=2, n=400, m=800, rep=14 | Opt=60.00 | Pred=50.00 | Gap=0.1667 | Hamming=2 | Exact=0
K=2, n=400, m=800, rep=15 | Opt=75.00 | Pred=67.00 | Gap=0.1067 | Hamming=2 | Exact=0
K=2, n=400, m=800, rep=16 | Opt=60.00 | Pred=56.00 | Gap=0.0667 | Hamming=4 | Exact=0
K=2, n=400, m=800, rep=17 | Opt=61.00 | Pred=54.00 | Gap=0.1148 | Hamming=2 | Exact=0
K=2, n=400, m=800, rep=18 | Opt=100.00 | Pred=96.00 | Gap=0.0400 | Hamming=2 | Exact=0
K=2, n=400, m=800, rep=19 | Opt=56.00 | Pred=53.00 | Gap=0.0536 | Hamming=4 | Exact=0
K=2, n=400, m=1000, rep=0 | Opt=42.00 | Pred=37.00 | Gap=0.1190 | Hamming=4 | Exact=0
K=2, n=400, m=1000, rep=1 | Opt=34.00 | Pred=28.00 | Gap=0.1765 | Hamming=2 | Exact=0
K=2, n=400, m=1000, rep=2 | Opt=41.00 | Pred=36.00 | Gap=0.1220 | Hamming=2 | Exact=0
K=2, n=400, m=1000, rep=3 | Opt=41.00 | Pred=32.00 | Gap=0.2195 | Hamming=4 | Exact=0
K=2, n=400, m=1000, rep=4 | Opt=36.00 | Pred=32.00 | Gap=0.1111 | Hamming=4 | Exact=0
K=2, n=400, m=1000, rep=5 | Opt=28.00 | Pred=22.00 | Gap=0.2143 | Hamming=2 | Exact=0
K=2, n=400, m=1000, rep=6 | Opt=44.00 | Pred=41.00 | Gap=0.0682 | Hamming=4 | Exact=0
K=2, n=400, m=1000, rep=7 | Opt=39.00 | Pred=38.00 | Gap=0.0256 | Hamming=2 | Exact=0
K=2, n=400, m=1000, rep=8 | Opt=46.00 | Pred=40.00 | Gap=0.1304 | Hamming=4 | Exact=0
K=2, n=400, m=1000, rep=9 | Opt=31.00 | Pred=31.00 | Gap=0.0000 | Hamming=0 | Exact=1
K=2, n=400, m=1000, rep=10 | Opt=37.00 | Pred=37.00 | Gap=0.0000 | Hamming=0 | Exact=1
K=2, n=400, m=1000, rep=11 | Opt=26.00 | Pred=13.00 | Gap=0.5000 | Hamming=4 | Exact=0
K=2, n=400, m=1000, rep=12 | Opt=46.00 | Pred=30.00 | Gap=0.3478 | Hamming=4 | Exact=0
K=2, n=400, m=1000, rep=13 | Opt=41.00 | Pred=36.00 | Gap=0.1220 | Hamming=4 | Exact=0
K=2, n=400, m=1000, rep=14 | Opt=54.00 | Pred=49.00 | Gap=0.0926 | Hamming=4 | Exact=0
K=2, n=400, m=1000, rep=15 | Opt=30.00 | Pred=30.00 | Gap=0.0000 | Hamming=0 | Exact=1
K=2, n=400, m=1000, rep=16 | Opt=48.00 | Pred=47.00 | Gap=0.0208 | Hamming=2 | Exact=0
K=2, n=400, m=1000, rep=17 | Opt=36.00 | Pred=24.00 | Gap=0.3333 | Hamming=4 | Exact=0
K=2, n=400, m=1000, rep=18 | Opt=40.00 | Pred=33.00 | Gap=0.1750 | Hamming=2 | Exact=0
K=2, n=400, m=1000, rep=19 | Opt=41.00 | Pred=37.00 | Gap=0.0976 | Hamming=4 | Exact=0
K=2, n=400, m=1200, rep=0 | Opt=29.00 | Pred=27.00 | Gap=0.0690 | Hamming=4 | Exact=0
K=2, n=400, m=1200, rep=1 | Opt=46.00 | Pred=40.00 | Gap=0.1304 | Hamming=2 | Exact=0
K=2, n=400, m=1200, rep=2 | Opt=34.00 | Pred=34.00 | Gap=0.0000 | Hamming=0 | Exact=1
K=2, n=400, m=1200, rep=3 | Opt=35.00 | Pred=29.00 | Gap=0.1714 | Hamming=2 | Exact=0
K=2, n=400, m=1200, rep=4 | Opt=31.00 | Pred=28.00 | Gap=0.0968 | Hamming=4 | Exact=0
K=2, n=400, m=1200, rep=5 | Opt=40.00 | Pred=37.00 | Gap=0.0750 | Hamming=2 | Exact=0
K=2, n=400, m=1200, rep=6 | Opt=26.00 | Pred=26.00 | Gap=0.0000 | Hamming=0 | Exact=1
K=2, n=400, m=1200, rep=7 | Opt=27.00 | Pred=27.00 | Gap=0.0000 | Hamming=0 | Exact=1
K=2, n=400, m=1200, rep=8 | Opt=27.00 | Pred=26.00 | Gap=0.0370 | Hamming=2 | Exact=0
K=2, n=400, m=1200, rep=9 | Opt=38.00 | Pred=38.00 | Gap=0.0000 | Hamming=0 | Exact=1
K=2, n=400, m=1200, rep=10 | Opt=37.00 | Pred=29.00 | Gap=0.2162 | Hamming=4 | Exact=0
K=2, n=400, m=1200, rep=11 | Opt=41.00 | Pred=41.00 | Gap=0.0000 | Hamming=0 | Exact=1
K=2, n=400, m=1200, rep=12 | Opt=45.00 | Pred=41.00 | Gap=0.0889 | Hamming=4 | Exact=0
K=2, n=400, m=1200, rep=13 | Opt=37.00 | Pred=28.00 | Gap=0.2432 | Hamming=4 | Exact=0
K=2, n=400, m=1200, rep=14 | Opt=29.00 | Pred=18.00 | Gap=0.3793 | Hamming=4 | Exact=0
K=2, n=400, m=1200, rep=15 | Opt=30.00 | Pred=30.00 | Gap=0.0000 | Hamming=2 | Exact=0
K=2, n=400, m=1200, rep=16 | Opt=45.00 | Pred=40.00 | Gap=0.1111 | Hamming=2 | Exact=0
K=2, n=400, m=1200, rep=17 | Opt=39.00 | Pred=39.00 | Gap=0.0000 | Hamming=0 | Exact=1
K=2, n=400, m=1200, rep=18 | Opt=42.00 | Pred=36.00 | Gap=0.1429 | Hamming=2 | Exact=0
K=2, n=400, m=1200, rep=19 | Opt=29.00 | Pred=19.00 | Gap=0.3448 | Hamming=2 | Exact=0
K=2, n=400, m=1600, rep=0 | Opt=32.00 | Pred=30.00 | Gap=0.0625 | Hamming=2 | Exact=0
K=2, n=400, m=1600, rep=1 | Opt=29.00 | Pred=27.00 | Gap=0.0690 | Hamming=2 | Exact=0
K=2, n=400, m=1600, rep=2 | Opt=26.00 | Pred=24.00 | Gap=0.0769 | Hamming=2 | Exact=0
K=2, n=400, m=1600, rep=3 | Opt=22.00 | Pred=18.00 | Gap=0.1818 | Hamming=4 | Exact=0
K=2, n=400, m=1600, rep=4 | Opt=20.00 | Pred=17.00 | Gap=0.1500 | Hamming=4 | Exact=0
K=2, n=400, m=1600, rep=5 | Opt=26.00 | Pred=25.00 | Gap=0.0385 | Hamming=4 | Exact=0
K=2, n=400, m=1600, rep=6 | Opt=26.00 | Pred=26.00 | Gap=0.0000 | Hamming=4 | Exact=0
K=2, n=400, m=1600, rep=7 | Opt=25.00 | Pred=21.00 | Gap=0.1600 | Hamming=2 | Exact=0
K=2, n=400, m=1600, rep=8 | Opt=21.00 | Pred=13.00 | Gap=0.3810 | Hamming=4 | Exact=0
K=2, n=400, m=1600, rep=9 | Opt=22.00 | Pred=18.00 | Gap=0.1818 | Hamming=2 | Exact=0
K=2, n=400, m=1600, rep=10 | Opt=25.00 | Pred=23.00 | Gap=0.0800 | Hamming=4 | Exact=0
K=2, n=400, m=1600, rep=11 | Opt=36.00 | Pred=33.00 | Gap=0.0833 | Hamming=4 | Exact=0
K=2, n=400, m=1600, rep=12 | Opt=20.00 | Pred=19.00 | Gap=0.0500 | Hamming=2 | Exact=0
K=2, n=400, m=1600, rep=13 | Opt=27.00 | Pred=23.00 | Gap=0.1481 | Hamming=4 | Exact=0
K=2, n=400, m=1600, rep=14 | Opt=23.00 | Pred=19.00 | Gap=0.1739 | Hamming=4 | Exact=0
K=2, n=400, m=1600, rep=15 | Opt=24.00 | Pred=23.00 | Gap=0.0417 | Hamming=4 | Exact=0
K=2, n=400, m=1600, rep=16 | Opt=29.00 | Pred=25.00 | Gap=0.1379 | Hamming=2 | Exact=0
K=2, n=400, m=1600, rep=17 | Opt=20.00 | Pred=18.00 | Gap=0.1000 | Hamming=4 | Exact=0
K=2, n=400, m=1600, rep=18 | Opt=27.00 | Pred=25.00 | Gap=0.0741 | Hamming=2 | Exact=0
K=2, n=400, m=1600, rep=19 | Opt=26.00 | Pred=21.00 | Gap=0.1923 | Hamming=2 | Exact=0
K=2, n=400, m=2000, rep=0 | Opt=18.00 | Pred=18.00 | Gap=0.0000 | Hamming=0 | Exact=1
K=2, n=400, m=2000, rep=1 | Opt=22.00 | Pred=15.00 | Gap=0.3182 | Hamming=2 | Exact=0
K=2, n=400, m=2000, rep=2 | Opt=20.00 | Pred=20.00 | Gap=0.0000 | Hamming=2 | Exact=0
K=2, n=400, m=2000, rep=3 | Opt=23.00 | Pred=23.00 | Gap=0.0000 | Hamming=2 | Exact=0
K=2, n=400, m=2000, rep=4 | Opt=17.00 | Pred=13.00 | Gap=0.2353 | Hamming=3 | Exact=0
K=2, n=400, m=2000, rep=5 | Opt=20.00 | Pred=18.00 | Gap=0.1000 | Hamming=2 | Exact=0
K=2, n=400, m=2000, rep=6 | Opt=12.00 | Pred=12.00 | Gap=0.0000 | Hamming=1 | Exact=0
K=2, n=400, m=2000, rep=7 | Opt=15.00 | Pred=15.00 | Gap=0.0000 | Hamming=0 | Exact=1
K=2, n=400, m=2000, rep=8 | Opt=20.00 | Pred=14.00 | Gap=0.3000 | Hamming=4 | Exact=0
K=2, n=400, m=2000, rep=9 | Opt=17.00 | Pred=11.00 | Gap=0.3529 | Hamming=4 | Exact=0
K=2, n=400, m=2000, rep=10 | Opt=22.00 | Pred=20.00 | Gap=0.0909 | Hamming=4 | Exact=0
K=2, n=400, m=2000, rep=11 | Opt=10.00 | Pred=10.00 | Gap=0.0000 | Hamming=1 | Exact=0
K=2, n=400, m=2000, rep=12 | Opt=22.00 | Pred=11.00 | Gap=0.5000 | Hamming=4 | Exact=0
K=2, n=400, m=2000, rep=13 | Opt=27.00 | Pred=24.00 | Gap=0.1111 | Hamming=2 | Exact=0
K=2, n=400, m=2000, rep=14 | Opt=23.00 | Pred=18.00 | Gap=0.2174 | Hamming=4 | Exact=0
K=2, n=400, m=2000, rep=15 | Opt=24.00 | Pred=24.00 | Gap=0.0000 | Hamming=2 | Exact=0
K=2, n=400, m=2000, rep=16 | Opt=23.00 | Pred=18.00 | Gap=0.2174 | Hamming=4 | Exact=0
K=2, n=400, m=2000, rep=17 | Opt=29.00 | Pred=28.00 | Gap=0.0345 | Hamming=2 | Exact=0
K=2, n=400, m=2000, rep=18 | Opt=28.00 | Pred=22.00 | Gap=0.2143 | Hamming=4 | Exact=0
K=2, n=400, m=2000, rep=19 | Opt=20.00 | Pred=16.00 | Gap=0.2000 | Hamming=4 | Exact=0
K=2, n=400, m=2400, rep=0 | Opt=24.00 | Pred=19.00 | Gap=0.2083 | Hamming=4 | Exact=0
K=2, n=400, m=2400, rep=1 | Opt=18.00 | Pred=11.00 | Gap=0.3889 | Hamming=4 | Exact=0
K=2, n=400, m=2400, rep=2 | Opt=15.00 | Pred=14.00 | Gap=0.0667 | Hamming=2 | Exact=0
K=2, n=400, m=2400, rep=3 | Opt=18.00 | Pred=18.00 | Gap=0.0000 | Hamming=0 | Exact=1
K=2, n=400, m=2400, rep=4 | Opt=15.00 | Pred=15.00 | Gap=0.0000 | Hamming=2 | Exact=0
K=2, n=400, m=2400, rep=5 | Opt=20.00 | Pred=19.00 | Gap=0.0500 | Hamming=2 | Exact=0
K=2, n=400, m=2400, rep=6 | Opt=19.00 | Pred=19.00 | Gap=0.0000 | Hamming=2 | Exact=0
K=2, n=400, m=2400, rep=7 | Opt=23.00 | Pred=22.00 | Gap=0.0435 | Hamming=2 | Exact=0
K=2, n=400, m=2400, rep=8 | Opt=21.00 | Pred=19.00 | Gap=0.0952 | Hamming=4 | Exact=0
K=2, n=400, m=2400, rep=9 | Opt=17.00 | Pred=14.00 | Gap=0.1765 | Hamming=4 | Exact=0
K=2, n=400, m=2400, rep=10 | Opt=16.00 | Pred=15.00 | Gap=0.0625 | Hamming=2 | Exact=0
K=2, n=400, m=2400, rep=11 | Opt=22.00 | Pred=18.00 | Gap=0.1818 | Hamming=2 | Exact=0
K=2, n=400, m=2400, rep=12 | Opt=18.00 | Pred=17.00 | Gap=0.0556 | Hamming=2 | Exact=0
K=2, n=400, m=2400, rep=13 | Opt=18.00 | Pred=17.00 | Gap=0.0556 | Hamming=2 | Exact=0
K=2, n=400, m=2400, rep=14 | Opt=25.00 | Pred=19.00 | Gap=0.2400 | Hamming=4 | Exact=0
K=2, n=400, m=2400, rep=15 | Opt=19.00 | Pred=19.00 | Gap=0.0000 | Hamming=4 | Exact=0
K=2, n=400, m=2400, rep=16 | Opt=16.00 | Pred=15.00 | Gap=0.0625 | Hamming=4 | Exact=0
K=2, n=400, m=2400, rep=17 | Opt=19.00 | Pred=19.00 | Gap=0.0000 | Hamming=2 | Exact=0
K=2, n=400, m=2400, rep=18 | Opt=15.00 | Pred=13.00 | Gap=0.1333 | Hamming=2 | Exact=0
K=2, n=400, m=2400, rep=19 | Opt=17.00 | Pred=13.00 | Gap=0.2353 | Hamming=2 | Exact=0
K=2, n=400, m=3200, rep=0 | Opt=13.00 | Pred=11.00 | Gap=0.1538 | Hamming=2 | Exact=0
K=2, n=400, m=3200, rep=1 | Opt=13.00 | Pred=13.00 | Gap=0.0000 | Hamming=0 | Exact=1
K=2, n=400, m=3200, rep=2 | Opt=14.00 | Pred=8.00 | Gap=0.4286 | Hamming=4 | Exact=0
K=2, n=400, m=3200, rep=3 | Opt=13.00 | Pred=11.00 | Gap=0.1538 | Hamming=4 | Exact=0
K=2, n=400, m=3200, rep=4 | Opt=11.00 | Pred=9.00 | Gap=0.1818 | Hamming=2 | Exact=0
K=2, n=400, m=3200, rep=5 | Opt=17.00 | Pred=13.00 | Gap=0.2353 | Hamming=4 | Exact=0
K=2, n=400, m=3200, rep=6 | Opt=14.00 | Pred=12.00 | Gap=0.1429 | Hamming=4 | Exact=0
K=2, n=400, m=3200, rep=7 | Opt=18.00 | Pred=18.00 | Gap=0.0000 | Hamming=0 | Exact=1
K=2, n=400, m=3200, rep=8 | Opt=12.00 | Pred=11.00 | Gap=0.0833 | Hamming=3 | Exact=0
K=2, n=400, m=3200, rep=9 | Opt=19.00 | Pred=17.00 | Gap=0.1053 | Hamming=4 | Exact=0
K=2, n=400, m=3200, rep=10 | Opt=22.00 | Pred=19.00 | Gap=0.1364 | Hamming=2 | Exact=0
K=2, n=400, m=3200, rep=11 | Opt=15.00 | Pred=14.00 | Gap=0.0667 | Hamming=4 | Exact=0
K=2, n=400, m=3200, rep=12 | Opt=14.00 | Pred=11.00 | Gap=0.2143 | Hamming=3 | Exact=0
K=2, n=400, m=3200, rep=13 | Opt=13.00 | Pred=11.00 | Gap=0.1538 | Hamming=4 | Exact=0
K=2, n=400, m=3200, rep=14 | Opt=16.00 | Pred=16.00 | Gap=0.0000 | Hamming=2 | Exact=0
K=2, n=400, m=3200, rep=15 | Opt=13.00 | Pred=9.00 | Gap=0.3077 | Hamming=3 | Exact=0
K=2, n=400, m=3200, rep=16 | Opt=20.00 | Pred=20.00 | Gap=0.0000 | Hamming=0 | Exact=1
K=2, n=400, m=3200, rep=17 | Opt=16.00 | Pred=13.00 | Gap=0.1875 | Hamming=2 | Exact=0
K=2, n=400, m=3200, rep=18 | Opt=17.00 | Pred=13.00 | Gap=0.2353 | Hamming=4 | Exact=0
K=2, n=400, m=3200, rep=19 | Opt=17.00 | Pred=16.00 | Gap=0.0588 | Hamming=2 | Exact=0
K=2, n=600, m=1200, rep=0 | Opt=42.00 | Pred=35.00 | Gap=0.1667 | Hamming=4 | Exact=0
K=2, n=600, m=1200, rep=1 | Opt=55.00 | Pred=50.00 | Gap=0.0909 | Hamming=2 | Exact=0
K=2, n=600, m=1200, rep=2 | Opt=55.00 | Pred=48.00 | Gap=0.1273 | Hamming=4 | Exact=0
K=2, n=600, m=1200, rep=3 | Opt=46.00 | Pred=43.00 | Gap=0.0652 | Hamming=2 | Exact=0
K=2, n=600, m=1200, rep=4 | Opt=53.00 | Pred=41.00 | Gap=0.2264 | Hamming=4 | Exact=0
K=2, n=600, m=1200, rep=5 | Opt=27.00 | Pred=27.00 | Gap=0.0000 | Hamming=0 | Exact=1
K=2, n=600, m=1200, rep=6 | Opt=55.00 | Pred=52.00 | Gap=0.0545 | Hamming=4 | Exact=0
K=2, n=600, m=1200, rep=7 | Opt=50.00 | Pred=50.00 | Gap=0.0000 | Hamming=2 | Exact=0
K=2, n=600, m=1200, rep=8 | Opt=64.00 | Pred=59.00 | Gap=0.0781 | Hamming=2 | Exact=0
K=2, n=600, m=1200, rep=9 | Opt=58.00 | Pred=48.00 | Gap=0.1724 | Hamming=4 | Exact=0
K=2, n=600, m=1200, rep=10 | Opt=47.00 | Pred=47.00 | Gap=0.0000 | Hamming=2 | Exact=0
K=2, n=600, m=1200, rep=11 | Opt=59.00 | Pred=50.00 | Gap=0.1525 | Hamming=4 | Exact=0
K=2, n=600, m=1200, rep=12 | Opt=25.00 | Pred=13.00 | Gap=0.4800 | Hamming=4 | Exact=0
K=2, n=600, m=1200, rep=13 | Opt=36.00 | Pred=25.00 | Gap=0.3056 | Hamming=4 | Exact=0
K=2, n=600, m=1200, rep=14 | Opt=80.00 | Pred=78.00 | Gap=0.0250 | Hamming=2 | Exact=0
K=2, n=600, m=1200, rep=15 | Opt=62.00 | Pred=57.00 | Gap=0.0806 | Hamming=2 | Exact=0
K=2, n=600, m=1200, rep=16 | Opt=46.00 | Pred=41.00 | Gap=0.1087 | Hamming=2 | Exact=0
K=2, n=600, m=1200, rep=17 | Opt=36.00 | Pred=31.00 | Gap=0.1389 | Hamming=2 | Exact=0
K=2, n=600, m=1200, rep=18 | Opt=56.00 | Pred=56.00 | Gap=0.0000 | Hamming=2 | Exact=0
K=2, n=600, m=1200, rep=19 | Opt=66.00 | Pred=63.00 | Gap=0.0455 | Hamming=2 | Exact=0
K=2, n=600, m=1500, rep=0 | Opt=42.00 | Pred=37.00 | Gap=0.1190 | Hamming=4 | Exact=0
K=2, n=600, m=1500, rep=1 | Opt=46.00 | Pred=36.00 | Gap=0.2174 | Hamming=2 | Exact=0
K=2, n=600, m=1500, rep=2 | Opt=55.00 | Pred=49.00 | Gap=0.1091 | Hamming=2 | Exact=0
K=2, n=600, m=1500, rep=3 | Opt=46.00 | Pred=37.00 | Gap=0.1957 | Hamming=2 | Exact=0
K=2, n=600, m=1500, rep=4 | Opt=36.00 | Pred=36.00 | Gap=0.0000 | Hamming=2 | Exact=0
K=2, n=600, m=1500, rep=5 | Opt=65.00 | Pred=61.00 | Gap=0.0615 | Hamming=2 | Exact=0
K=2, n=600, m=1500, rep=6 | Opt=61.00 | Pred=59.00 | Gap=0.0328 | Hamming=2 | Exact=0
K=2, n=600, m=1500, rep=7 | Opt=35.00 | Pred=34.00 | Gap=0.0286 | Hamming=2 | Exact=0
K=2, n=600, m=1500, rep=8 | Opt=46.00 | Pred=43.00 | Gap=0.0652 | Hamming=4 | Exact=0
K=2, n=600, m=1500, rep=9 | Opt=43.00 | Pred=43.00 | Gap=0.0000 | Hamming=0 | Exact=1
K=2, n=600, m=1500, rep=10 | Opt=65.00 | Pred=57.00 | Gap=0.1231 | Hamming=2 | Exact=0
K=2, n=600, m=1500, rep=11 | Opt=32.00 | Pred=23.00 | Gap=0.2812 | Hamming=4 | Exact=0
K=2, n=600, m=1500, rep=12 | Opt=46.00 | Pred=43.00 | Gap=0.0652 | Hamming=2 | Exact=0
K=2, n=600, m=1500, rep=13 | Opt=60.00 | Pred=47.00 | Gap=0.2167 | Hamming=4 | Exact=0
K=2, n=600, m=1500, rep=14 | Opt=67.00 | Pred=57.00 | Gap=0.1493 | Hamming=4 | Exact=0
K=2, n=600, m=1500, rep=15 | Opt=27.00 | Pred=15.00 | Gap=0.4444 | Hamming=4 | Exact=0
K=2, n=600, m=1500, rep=16 | Opt=39.00 | Pred=37.00 | Gap=0.0513 | Hamming=2 | Exact=0
K=2, n=600, m=1500, rep=17 | Opt=36.00 | Pred=29.00 | Gap=0.1944 | Hamming=4 | Exact=0
K=2, n=600, m=1500, rep=18 | Opt=44.00 | Pred=42.00 | Gap=0.0455 | Hamming=2 | Exact=0
K=2, n=600, m=1500, rep=19 | Opt=37.00 | Pred=34.00 | Gap=0.0811 | Hamming=2 | Exact=0
K=2, n=600, m=1800, rep=0 | Opt=11.00 | Pred=8.00 | Gap=0.2727 | Hamming=2 | Exact=0
K=2, n=600, m=1800, rep=1 | Opt=31.00 | Pred=24.00 | Gap=0.2258 | Hamming=2 | Exact=0
K=2, n=600, m=1800, rep=2 | Opt=48.00 | Pred=46.00 | Gap=0.0417 | Hamming=2 | Exact=0
K=2, n=600, m=1800, rep=3 | Opt=36.00 | Pred=32.00 | Gap=0.1111 | Hamming=2 | Exact=0
K=2, n=600, m=1800, rep=4 | Opt=35.00 | Pred=32.00 | Gap=0.0857 | Hamming=4 | Exact=0
K=2, n=600, m=1800, rep=5 | Opt=53.00 | Pred=44.00 | Gap=0.1698 | Hamming=2 | Exact=0
K=2, n=600, m=1800, rep=6 | Opt=46.00 | Pred=38.00 | Gap=0.1739 | Hamming=4 | Exact=0
K=2, n=600, m=1800, rep=7 | Opt=41.00 | Pred=39.00 | Gap=0.0488 | Hamming=2 | Exact=0
K=2, n=600, m=1800, rep=8 | Opt=36.00 | Pred=31.00 | Gap=0.1389 | Hamming=4 | Exact=0
K=2, n=600, m=1800, rep=9 | Opt=34.00 | Pred=27.00 | Gap=0.2059 | Hamming=4 | Exact=0
K=2, n=600, m=1800, rep=10 | Opt=26.00 | Pred=20.00 | Gap=0.2308 | Hamming=2 | Exact=0
K=2, n=600, m=1800, rep=11 | Opt=31.00 | Pred=27.00 | Gap=0.1290 | Hamming=2 | Exact=0
K=2, n=600, m=1800, rep=12 | Opt=23.00 | Pred=22.00 | Gap=0.0435 | Hamming=2 | Exact=0
K=2, n=600, m=1800, rep=13 | Opt=43.00 | Pred=43.00 | Gap=0.0000 | Hamming=0 | Exact=1
K=2, n=600, m=1800, rep=14 | Opt=41.00 | Pred=39.00 | Gap=0.0488 | Hamming=2 | Exact=0
K=2, n=600, m=1800, rep=15 | Opt=31.00 | Pred=28.00 | Gap=0.0968 | Hamming=4 | Exact=0
K=2, n=600, m=1800, rep=16 | Opt=37.00 | Pred=36.00 | Gap=0.0270 | Hamming=2 | Exact=0
K=2, n=600, m=1800, rep=17 | Opt=35.00 | Pred=34.00 | Gap=0.0286 | Hamming=2 | Exact=0
K=2, n=600, m=1800, rep=18 | Opt=35.00 | Pred=28.00 | Gap=0.2000 | Hamming=2 | Exact=0
K=2, n=600, m=1800, rep=19 | Opt=28.00 | Pred=23.00 | Gap=0.1786 | Hamming=2 | Exact=0
K=2, n=600, m=2400, rep=0 | Opt=35.00 | Pred=26.00 | Gap=0.2571 | Hamming=4 | Exact=0
K=2, n=600, m=2400, rep=1 | Opt=20.00 | Pred=20.00 | Gap=0.0000 | Hamming=0 | Exact=1
K=2, n=600, m=2400, rep=2 | Opt=28.00 | Pred=22.00 | Gap=0.2143 | Hamming=4 | Exact=0
K=2, n=600, m=2400, rep=3 | Opt=20.00 | Pred=12.00 | Gap=0.4000 | Hamming=4 | Exact=0
K=2, n=600, m=2400, rep=4 | Opt=33.00 | Pred=29.00 | Gap=0.1212 | Hamming=2 | Exact=0
K=2, n=600, m=2400, rep=5 | Opt=23.00 | Pred=20.00 | Gap=0.1304 | Hamming=2 | Exact=0
K=2, n=600, m=2400, rep=6 | Opt=24.00 | Pred=22.00 | Gap=0.0833 | Hamming=2 | Exact=0
K=2, n=600, m=2400, rep=7 | Opt=27.00 | Pred=22.00 | Gap=0.1852 | Hamming=2 | Exact=0
K=2, n=600, m=2400, rep=8 | Opt=28.00 | Pred=24.00 | Gap=0.1429 | Hamming=4 | Exact=0
K=2, n=600, m=2400, rep=9 | Opt=27.00 | Pred=19.00 | Gap=0.2963 | Hamming=4 | Exact=0
K=2, n=600, m=2400, rep=10 | Opt=42.00 | Pred=28.00 | Gap=0.3333 | Hamming=4 | Exact=0
K=2, n=600, m=2400, rep=11 | Opt=37.00 | Pred=35.00 | Gap=0.0541 | Hamming=2 | Exact=0
K=2, n=600, m=2400, rep=12 | Opt=28.00 | Pred=21.00 | Gap=0.2500 | Hamming=4 | Exact=0
K=2, n=600, m=2400, rep=13 | Opt=39.00 | Pred=27.00 | Gap=0.3077 | Hamming=4 | Exact=0
K=2, n=600, m=2400, rep=14 | Opt=24.00 | Pred=21.00 | Gap=0.1250 | Hamming=4 | Exact=0
K=2, n=600, m=2400, rep=15 | Opt=21.00 | Pred=21.00 | Gap=0.0000 | Hamming=2 | Exact=0
K=2, n=600, m=2400, rep=16 | Opt=29.00 | Pred=28.00 | Gap=0.0345 | Hamming=4 | Exact=0
K=2, n=600, m=2400, rep=17 | Opt=26.00 | Pred=23.00 | Gap=0.1154 | Hamming=2 | Exact=0
K=2, n=600, m=2400, rep=18 | Opt=30.00 | Pred=19.00 | Gap=0.3667 | Hamming=4 | Exact=0
K=2, n=600, m=2400, rep=19 | Opt=21.00 | Pred=17.00 | Gap=0.1905 | Hamming=2 | Exact=0
K=2, n=600, m=3000, rep=0 | Opt=15.00 | Pred=8.00 | Gap=0.4667 | Hamming=2 | Exact=0
K=2, n=600, m=3000, rep=1 | Opt=24.00 | Pred=23.00 | Gap=0.0417 | Hamming=2 | Exact=0
K=2, n=600, m=3000, rep=2 | Opt=19.00 | Pred=18.00 | Gap=0.0526 | Hamming=4 | Exact=0
K=2, n=600, m=3000, rep=3 | Opt=35.00 | Pred=27.00 | Gap=0.2286 | Hamming=2 | Exact=0
K=2, n=600, m=3000, rep=4 | Opt=17.00 | Pred=13.00 | Gap=0.2353 | Hamming=4 | Exact=0
K=2, n=600, m=3000, rep=5 | Opt=19.00 | Pred=18.00 | Gap=0.0526 | Hamming=2 | Exact=0
K=2, n=600, m=3000, rep=6 | Opt=26.00 | Pred=26.00 | Gap=0.0000 | Hamming=0 | Exact=1
K=2, n=600, m=3000, rep=7 | Opt=25.00 | Pred=25.00 | Gap=0.0000 | Hamming=0 | Exact=1
K=2, n=600, m=3000, rep=8 | Opt=14.00 | Pred=11.00 | Gap=0.2143 | Hamming=4 | Exact=0
K=2, n=600, m=3000, rep=9 | Opt=30.00 | Pred=30.00 | Gap=0.0000 | Hamming=2 | Exact=0
K=2, n=600, m=3000, rep=10 | Opt=22.00 | Pred=22.00 | Gap=0.0000 | Hamming=4 | Exact=0
K=2, n=600, m=3000, rep=11 | Opt=25.00 | Pred=23.00 | Gap=0.0800 | Hamming=2 | Exact=0
K=2, n=600, m=3000, rep=12 | Opt=28.00 | Pred=28.00 | Gap=0.0000 | Hamming=2 | Exact=0
K=2, n=600, m=3000, rep=13 | Opt=27.00 | Pred=26.00 | Gap=0.0370 | Hamming=2 | Exact=0
K=2, n=600, m=3000, rep=14 | Opt=18.00 | Pred=18.00 | Gap=0.0000 | Hamming=2 | Exact=0
K=2, n=600, m=3000, rep=15 | Opt=19.00 | Pred=18.00 | Gap=0.0526 | Hamming=4 | Exact=0
K=2, n=600, m=3000, rep=16 | Opt=18.00 | Pred=10.00 | Gap=0.4444 | Hamming=4 | Exact=0
K=2, n=600, m=3000, rep=17 | Opt=18.00 | Pred=13.00 | Gap=0.2778 | Hamming=4 | Exact=0
K=2, n=600, m=3000, rep=18 | Opt=24.00 | Pred=20.00 | Gap=0.1667 | Hamming=2 | Exact=0
K=2, n=600, m=3000, rep=19 | Opt=22.00 | Pred=21.00 | Gap=0.0455 | Hamming=2 | Exact=0
K=2, n=600, m=3600, rep=0 | Opt=17.00 | Pred=15.00 | Gap=0.1176 | Hamming=4 | Exact=0
K=2, n=600, m=3600, rep=1 | Opt=17.00 | Pred=10.00 | Gap=0.4118 | Hamming=4 | Exact=0
K=2, n=600, m=3600, rep=2 | Opt=17.00 | Pred=14.00 | Gap=0.1765 | Hamming=4 | Exact=0
K=2, n=600, m=3600, rep=3 | Opt=16.00 | Pred=15.00 | Gap=0.0625 | Hamming=4 | Exact=0
K=2, n=600, m=3600, rep=4 | Opt=21.00 | Pred=16.00 | Gap=0.2381 | Hamming=2 | Exact=0
K=2, n=600, m=3600, rep=5 | Opt=13.00 | Pred=11.00 | Gap=0.1538 | Hamming=4 | Exact=0
K=2, n=600, m=3600, rep=6 | Opt=13.00 | Pred=8.00 | Gap=0.3846 | Hamming=4 | Exact=0
K=2, n=600, m=3600, rep=7 | Opt=29.00 | Pred=29.00 | Gap=0.0000 | Hamming=4 | Exact=0
K=2, n=600, m=3600, rep=8 | Opt=20.00 | Pred=17.00 | Gap=0.1500 | Hamming=4 | Exact=0
K=2, n=600, m=3600, rep=9 | Opt=17.00 | Pred=16.00 | Gap=0.0588 | Hamming=4 | Exact=0
K=2, n=600, m=3600, rep=10 | Opt=16.00 | Pred=14.00 | Gap=0.1250 | Hamming=4 | Exact=0
K=2, n=600, m=3600, rep=11 | Opt=17.00 | Pred=15.00 | Gap=0.1176 | Hamming=2 | Exact=0
K=2, n=600, m=3600, rep=12 | Opt=26.00 | Pred=21.00 | Gap=0.1923 | Hamming=2 | Exact=0
K=2, n=600, m=3600, rep=13 | Opt=20.00 | Pred=17.00 | Gap=0.1500 | Hamming=4 | Exact=0
K=2, n=600, m=3600, rep=14 | Opt=22.00 | Pred=19.00 | Gap=0.1364 | Hamming=2 | Exact=0
K=2, n=600, m=3600, rep=15 | Opt=19.00 | Pred=19.00 | Gap=0.0000 | Hamming=0 | Exact=1
K=2, n=600, m=3600, rep=16 | Opt=18.00 | Pred=17.00 | Gap=0.0556 | Hamming=2 | Exact=0
K=2, n=600, m=3600, rep=17 | Opt=28.00 | Pred=27.00 | Gap=0.0357 | Hamming=2 | Exact=0
K=2, n=600, m=3600, rep=18 | Opt=25.00 | Pred=21.00 | Gap=0.1600 | Hamming=4 | Exact=0
K=2, n=600, m=3600, rep=19 | Opt=17.00 | Pred=11.00 | Gap=0.3529 | Hamming=4 | Exact=0
K=2, n=600, m=4800, rep=0 | Opt=14.00 | Pred=12.00 | Gap=0.1429 | Hamming=4 | Exact=0
K=2, n=600, m=4800, rep=1 | Opt=18.00 | Pred=16.00 | Gap=0.1111 | Hamming=4 | Exact=0
K=2, n=600, m=4800, rep=2 | Opt=16.00 | Pred=15.00 | Gap=0.0625 | Hamming=2 | Exact=0
K=2, n=600, m=4800, rep=3 | Opt=18.00 | Pred=18.00 | Gap=0.0000 | Hamming=2 | Exact=0
K=2, n=600, m=4800, rep=4 | Opt=16.00 | Pred=13.00 | Gap=0.1875 | Hamming=2 | Exact=0
K=2, n=600, m=4800, rep=5 | Opt=23.00 | Pred=23.00 | Gap=0.0000 | Hamming=0 | Exact=1
K=2, n=600, m=4800, rep=6 | Opt=15.00 | Pred=15.00 | Gap=0.0000 | Hamming=4 | Exact=0
K=2, n=600, m=4800, rep=7 | Opt=14.00 | Pred=12.00 | Gap=0.1429 | Hamming=4 | Exact=0
K=2, n=600, m=4800, rep=8 | Opt=18.00 | Pred=11.00 | Gap=0.3889 | Hamming=2 | Exact=0
K=2, n=600, m=4800, rep=9 | Opt=15.00 | Pred=15.00 | Gap=0.0000 | Hamming=4 | Exact=0
K=2, n=600, m=4800, rep=10 | Opt=15.00 | Pred=11.00 | Gap=0.2667 | Hamming=4 | Exact=0
K=2, n=600, m=4800, rep=11 | Opt=11.00 | Pred=10.00 | Gap=0.0909 | Hamming=4 | Exact=0
K=2, n=600, m=4800, rep=12 | Opt=19.00 | Pred=18.00 | Gap=0.0526 | Hamming=2 | Exact=0
K=2, n=600, m=4800, rep=13 | Opt=14.00 | Pred=14.00 | Gap=0.0000 | Hamming=2 | Exact=0
K=2, n=600, m=4800, rep=14 | Opt=11.00 | Pred=10.00 | Gap=0.0909 | Hamming=4 | Exact=0
K=2, n=600, m=4800, rep=15 | Opt=15.00 | Pred=13.00 | Gap=0.1333 | Hamming=4 | Exact=0
K=2, n=600, m=4800, rep=16 | Opt=14.00 | Pred=11.00 | Gap=0.2143 | Hamming=4 | Exact=0
K=2, n=600, m=4800, rep=17 | Opt=14.00 | Pred=13.00 | Gap=0.0714 | Hamming=4 | Exact=0
K=2, n=600, m=4800, rep=18 | Opt=15.00 | Pred=13.00 | Gap=0.1333 | Hamming=4 | Exact=0
K=2, n=600, m=4800, rep=19 | Opt=14.00 | Pred=11.00 | Gap=0.2143 | Hamming=4 | Exact=0

FINAL TEST RESULTS FOR K=2
Instances evaluated: 560
Exact match rate: 0.0875
Average Hamming distance: 2.6286
Average objective gap: 0.1378
Average MIP solve time: 1.264398 seconds
Average model inference time: 0.003887 seconds

Evaluating attack limit K=3
K=3, n=100, m=200, rep=0 | Opt=74.00 | Pred=50.00 | Gap=0.3243 | Hamming=6 | Exact=0
K=3, n=100, m=200, rep=1 | Opt=24.00 | Pred=18.00 | Gap=0.2500 | Hamming=4 | Exact=0
K=3, n=100, m=200, rep=2 | Opt=43.00 | Pred=34.00 | Gap=0.2093 | Hamming=4 | Exact=0
K=3, n=100, m=200, rep=3 | Opt=48.00 | Pred=42.00 | Gap=0.1250 | Hamming=4 | Exact=0
K=3, n=100, m=200, rep=4 | Opt=35.00 | Pred=31.00 | Gap=0.1143 | Hamming=2 | Exact=0
K=3, n=100, m=200, rep=5 | Opt=40.00 | Pred=40.00 | Gap=0.0000 | Hamming=2 | Exact=0
K=3, n=100, m=200, rep=6 | Opt=51.00 | Pred=32.00 | Gap=0.3725 | Hamming=4 | Exact=0
K=3, n=100, m=200, rep=7 | Opt=28.00 | Pred=28.00 | Gap=0.0000 | Hamming=1 | Exact=0
K=3, n=100, m=200, rep=8 | Opt=55.00 | Pred=47.00 | Gap=0.1455 | Hamming=6 | Exact=0
K=3, n=100, m=200, rep=9 | Opt=36.00 | Pred=24.00 | Gap=0.3333 | Hamming=4 | Exact=0
K=3, n=100, m=200, rep=10 | Opt=30.00 | Pred=23.00 | Gap=0.2333 | Hamming=4 | Exact=0
K=3, n=100, m=200, rep=11 | Opt=53.00 | Pred=45.00 | Gap=0.1509 | Hamming=4 | Exact=0
K=3, n=100, m=200, rep=12 | Opt=49.00 | Pred=42.00 | Gap=0.1429 | Hamming=4 | Exact=0
K=3, n=100, m=200, rep=13 | Opt=50.00 | Pred=44.00 | Gap=0.1200 | Hamming=2 | Exact=0
K=3, n=100, m=200, rep=14 | Opt=38.00 | Pred=31.00 | Gap=0.1842 | Hamming=2 | Exact=0
K=3, n=100, m=200, rep=15 | Opt=68.00 | Pred=53.00 | Gap=0.2206 | Hamming=4 | Exact=0
K=3, n=100, m=200, rep=16 | Opt=26.00 | Pred=24.00 | Gap=0.0769 | Hamming=2 | Exact=0
K=3, n=100, m=200, rep=17 | Opt=5.00 | Pred=5.00 | Gap=0.0000 | Hamming=4 | Exact=0
K=3, n=100, m=200, rep=18 | Opt=18.00 | Pred=14.00 | Gap=0.2222 | Hamming=5 | Exact=0
K=3, n=100, m=200, rep=19 | Opt=55.00 | Pred=37.00 | Gap=0.3273 | Hamming=4 | Exact=0
K=3, n=100, m=250, rep=0 | Opt=13.00 | Pred=13.00 | Gap=0.0000 | Hamming=4 | Exact=0
K=3, n=100, m=250, rep=1 | Opt=38.00 | Pred=31.00 | Gap=0.1842 | Hamming=2 | Exact=0
K=3, n=100, m=250, rep=2 | Opt=28.00 | Pred=22.00 | Gap=0.2143 | Hamming=4 | Exact=0
K=3, n=100, m=250, rep=3 | Opt=29.00 | Pred=26.00 | Gap=0.1034 | Hamming=4 | Exact=0
K=3, n=100, m=250, rep=4 | Opt=41.00 | Pred=31.00 | Gap=0.2439 | Hamming=4 | Exact=0
K=3, n=100, m=250, rep=5 | Opt=33.00 | Pred=26.00 | Gap=0.2121 | Hamming=4 | Exact=0
K=3, n=100, m=250, rep=6 | Opt=22.00 | Pred=18.00 | Gap=0.1818 | Hamming=2 | Exact=0
K=3, n=100, m=250, rep=7 | Opt=16.00 | Pred=14.00 | Gap=0.1250 | Hamming=2 | Exact=0
K=3, n=100, m=250, rep=8 | Opt=29.00 | Pred=24.00 | Gap=0.1724 | Hamming=2 | Exact=0
K=3, n=100, m=250, rep=9 | Opt=37.00 | Pred=33.00 | Gap=0.1081 | Hamming=2 | Exact=0
K=3, n=100, m=250, rep=10 | Opt=30.00 | Pred=30.00 | Gap=0.0000 | Hamming=4 | Exact=0
K=3, n=100, m=250, rep=11 | Opt=19.00 | Pred=9.00 | Gap=0.5263 | Hamming=6 | Exact=0
K=3, n=100, m=250, rep=12 | Opt=44.00 | Pred=44.00 | Gap=0.0000 | Hamming=2 | Exact=0
K=3, n=100, m=250, rep=13 | Opt=34.00 | Pred=32.00 | Gap=0.0588 | Hamming=4 | Exact=0
K=3, n=100, m=250, rep=14 | Opt=56.00 | Pred=43.00 | Gap=0.2321 | Hamming=4 | Exact=0
K=3, n=100, m=250, rep=15 | Opt=33.00 | Pred=33.00 | Gap=0.0000 | Hamming=0 | Exact=1
K=3, n=100, m=250, rep=16 | Opt=25.00 | Pred=17.00 | Gap=0.3200 | Hamming=4 | Exact=0
K=3, n=100, m=250, rep=17 | Opt=54.00 | Pred=38.00 | Gap=0.2963 | Hamming=4 | Exact=0
K=3, n=100, m=250, rep=18 | Opt=41.00 | Pred=33.00 | Gap=0.1951 | Hamming=2 | Exact=0
K=3, n=100, m=250, rep=19 | Opt=41.00 | Pred=34.00 | Gap=0.1707 | Hamming=2 | Exact=0
K=3, n=100, m=300, rep=0 | Opt=26.00 | Pred=23.00 | Gap=0.1154 | Hamming=4 | Exact=0
K=3, n=100, m=300, rep=1 | Opt=30.00 | Pred=24.00 | Gap=0.2000 | Hamming=3 | Exact=0
K=3, n=100, m=300, rep=2 | Opt=34.00 | Pred=28.00 | Gap=0.1765 | Hamming=4 | Exact=0
K=3, n=100, m=300, rep=3 | Opt=22.00 | Pred=15.00 | Gap=0.3182 | Hamming=4 | Exact=0
K=3, n=100, m=300, rep=4 | Opt=63.00 | Pred=53.00 | Gap=0.1587 | Hamming=4 | Exact=0
K=3, n=100, m=300, rep=5 | Opt=27.00 | Pred=19.00 | Gap=0.2963 | Hamming=2 | Exact=0
K=3, n=100, m=300, rep=6 | Opt=26.00 | Pred=18.00 | Gap=0.3077 | Hamming=4 | Exact=0
K=3, n=100, m=300, rep=7 | Opt=32.00 | Pred=23.00 | Gap=0.2812 | Hamming=4 | Exact=0
K=3, n=100, m=300, rep=8 | Opt=22.00 | Pred=17.00 | Gap=0.2273 | Hamming=4 | Exact=0
K=3, n=100, m=300, rep=9 | Opt=46.00 | Pred=46.00 | Gap=0.0000 | Hamming=0 | Exact=1
K=3, n=100, m=300, rep=10 | Opt=29.00 | Pred=26.00 | Gap=0.1034 | Hamming=2 | Exact=0
K=3, n=100, m=300, rep=11 | Opt=35.00 | Pred=34.00 | Gap=0.0286 | Hamming=2 | Exact=0
K=3, n=100, m=300, rep=12 | Opt=28.00 | Pred=25.00 | Gap=0.1071 | Hamming=5 | Exact=0
K=3, n=100, m=300, rep=13 | Opt=62.00 | Pred=52.00 | Gap=0.1613 | Hamming=4 | Exact=0
K=3, n=100, m=300, rep=14 | Opt=19.00 | Pred=19.00 | Gap=0.0000 | Hamming=1 | Exact=0
K=3, n=100, m=300, rep=15 | Opt=21.00 | Pred=13.00 | Gap=0.3810 | Hamming=2 | Exact=0
K=3, n=100, m=300, rep=16 | Opt=39.00 | Pred=25.00 | Gap=0.3590 | Hamming=4 | Exact=0
K=3, n=100, m=300, rep=17 | Opt=30.00 | Pred=23.00 | Gap=0.2333 | Hamming=6 | Exact=0
K=3, n=100, m=300, rep=18 | Opt=24.00 | Pred=13.00 | Gap=0.4583 | Hamming=6 | Exact=0
K=3, n=100, m=300, rep=19 | Opt=24.00 | Pred=20.00 | Gap=0.1667 | Hamming=4 | Exact=0
K=3, n=100, m=400, rep=0 | Opt=27.00 | Pred=19.00 | Gap=0.2963 | Hamming=2 | Exact=0
K=3, n=100, m=400, rep=1 | Opt=23.00 | Pred=19.00 | Gap=0.1739 | Hamming=2 | Exact=0
K=3, n=100, m=400, rep=2 | Opt=24.00 | Pred=20.00 | Gap=0.1667 | Hamming=6 | Exact=0
K=3, n=100, m=400, rep=3 | Opt=23.00 | Pred=23.00 | Gap=0.0000 | Hamming=0 | Exact=1
K=3, n=100, m=400, rep=4 | Opt=22.00 | Pred=12.00 | Gap=0.4545 | Hamming=4 | Exact=0
K=3, n=100, m=400, rep=5 | Opt=36.00 | Pred=29.00 | Gap=0.1944 | Hamming=4 | Exact=0
K=3, n=100, m=400, rep=6 | Opt=26.00 | Pred=23.00 | Gap=0.1154 | Hamming=4 | Exact=0
K=3, n=100, m=400, rep=7 | Opt=26.00 | Pred=21.00 | Gap=0.1923 | Hamming=4 | Exact=0
K=3, n=100, m=400, rep=8 | Opt=33.00 | Pred=29.00 | Gap=0.1212 | Hamming=2 | Exact=0
K=3, n=100, m=400, rep=9 | Opt=19.00 | Pred=16.00 | Gap=0.1579 | Hamming=4 | Exact=0
K=3, n=100, m=400, rep=10 | Opt=46.00 | Pred=36.00 | Gap=0.2174 | Hamming=2 | Exact=0
K=3, n=100, m=400, rep=11 | Opt=16.00 | Pred=12.00 | Gap=0.2500 | Hamming=2 | Exact=0
K=3, n=100, m=400, rep=12 | Opt=23.00 | Pred=19.00 | Gap=0.1739 | Hamming=2 | Exact=0
K=3, n=100, m=400, rep=13 | Opt=24.00 | Pred=24.00 | Gap=0.0000 | Hamming=2 | Exact=0
K=3, n=100, m=400, rep=14 | Opt=26.00 | Pred=18.00 | Gap=0.3077 | Hamming=4 | Exact=0
K=3, n=100, m=400, rep=15 | Opt=24.00 | Pred=18.00 | Gap=0.2500 | Hamming=4 | Exact=0
K=3, n=100, m=400, rep=16 | Opt=28.00 | Pred=22.00 | Gap=0.2143 | Hamming=4 | Exact=0
K=3, n=100, m=400, rep=17 | Opt=26.00 | Pred=20.00 | Gap=0.2308 | Hamming=4 | Exact=0
K=3, n=100, m=400, rep=18 | Opt=33.00 | Pred=33.00 | Gap=0.0000 | Hamming=0 | Exact=1
K=3, n=100, m=400, rep=19 | Opt=28.00 | Pred=23.00 | Gap=0.1786 | Hamming=4 | Exact=0
K=3, n=100, m=500, rep=0 | Opt=19.00 | Pred=17.00 | Gap=0.1053 | Hamming=4 | Exact=0
K=3, n=100, m=500, rep=1 | Opt=19.00 | Pred=17.00 | Gap=0.1053 | Hamming=4 | Exact=0
K=3, n=100, m=500, rep=2 | Opt=14.00 | Pred=13.00 | Gap=0.0714 | Hamming=2 | Exact=0
K=3, n=100, m=500, rep=3 | Opt=21.00 | Pred=16.00 | Gap=0.2381 | Hamming=4 | Exact=0
K=3, n=100, m=500, rep=4 | Opt=15.00 | Pred=15.00 | Gap=0.0000 | Hamming=3 | Exact=0
K=3, n=100, m=500, rep=5 | Opt=26.00 | Pred=24.00 | Gap=0.0769 | Hamming=4 | Exact=0
K=3, n=100, m=500, rep=6 | Opt=19.00 | Pred=9.00 | Gap=0.5263 | Hamming=4 | Exact=0
K=3, n=100, m=500, rep=7 | Opt=20.00 | Pred=18.00 | Gap=0.1000 | Hamming=2 | Exact=0
K=3, n=100, m=500, rep=8 | Opt=21.00 | Pred=20.00 | Gap=0.0476 | Hamming=2 | Exact=0
K=3, n=100, m=500, rep=9 | Opt=21.00 | Pred=16.00 | Gap=0.2381 | Hamming=4 | Exact=0
K=3, n=100, m=500, rep=10 | Opt=26.00 | Pred=26.00 | Gap=0.0000 | Hamming=0 | Exact=1
K=3, n=100, m=500, rep=11 | Opt=14.00 | Pred=11.00 | Gap=0.2143 | Hamming=2 | Exact=0
K=3, n=100, m=500, rep=12 | Opt=15.00 | Pred=10.00 | Gap=0.3333 | Hamming=2 | Exact=0
K=3, n=100, m=500, rep=13 | Opt=18.00 | Pred=15.00 | Gap=0.1667 | Hamming=2 | Exact=0
K=3, n=100, m=500, rep=14 | Opt=14.00 | Pred=14.00 | Gap=0.0000 | Hamming=2 | Exact=0
K=3, n=100, m=500, rep=15 | Opt=14.00 | Pred=12.00 | Gap=0.1429 | Hamming=6 | Exact=0
K=3, n=100, m=500, rep=16 | Opt=20.00 | Pred=17.00 | Gap=0.1500 | Hamming=6 | Exact=0
K=3, n=100, m=500, rep=17 | Opt=14.00 | Pred=14.00 | Gap=0.0000 | Hamming=2 | Exact=0
K=3, n=100, m=500, rep=18 | Opt=29.00 | Pred=26.00 | Gap=0.1034 | Hamming=2 | Exact=0
K=3, n=100, m=500, rep=19 | Opt=16.00 | Pred=9.00 | Gap=0.4375 | Hamming=2 | Exact=0
K=3, n=100, m=600, rep=0 | Opt=15.00 | Pred=9.00 | Gap=0.4000 | Hamming=6 | Exact=0
K=3, n=100, m=600, rep=1 | Opt=22.00 | Pred=20.00 | Gap=0.0909 | Hamming=4 | Exact=0
K=3, n=100, m=600, rep=2 | Opt=9.00 | Pred=9.00 | Gap=0.0000 | Hamming=2 | Exact=0
K=3, n=100, m=600, rep=3 | Opt=24.00 | Pred=24.00 | Gap=0.0000 | Hamming=2 | Exact=0
K=3, n=100, m=600, rep=4 | Opt=21.00 | Pred=19.00 | Gap=0.0952 | Hamming=4 | Exact=0
K=3, n=100, m=600, rep=5 | Opt=16.00 | Pred=15.00 | Gap=0.0625 | Hamming=2 | Exact=0
K=3, n=100, m=600, rep=6 | Opt=18.00 | Pred=18.00 | Gap=0.0000 | Hamming=2 | Exact=0
K=3, n=100, m=600, rep=7 | Opt=16.00 | Pred=11.00 | Gap=0.3125 | Hamming=4 | Exact=0
K=3, n=100, m=600, rep=8 | Opt=21.00 | Pred=19.00 | Gap=0.0952 | Hamming=2 | Exact=0
K=3, n=100, m=600, rep=9 | Opt=16.00 | Pred=11.00 | Gap=0.3125 | Hamming=4 | Exact=0
K=3, n=100, m=600, rep=10 | Opt=10.00 | Pred=9.00 | Gap=0.1000 | Hamming=3 | Exact=0
K=3, n=100, m=600, rep=11 | Opt=5.00 | Pred=3.00 | Gap=0.4000 | Hamming=4 | Exact=0
K=3, n=100, m=600, rep=12 | Opt=17.00 | Pred=11.00 | Gap=0.3529 | Hamming=4 | Exact=0
K=3, n=100, m=600, rep=13 | Opt=22.00 | Pred=21.00 | Gap=0.0455 | Hamming=2 | Exact=0
K=3, n=100, m=600, rep=14 | Opt=16.00 | Pred=13.00 | Gap=0.1875 | Hamming=4 | Exact=0
K=3, n=100, m=600, rep=15 | Opt=23.00 | Pred=22.00 | Gap=0.0435 | Hamming=4 | Exact=0
K=3, n=100, m=600, rep=16 | Opt=15.00 | Pred=14.00 | Gap=0.0667 | Hamming=4 | Exact=0
K=3, n=100, m=600, rep=17 | Opt=19.00 | Pred=18.00 | Gap=0.0526 | Hamming=4 | Exact=0
K=3, n=100, m=600, rep=18 | Opt=21.00 | Pred=18.00 | Gap=0.1429 | Hamming=4 | Exact=0
K=3, n=100, m=600, rep=19 | Opt=20.00 | Pred=18.00 | Gap=0.1000 | Hamming=4 | Exact=0
K=3, n=100, m=800, rep=0 | Opt=8.00 | Pred=8.00 | Gap=0.0000 | Hamming=2 | Exact=0
K=3, n=100, m=800, rep=1 | Opt=10.00 | Pred=8.00 | Gap=0.2000 | Hamming=4 | Exact=0
K=3, n=100, m=800, rep=2 | Opt=12.00 | Pred=10.00 | Gap=0.1667 | Hamming=4 | Exact=0
K=3, n=100, m=800, rep=3 | Opt=15.00 | Pred=15.00 | Gap=0.0000 | Hamming=2 | Exact=0
K=3, n=100, m=800, rep=4 | Opt=10.00 | Pred=10.00 | Gap=0.0000 | Hamming=4 | Exact=0
K=3, n=100, m=800, rep=5 | Opt=9.00 | Pred=5.00 | Gap=0.4444 | Hamming=4 | Exact=0
K=3, n=100, m=800, rep=6 | Opt=17.00 | Pred=16.00 | Gap=0.0588 | Hamming=2 | Exact=0
K=3, n=100, m=800, rep=7 | Opt=12.00 | Pred=8.00 | Gap=0.3333 | Hamming=6 | Exact=0
K=3, n=100, m=800, rep=8 | Opt=16.00 | Pred=12.00 | Gap=0.2500 | Hamming=4 | Exact=0
K=3, n=100, m=800, rep=9 | Opt=10.00 | Pred=9.00 | Gap=0.1000 | Hamming=2 | Exact=0
K=3, n=100, m=800, rep=10 | Opt=12.00 | Pred=10.00 | Gap=0.1667 | Hamming=2 | Exact=0
K=3, n=100, m=800, rep=11 | Opt=13.00 | Pred=11.00 | Gap=0.1538 | Hamming=2 | Exact=0
K=3, n=100, m=800, rep=12 | Opt=14.00 | Pred=14.00 | Gap=0.0000 | Hamming=0 | Exact=1
K=3, n=100, m=800, rep=13 | Opt=15.00 | Pred=15.00 | Gap=0.0000 | Hamming=2 | Exact=0
K=3, n=100, m=800, rep=14 | Opt=11.00 | Pred=9.00 | Gap=0.1818 | Hamming=4 | Exact=0
K=3, n=100, m=800, rep=15 | Opt=23.00 | Pred=20.00 | Gap=0.1304 | Hamming=4 | Exact=0
K=3, n=100, m=800, rep=16 | Opt=13.00 | Pred=13.00 | Gap=0.0000 | Hamming=2 | Exact=0
K=3, n=100, m=800, rep=17 | Opt=17.00 | Pred=17.00 | Gap=0.0000 | Hamming=0 | Exact=1
K=3, n=100, m=800, rep=18 | Opt=20.00 | Pred=14.00 | Gap=0.3000 | Hamming=4 | Exact=0
K=3, n=100, m=800, rep=19 | Opt=13.00 | Pred=10.00 | Gap=0.2308 | Hamming=2 | Exact=0
K=3, n=200, m=400, rep=0 | Opt=47.00 | Pred=33.00 | Gap=0.2979 | Hamming=4 | Exact=0
K=3, n=200, m=400, rep=1 | Opt=52.00 | Pred=37.00 | Gap=0.2885 | Hamming=6 | Exact=0
K=3, n=200, m=400, rep=2 | Opt=61.00 | Pred=51.00 | Gap=0.1639 | Hamming=4 | Exact=0
K=3, n=200, m=400, rep=3 | Opt=62.00 | Pred=46.00 | Gap=0.2581 | Hamming=4 | Exact=0
K=3, n=200, m=400, rep=4 | Opt=63.00 | Pred=49.00 | Gap=0.2222 | Hamming=6 | Exact=0
K=3, n=200, m=400, rep=5 | Opt=80.00 | Pred=59.00 | Gap=0.2625 | Hamming=6 | Exact=0
K=3, n=200, m=400, rep=6 | Opt=90.00 | Pred=74.00 | Gap=0.1778 | Hamming=6 | Exact=0
K=3, n=200, m=400, rep=7 | Opt=93.00 | Pred=70.00 | Gap=0.2473 | Hamming=6 | Exact=0
K=3, n=200, m=400, rep=8 | Opt=48.00 | Pred=40.00 | Gap=0.1667 | Hamming=4 | Exact=0
K=3, n=200, m=400, rep=9 | Opt=70.00 | Pred=66.00 | Gap=0.0571 | Hamming=2 | Exact=0
K=3, n=200, m=400, rep=10 | Opt=27.00 | Pred=19.00 | Gap=0.2963 | Hamming=4 | Exact=0
K=3, n=200, m=400, rep=11 | Opt=51.00 | Pred=41.00 | Gap=0.1961 | Hamming=4 | Exact=0
K=3, n=200, m=400, rep=12 | Opt=54.00 | Pred=47.00 | Gap=0.1296 | Hamming=2 | Exact=0
K=3, n=200, m=400, rep=13 | Opt=62.00 | Pred=55.00 | Gap=0.1129 | Hamming=4 | Exact=0
K=3, n=200, m=400, rep=14 | Opt=87.00 | Pred=67.00 | Gap=0.2299 | Hamming=6 | Exact=0
K=3, n=200, m=400, rep=15 | Opt=79.00 | Pred=66.00 | Gap=0.1646 | Hamming=6 | Exact=0
K=3, n=200, m=400, rep=16 | Opt=65.00 | Pred=61.00 | Gap=0.0615 | Hamming=2 | Exact=0
K=3, n=200, m=400, rep=17 | Opt=53.00 | Pred=48.00 | Gap=0.0943 | Hamming=4 | Exact=0
K=3, n=200, m=400, rep=18 | Opt=93.00 | Pred=81.00 | Gap=0.1290 | Hamming=4 | Exact=0
K=3, n=200, m=400, rep=19 | Opt=70.00 | Pred=65.00 | Gap=0.0714 | Hamming=2 | Exact=0
K=3, n=200, m=500, rep=0 | Opt=41.00 | Pred=35.00 | Gap=0.1463 | Hamming=2 | Exact=0
K=3, n=200, m=500, rep=1 | Opt=35.00 | Pred=31.00 | Gap=0.1143 | Hamming=6 | Exact=0
K=3, n=200, m=500, rep=2 | Opt=53.00 | Pred=49.00 | Gap=0.0755 | Hamming=2 | Exact=0
K=3, n=200, m=500, rep=3 | Opt=37.00 | Pred=35.00 | Gap=0.0541 | Hamming=2 | Exact=0
K=3, n=200, m=500, rep=4 | Opt=42.00 | Pred=37.00 | Gap=0.1190 | Hamming=4 | Exact=0
K=3, n=200, m=500, rep=5 | Opt=26.00 | Pred=22.00 | Gap=0.1538 | Hamming=2 | Exact=0
K=3, n=200, m=500, rep=6 | Opt=38.00 | Pred=31.00 | Gap=0.1842 | Hamming=2 | Exact=0
K=3, n=200, m=500, rep=7 | Opt=39.00 | Pred=32.00 | Gap=0.1795 | Hamming=4 | Exact=0
K=3, n=200, m=500, rep=8 | Opt=38.00 | Pred=31.00 | Gap=0.1842 | Hamming=2 | Exact=0
K=3, n=200, m=500, rep=9 | Opt=38.00 | Pred=31.00 | Gap=0.1842 | Hamming=4 | Exact=0
K=3, n=200, m=500, rep=10 | Opt=31.00 | Pred=24.00 | Gap=0.2258 | Hamming=4 | Exact=0
K=3, n=200, m=500, rep=11 | Opt=54.00 | Pred=45.00 | Gap=0.1667 | Hamming=4 | Exact=0
K=3, n=200, m=500, rep=12 | Opt=30.00 | Pred=26.00 | Gap=0.1333 | Hamming=2 | Exact=0
K=3, n=200, m=500, rep=13 | Opt=28.00 | Pred=17.00 | Gap=0.3929 | Hamming=6 | Exact=0
K=3, n=200, m=500, rep=14 | Opt=42.00 | Pred=42.00 | Gap=0.0000 | Hamming=4 | Exact=0
K=3, n=200, m=500, rep=15 | Opt=42.00 | Pred=31.00 | Gap=0.2619 | Hamming=4 | Exact=0
K=3, n=200, m=500, rep=16 | Opt=42.00 | Pred=36.00 | Gap=0.1429 | Hamming=6 | Exact=0
K=3, n=200, m=500, rep=17 | Opt=36.00 | Pred=29.00 | Gap=0.1944 | Hamming=4 | Exact=0
K=3, n=200, m=500, rep=18 | Opt=40.00 | Pred=39.00 | Gap=0.0250 | Hamming=2 | Exact=0
K=3, n=200, m=500, rep=19 | Opt=59.00 | Pred=52.00 | Gap=0.1186 | Hamming=4 | Exact=0
K=3, n=200, m=600, rep=0 | Opt=30.00 | Pred=23.00 | Gap=0.2333 | Hamming=4 | Exact=0
K=3, n=200, m=600, rep=1 | Opt=35.00 | Pred=28.00 | Gap=0.2000 | Hamming=4 | Exact=0
K=3, n=200, m=600, rep=2 | Opt=33.00 | Pred=32.00 | Gap=0.0303 | Hamming=2 | Exact=0
K=3, n=200, m=600, rep=3 | Opt=27.00 | Pred=27.00 | Gap=0.0000 | Hamming=6 | Exact=0
K=3, n=200, m=600, rep=4 | Opt=24.00 | Pred=22.00 | Gap=0.0833 | Hamming=4 | Exact=0
K=3, n=200, m=600, rep=5 | Opt=34.00 | Pred=27.00 | Gap=0.2059 | Hamming=6 | Exact=0
K=3, n=200, m=600, rep=6 | Opt=30.00 | Pred=19.00 | Gap=0.3667 | Hamming=4 | Exact=0
K=3, n=200, m=600, rep=7 | Opt=28.00 | Pred=19.00 | Gap=0.3214 | Hamming=6 | Exact=0
K=3, n=200, m=600, rep=8 | Opt=38.00 | Pred=33.00 | Gap=0.1316 | Hamming=4 | Exact=0
K=3, n=200, m=600, rep=9 | Opt=42.00 | Pred=34.00 | Gap=0.1905 | Hamming=2 | Exact=0
K=3, n=200, m=600, rep=10 | Opt=27.00 | Pred=18.00 | Gap=0.3333 | Hamming=6 | Exact=0
K=3, n=200, m=600, rep=11 | Opt=36.00 | Pred=28.00 | Gap=0.2222 | Hamming=6 | Exact=0
K=3, n=200, m=600, rep=12 | Opt=37.00 | Pred=34.00 | Gap=0.0811 | Hamming=2 | Exact=0
K=3, n=200, m=600, rep=13 | Opt=26.00 | Pred=21.00 | Gap=0.1923 | Hamming=2 | Exact=0
K=3, n=200, m=600, rep=14 | Opt=41.00 | Pred=38.00 | Gap=0.0732 | Hamming=2 | Exact=0
K=3, n=200, m=600, rep=15 | Opt=41.00 | Pred=40.00 | Gap=0.0244 | Hamming=6 | Exact=0
K=3, n=200, m=600, rep=16 | Opt=20.00 | Pred=19.00 | Gap=0.0500 | Hamming=2 | Exact=0
K=3, n=200, m=600, rep=17 | Opt=31.00 | Pred=28.00 | Gap=0.0968 | Hamming=2 | Exact=0
K=3, n=200, m=600, rep=18 | Opt=36.00 | Pred=33.00 | Gap=0.0833 | Hamming=4 | Exact=0
K=3, n=200, m=600, rep=19 | Opt=29.00 | Pred=28.00 | Gap=0.0345 | Hamming=2 | Exact=0
K=3, n=200, m=800, rep=0 | Opt=19.00 | Pred=19.00 | Gap=0.0000 | Hamming=1 | Exact=0
K=3, n=200, m=800, rep=1 | Opt=30.00 | Pred=24.00 | Gap=0.2000 | Hamming=4 | Exact=0
K=3, n=200, m=800, rep=2 | Opt=27.00 | Pred=23.00 | Gap=0.1481 | Hamming=2 | Exact=0
K=3, n=200, m=800, rep=3 | Opt=26.00 | Pred=19.00 | Gap=0.2692 | Hamming=4 | Exact=0
K=3, n=200, m=800, rep=4 | Opt=37.00 | Pred=26.00 | Gap=0.2973 | Hamming=6 | Exact=0
K=3, n=200, m=800, rep=5 | Opt=23.00 | Pred=16.00 | Gap=0.3043 | Hamming=4 | Exact=0
K=3, n=200, m=800, rep=6 | Opt=30.00 | Pred=25.00 | Gap=0.1667 | Hamming=5 | Exact=0
K=3, n=200, m=800, rep=7 | Opt=26.00 | Pred=21.00 | Gap=0.1923 | Hamming=6 | Exact=0
K=3, n=200, m=800, rep=8 | Opt=27.00 | Pred=21.00 | Gap=0.2222 | Hamming=4 | Exact=0
K=3, n=200, m=800, rep=9 | Opt=34.00 | Pred=30.00 | Gap=0.1176 | Hamming=2 | Exact=0
K=3, n=200, m=800, rep=10 | Opt=24.00 | Pred=18.00 | Gap=0.2500 | Hamming=4 | Exact=0
K=3, n=200, m=800, rep=11 | Opt=34.00 | Pred=33.00 | Gap=0.0294 | Hamming=2 | Exact=0
K=3, n=200, m=800, rep=12 | Opt=27.00 | Pred=25.00 | Gap=0.0741 | Hamming=4 | Exact=0
K=3, n=200, m=800, rep=13 | Opt=15.00 | Pred=10.00 | Gap=0.3333 | Hamming=4 | Exact=0
K=3, n=200, m=800, rep=14 | Opt=16.00 | Pred=12.00 | Gap=0.2500 | Hamming=4 | Exact=0
K=3, n=200, m=800, rep=15 | Opt=15.00 | Pred=8.00 | Gap=0.4667 | Hamming=6 | Exact=0
K=3, n=200, m=800, rep=16 | Opt=21.00 | Pred=18.00 | Gap=0.1429 | Hamming=2 | Exact=0
K=3, n=200, m=800, rep=17 | Opt=41.00 | Pred=39.00 | Gap=0.0488 | Hamming=2 | Exact=0
K=3, n=200, m=800, rep=18 | Opt=28.00 | Pred=25.00 | Gap=0.1071 | Hamming=4 | Exact=0
K=3, n=200, m=800, rep=19 | Opt=28.00 | Pred=21.00 | Gap=0.2500 | Hamming=4 | Exact=0
K=3, n=200, m=1000, rep=0 | Opt=30.00 | Pred=24.00 | Gap=0.2000 | Hamming=2 | Exact=0
K=3, n=200, m=1000, rep=1 | Opt=28.00 | Pred=26.00 | Gap=0.0714 | Hamming=4 | Exact=0
K=3, n=200, m=1000, rep=2 | Opt=30.00 | Pred=28.00 | Gap=0.0667 | Hamming=4 | Exact=0
K=3, n=200, m=1000, rep=3 | Opt=20.00 | Pred=15.00 | Gap=0.2500 | Hamming=4 | Exact=0
K=3, n=200, m=1000, rep=4 | Opt=22.00 | Pred=15.00 | Gap=0.3182 | Hamming=6 | Exact=0
K=3, n=200, m=1000, rep=5 | Opt=19.00 | Pred=19.00 | Gap=0.0000 | Hamming=4 | Exact=0
K=3, n=200, m=1000, rep=6 | Opt=19.00 | Pred=16.00 | Gap=0.1579 | Hamming=2 | Exact=0
K=3, n=200, m=1000, rep=7 | Opt=23.00 | Pred=18.00 | Gap=0.2174 | Hamming=4 | Exact=0
K=3, n=200, m=1000, rep=8 | Opt=17.00 | Pred=13.00 | Gap=0.2353 | Hamming=4 | Exact=0
K=3, n=200, m=1000, rep=9 | Opt=29.00 | Pred=23.00 | Gap=0.2069 | Hamming=6 | Exact=0
K=3, n=200, m=1000, rep=10 | Opt=25.00 | Pred=24.00 | Gap=0.0400 | Hamming=4 | Exact=0
K=3, n=200, m=1000, rep=11 | Opt=35.00 | Pred=35.00 | Gap=0.0000 | Hamming=0 | Exact=1
K=3, n=200, m=1000, rep=12 | Opt=20.00 | Pred=19.00 | Gap=0.0500 | Hamming=2 | Exact=0
K=3, n=200, m=1000, rep=13 | Opt=19.00 | Pred=13.00 | Gap=0.3158 | Hamming=4 | Exact=0
K=3, n=200, m=1000, rep=14 | Opt=18.00 | Pred=9.00 | Gap=0.5000 | Hamming=6 | Exact=0
K=3, n=200, m=1000, rep=15 | Opt=13.00 | Pred=13.00 | Gap=0.0000 | Hamming=4 | Exact=0
K=3, n=200, m=1000, rep=16 | Opt=18.00 | Pred=17.00 | Gap=0.0556 | Hamming=4 | Exact=0
K=3, n=200, m=1000, rep=17 | Opt=22.00 | Pred=15.00 | Gap=0.3182 | Hamming=6 | Exact=0
K=3, n=200, m=1000, rep=18 | Opt=19.00 | Pred=14.00 | Gap=0.2632 | Hamming=6 | Exact=0
K=3, n=200, m=1000, rep=19 | Opt=30.00 | Pred=23.00 | Gap=0.2333 | Hamming=6 | Exact=0
K=3, n=200, m=1200, rep=0 | Opt=24.00 | Pred=20.00 | Gap=0.1667 | Hamming=4 | Exact=0
K=3, n=200, m=1200, rep=1 | Opt=19.00 | Pred=16.00 | Gap=0.1579 | Hamming=4 | Exact=0
K=3, n=200, m=1200, rep=2 | Opt=11.00 | Pred=11.00 | Gap=0.0000 | Hamming=2 | Exact=0
K=3, n=200, m=1200, rep=3 | Opt=13.00 | Pred=10.00 | Gap=0.2308 | Hamming=4 | Exact=0
K=3, n=200, m=1200, rep=4 | Opt=17.00 | Pred=16.00 | Gap=0.0588 | Hamming=6 | Exact=0
K=3, n=200, m=1200, rep=5 | Opt=17.00 | Pred=15.00 | Gap=0.1176 | Hamming=4 | Exact=0
K=3, n=200, m=1200, rep=6 | Opt=25.00 | Pred=21.00 | Gap=0.1600 | Hamming=2 | Exact=0
K=3, n=200, m=1200, rep=7 | Opt=20.00 | Pred=18.00 | Gap=0.1000 | Hamming=4 | Exact=0
K=3, n=200, m=1200, rep=8 | Opt=19.00 | Pred=17.00 | Gap=0.1053 | Hamming=4 | Exact=0
K=3, n=200, m=1200, rep=9 | Opt=17.00 | Pred=15.00 | Gap=0.1176 | Hamming=4 | Exact=0
K=3, n=200, m=1200, rep=10 | Opt=17.00 | Pred=9.00 | Gap=0.4706 | Hamming=6 | Exact=0
K=3, n=200, m=1200, rep=11 | Opt=15.00 | Pred=14.00 | Gap=0.0667 | Hamming=2 | Exact=0
K=3, n=200, m=1200, rep=12 | Opt=20.00 | Pred=20.00 | Gap=0.0000 | Hamming=2 | Exact=0
K=3, n=200, m=1200, rep=13 | Opt=18.00 | Pred=17.00 | Gap=0.0556 | Hamming=2 | Exact=0
K=3, n=200, m=1200, rep=14 | Opt=20.00 | Pred=15.00 | Gap=0.2500 | Hamming=6 | Exact=0
K=3, n=200, m=1200, rep=15 | Opt=21.00 | Pred=16.00 | Gap=0.2381 | Hamming=2 | Exact=0
K=3, n=200, m=1200, rep=16 | Opt=21.00 | Pred=16.00 | Gap=0.2381 | Hamming=4 | Exact=0
K=3, n=200, m=1200, rep=17 | Opt=15.00 | Pred=13.00 | Gap=0.1333 | Hamming=4 | Exact=0
K=3, n=200, m=1200, rep=18 | Opt=19.00 | Pred=18.00 | Gap=0.0526 | Hamming=4 | Exact=0
K=3, n=200, m=1200, rep=19 | Opt=5.00 | Pred=5.00 | Gap=0.0000 | Hamming=2 | Exact=0
K=3, n=200, m=1600, rep=0 | Opt=13.00 | Pred=9.00 | Gap=0.3077 | Hamming=4 | Exact=0
K=3, n=200, m=1600, rep=1 | Opt=15.00 | Pred=15.00 | Gap=0.0000 | Hamming=2 | Exact=0
K=3, n=200, m=1600, rep=2 | Opt=13.00 | Pred=12.00 | Gap=0.0769 | Hamming=6 | Exact=0
K=3, n=200, m=1600, rep=3 | Opt=12.00 | Pred=12.00 | Gap=0.0000 | Hamming=2 | Exact=0
K=3, n=200, m=1600, rep=4 | Opt=8.00 | Pred=8.00 | Gap=0.0000 | Hamming=4 | Exact=0
K=3, n=200, m=1600, rep=5 | Opt=16.00 | Pred=12.00 | Gap=0.2500 | Hamming=4 | Exact=0
K=3, n=200, m=1600, rep=6 | Opt=13.00 | Pred=11.00 | Gap=0.1538 | Hamming=2 | Exact=0
K=3, n=200, m=1600, rep=7 | Opt=15.00 | Pred=15.00 | Gap=0.0000 | Hamming=4 | Exact=0
K=3, n=200, m=1600, rep=8 | Opt=22.00 | Pred=20.00 | Gap=0.0909 | Hamming=2 | Exact=0
K=3, n=200, m=1600, rep=9 | Opt=15.00 | Pred=14.00 | Gap=0.0667 | Hamming=2 | Exact=0
K=3, n=200, m=1600, rep=10 | Opt=12.00 | Pred=10.00 | Gap=0.1667 | Hamming=4 | Exact=0
K=3, n=200, m=1600, rep=11 | Opt=15.00 | Pred=15.00 | Gap=0.0000 | Hamming=2 | Exact=0
K=3, n=200, m=1600, rep=12 | Opt=14.00 | Pred=10.00 | Gap=0.2857 | Hamming=4 | Exact=0
K=3, n=200, m=1600, rep=13 | Opt=12.00 | Pred=5.00 | Gap=0.5833 | Hamming=4 | Exact=0
K=3, n=200, m=1600, rep=14 | Opt=13.00 | Pred=10.00 | Gap=0.2308 | Hamming=6 | Exact=0
K=3, n=200, m=1600, rep=15 | Opt=14.00 | Pred=14.00 | Gap=0.0000 | Hamming=0 | Exact=1
K=3, n=200, m=1600, rep=16 | Opt=12.00 | Pred=8.00 | Gap=0.3333 | Hamming=4 | Exact=0
K=3, n=200, m=1600, rep=17 | Opt=19.00 | Pred=13.00 | Gap=0.3158 | Hamming=4 | Exact=0
K=3, n=200, m=1600, rep=18 | Opt=15.00 | Pred=13.00 | Gap=0.1333 | Hamming=4 | Exact=0
K=3, n=200, m=1600, rep=19 | Opt=8.00 | Pred=8.00 | Gap=0.0000 | Hamming=2 | Exact=0
K=3, n=400, m=800, rep=0 | Opt=66.00 | Pred=56.00 | Gap=0.1515 | Hamming=2 | Exact=0
K=3, n=400, m=800, rep=1 | Opt=44.00 | Pred=42.00 | Gap=0.0455 | Hamming=4 | Exact=0
K=3, n=400, m=800, rep=2 | Opt=67.00 | Pred=59.00 | Gap=0.1194 | Hamming=4 | Exact=0
K=3, n=400, m=800, rep=3 | Opt=52.00 | Pred=44.00 | Gap=0.1538 | Hamming=6 | Exact=0
K=3, n=400, m=800, rep=4 | Opt=79.00 | Pred=66.00 | Gap=0.1646 | Hamming=4 | Exact=0
K=3, n=400, m=800, rep=5 | Opt=67.00 | Pred=64.00 | Gap=0.0448 | Hamming=2 | Exact=0
K=3, n=400, m=800, rep=6 | Opt=49.00 | Pred=36.00 | Gap=0.2653 | Hamming=6 | Exact=0
K=3, n=400, m=800, rep=7 | Opt=70.00 | Pred=56.00 | Gap=0.2000 | Hamming=4 | Exact=0
K=3, n=400, m=800, rep=8 | Opt=43.00 | Pred=34.00 | Gap=0.2093 | Hamming=4 | Exact=0
K=3, n=400, m=800, rep=9 | Opt=40.00 | Pred=31.00 | Gap=0.2250 | Hamming=4 | Exact=0
K=3, n=400, m=800, rep=10 | Opt=59.00 | Pred=50.00 | Gap=0.1525 | Hamming=6 | Exact=0
K=3, n=400, m=800, rep=11 | Opt=65.00 | Pred=53.00 | Gap=0.1846 | Hamming=4 | Exact=0
K=3, n=400, m=800, rep=12 | Opt=42.00 | Pred=40.00 | Gap=0.0476 | Hamming=4 | Exact=0
K=3, n=400, m=800, rep=13 | Opt=50.00 | Pred=47.00 | Gap=0.0600 | Hamming=4 | Exact=0
K=3, n=400, m=800, rep=14 | Opt=64.00 | Pred=50.00 | Gap=0.2188 | Hamming=4 | Exact=0
K=3, n=400, m=800, rep=15 | Opt=82.00 | Pred=72.00 | Gap=0.1220 | Hamming=4 | Exact=0
K=3, n=400, m=800, rep=16 | Opt=64.00 | Pred=56.00 | Gap=0.1250 | Hamming=4 | Exact=0
K=3, n=400, m=800, rep=17 | Opt=66.00 | Pred=54.00 | Gap=0.1818 | Hamming=4 | Exact=0
K=3, n=400, m=800, rep=18 | Opt=107.00 | Pred=96.00 | Gap=0.1028 | Hamming=4 | Exact=0
K=3, n=400, m=800, rep=19 | Opt=59.00 | Pred=53.00 | Gap=0.1017 | Hamming=4 | Exact=0
K=3, n=400, m=1000, rep=0 | Opt=46.00 | Pred=39.00 | Gap=0.1522 | Hamming=4 | Exact=0
K=3, n=400, m=1000, rep=1 | Opt=35.00 | Pred=28.00 | Gap=0.2000 | Hamming=4 | Exact=0
K=3, n=400, m=1000, rep=2 | Opt=45.00 | Pred=36.00 | Gap=0.2000 | Hamming=2 | Exact=0
K=3, n=400, m=1000, rep=3 | Opt=45.00 | Pred=37.00 | Gap=0.1778 | Hamming=4 | Exact=0
K=3, n=400, m=1000, rep=4 | Opt=39.00 | Pred=32.00 | Gap=0.1795 | Hamming=6 | Exact=0
K=3, n=400, m=1000, rep=5 | Opt=30.00 | Pred=24.00 | Gap=0.2000 | Hamming=2 | Exact=0
K=3, n=400, m=1000, rep=6 | Opt=46.00 | Pred=43.00 | Gap=0.0652 | Hamming=6 | Exact=0
K=3, n=400, m=1000, rep=7 | Opt=43.00 | Pred=38.00 | Gap=0.1163 | Hamming=4 | Exact=0
K=3, n=400, m=1000, rep=8 | Opt=48.00 | Pred=41.00 | Gap=0.1458 | Hamming=4 | Exact=0
K=3, n=400, m=1000, rep=9 | Opt=34.00 | Pred=34.00 | Gap=0.0000 | Hamming=2 | Exact=0
K=3, n=400, m=1000, rep=10 | Opt=41.00 | Pred=37.00 | Gap=0.0976 | Hamming=4 | Exact=0
K=3, n=400, m=1000, rep=11 | Opt=26.00 | Pred=18.00 | Gap=0.3077 | Hamming=4 | Exact=0
K=3, n=400, m=1000, rep=12 | Opt=47.00 | Pred=30.00 | Gap=0.3617 | Hamming=6 | Exact=0
K=3, n=400, m=1000, rep=13 | Opt=45.00 | Pred=41.00 | Gap=0.0889 | Hamming=2 | Exact=0
K=3, n=400, m=1000, rep=14 | Opt=58.00 | Pred=52.00 | Gap=0.1034 | Hamming=4 | Exact=0
K=3, n=400, m=1000, rep=15 | Opt=32.00 | Pred=30.00 | Gap=0.0625 | Hamming=2 | Exact=0
K=3, n=400, m=1000, rep=16 | Opt=52.00 | Pred=47.00 | Gap=0.0962 | Hamming=2 | Exact=0
K=3, n=400, m=1000, rep=17 | Opt=41.00 | Pred=26.00 | Gap=0.3659 | Hamming=4 | Exact=0
K=3, n=400, m=1000, rep=18 | Opt=40.00 | Pred=40.00 | Gap=0.0000 | Hamming=2 | Exact=0
K=3, n=400, m=1000, rep=19 | Opt=42.00 | Pred=41.00 | Gap=0.0238 | Hamming=4 | Exact=0
K=3, n=400, m=1200, rep=0 | Opt=31.00 | Pred=27.00 | Gap=0.1290 | Hamming=4 | Exact=0
K=3, n=400, m=1200, rep=1 | Opt=50.00 | Pred=40.00 | Gap=0.2000 | Hamming=4 | Exact=0
K=3, n=400, m=1200, rep=2 | Opt=37.00 | Pred=36.00 | Gap=0.0270 | Hamming=2 | Exact=0
K=3, n=400, m=1200, rep=3 | Opt=40.00 | Pred=34.00 | Gap=0.1500 | Hamming=2 | Exact=0
K=3, n=400, m=1200, rep=4 | Opt=34.00 | Pred=28.00 | Gap=0.1765 | Hamming=4 | Exact=0
K=3, n=400, m=1200, rep=5 | Opt=42.00 | Pred=37.00 | Gap=0.1190 | Hamming=4 | Exact=0
K=3, n=400, m=1200, rep=6 | Opt=27.00 | Pred=26.00 | Gap=0.0370 | Hamming=4 | Exact=0
K=3, n=400, m=1200, rep=7 | Opt=28.00 | Pred=27.00 | Gap=0.0357 | Hamming=2 | Exact=0
K=3, n=400, m=1200, rep=8 | Opt=28.00 | Pred=26.00 | Gap=0.0714 | Hamming=4 | Exact=0
K=3, n=400, m=1200, rep=9 | Opt=42.00 | Pred=38.00 | Gap=0.0952 | Hamming=2 | Exact=0
K=3, n=400, m=1200, rep=10 | Opt=39.00 | Pred=29.00 | Gap=0.2564 | Hamming=6 | Exact=0
K=3, n=400, m=1200, rep=11 | Opt=42.00 | Pred=41.00 | Gap=0.0238 | Hamming=2 | Exact=0
K=3, n=400, m=1200, rep=12 | Opt=50.00 | Pred=41.00 | Gap=0.1800 | Hamming=4 | Exact=0
K=3, n=400, m=1200, rep=13 | Opt=44.00 | Pred=35.00 | Gap=0.2045 | Hamming=2 | Exact=0
K=3, n=400, m=1200, rep=14 | Opt=31.00 | Pred=19.00 | Gap=0.3871 | Hamming=6 | Exact=0
K=3, n=400, m=1200, rep=15 | Opt=33.00 | Pred=30.00 | Gap=0.0909 | Hamming=2 | Exact=0
K=3, n=400, m=1200, rep=16 | Opt=49.00 | Pred=40.00 | Gap=0.1837 | Hamming=4 | Exact=0
K=3, n=400, m=1200, rep=17 | Opt=40.00 | Pred=40.00 | Gap=0.0000 | Hamming=0 | Exact=1
K=3, n=400, m=1200, rep=18 | Opt=48.00 | Pred=36.00 | Gap=0.2500 | Hamming=4 | Exact=0
K=3, n=400, m=1200, rep=19 | Opt=31.00 | Pred=19.00 | Gap=0.3871 | Hamming=4 | Exact=0
K=3, n=400, m=1600, rep=0 | Opt=34.00 | Pred=32.00 | Gap=0.0588 | Hamming=4 | Exact=0
K=3, n=400, m=1600, rep=1 | Opt=31.00 | Pred=25.00 | Gap=0.1935 | Hamming=4 | Exact=0
K=3, n=400, m=1600, rep=2 | Opt=27.00 | Pred=24.00 | Gap=0.1111 | Hamming=4 | Exact=0
K=3, n=400, m=1600, rep=3 | Opt=22.00 | Pred=18.00 | Gap=0.1818 | Hamming=4 | Exact=0
K=3, n=400, m=1600, rep=4 | Opt=21.00 | Pred=20.00 | Gap=0.0476 | Hamming=6 | Exact=0
K=3, n=400, m=1600, rep=5 | Opt=29.00 | Pred=25.00 | Gap=0.1379 | Hamming=2 | Exact=0
K=3, n=400, m=1600, rep=6 | Opt=30.00 | Pred=26.00 | Gap=0.1333 | Hamming=2 | Exact=0
K=3, n=400, m=1600, rep=7 | Opt=27.00 | Pred=25.00 | Gap=0.0741 | Hamming=2 | Exact=0
K=3, n=400, m=1600, rep=8 | Opt=22.00 | Pred=17.00 | Gap=0.2273 | Hamming=4 | Exact=0
K=3, n=400, m=1600, rep=9 | Opt=22.00 | Pred=22.00 | Gap=0.0000 | Hamming=1 | Exact=0
K=3, n=400, m=1600, rep=10 | Opt=27.00 | Pred=23.00 | Gap=0.1481 | Hamming=6 | Exact=0
K=3, n=400, m=1600, rep=11 | Opt=37.00 | Pred=33.00 | Gap=0.1081 | Hamming=4 | Exact=0
K=3, n=400, m=1600, rep=12 | Opt=23.00 | Pred=20.00 | Gap=0.1304 | Hamming=2 | Exact=0
K=3, n=400, m=1600, rep=13 | Opt=29.00 | Pred=23.00 | Gap=0.2069 | Hamming=6 | Exact=0
K=3, n=400, m=1600, rep=14 | Opt=24.00 | Pred=21.00 | Gap=0.1250 | Hamming=6 | Exact=0
K=3, n=400, m=1600, rep=15 | Opt=26.00 | Pred=23.00 | Gap=0.1154 | Hamming=4 | Exact=0
K=3, n=400, m=1600, rep=16 | Opt=30.00 | Pred=30.00 | Gap=0.0000 | Hamming=2 | Exact=0
K=3, n=400, m=1600, rep=17 | Opt=22.00 | Pred=18.00 | Gap=0.1818 | Hamming=4 | Exact=0
K=3, n=400, m=1600, rep=18 | Opt=27.00 | Pred=25.00 | Gap=0.0741 | Hamming=4 | Exact=0
K=3, n=400, m=1600, rep=19 | Opt=27.00 | Pred=23.00 | Gap=0.1481 | Hamming=4 | Exact=0
K=3, n=400, m=2000, rep=0 | Opt=21.00 | Pred=21.00 | Gap=0.0000 | Hamming=0 | Exact=1
K=3, n=400, m=2000, rep=1 | Opt=24.00 | Pred=15.00 | Gap=0.3750 | Hamming=4 | Exact=0
K=3, n=400, m=2000, rep=2 | Opt=21.00 | Pred=20.00 | Gap=0.0476 | Hamming=2 | Exact=0
K=3, n=400, m=2000, rep=3 | Opt=26.00 | Pred=23.00 | Gap=0.1154 | Hamming=4 | Exact=0
K=3, n=400, m=2000, rep=4 | Opt=20.00 | Pred=17.00 | Gap=0.1500 | Hamming=4 | Exact=0
K=3, n=400, m=2000, rep=5 | Opt=24.00 | Pred=20.00 | Gap=0.1667 | Hamming=2 | Exact=0
K=3, n=400, m=2000, rep=6 | Opt=12.00 | Pred=12.00 | Gap=0.0000 | Hamming=2 | Exact=0
K=3, n=400, m=2000, rep=7 | Opt=16.00 | Pred=15.00 | Gap=0.0625 | Hamming=2 | Exact=0
K=3, n=400, m=2000, rep=8 | Opt=21.00 | Pred=14.00 | Gap=0.3333 | Hamming=6 | Exact=0
K=3, n=400, m=2000, rep=9 | Opt=20.00 | Pred=11.00 | Gap=0.4500 | Hamming=4 | Exact=0
K=3, n=400, m=2000, rep=10 | Opt=24.00 | Pred=20.00 | Gap=0.1667 | Hamming=2 | Exact=0
K=3, n=400, m=2000, rep=11 | Opt=10.00 | Pred=10.00 | Gap=0.0000 | Hamming=2 | Exact=0
K=3, n=400, m=2000, rep=12 | Opt=23.00 | Pred=18.00 | Gap=0.2174 | Hamming=2 | Exact=0
K=3, n=400, m=2000, rep=13 | Opt=29.00 | Pred=24.00 | Gap=0.1724 | Hamming=6 | Exact=0
K=3, n=400, m=2000, rep=14 | Opt=24.00 | Pred=19.00 | Gap=0.2083 | Hamming=4 | Exact=0
K=3, n=400, m=2000, rep=15 | Opt=25.00 | Pred=25.00 | Gap=0.0000 | Hamming=4 | Exact=0
K=3, n=400, m=2000, rep=16 | Opt=23.00 | Pred=23.00 | Gap=0.0000 | Hamming=2 | Exact=0
K=3, n=400, m=2000, rep=17 | Opt=32.00 | Pred=30.00 | Gap=0.0625 | Hamming=2 | Exact=0
K=3, n=400, m=2000, rep=18 | Opt=28.00 | Pred=24.00 | Gap=0.1429 | Hamming=6 | Exact=0
K=3, n=400, m=2000, rep=19 | Opt=23.00 | Pred=16.00 | Gap=0.3043 | Hamming=2 | Exact=0
K=3, n=400, m=2400, rep=0 | Opt=26.00 | Pred=20.00 | Gap=0.2308 | Hamming=6 | Exact=0
K=3, n=400, m=2400, rep=1 | Opt=20.00 | Pred=18.00 | Gap=0.1000 | Hamming=2 | Exact=0
K=3, n=400, m=2400, rep=2 | Opt=18.00 | Pred=14.00 | Gap=0.2222 | Hamming=2 | Exact=0
K=3, n=400, m=2400, rep=3 | Opt=19.00 | Pred=18.00 | Gap=0.0526 | Hamming=2 | Exact=0
K=3, n=400, m=2400, rep=4 | Opt=16.00 | Pred=15.00 | Gap=0.0625 | Hamming=6 | Exact=0
K=3, n=400, m=2400, rep=5 | Opt=22.00 | Pred=22.00 | Gap=0.0000 | Hamming=4 | Exact=0
K=3, n=400, m=2400, rep=6 | Opt=19.00 | Pred=19.00 | Gap=0.0000 | Hamming=4 | Exact=0
K=3, n=400, m=2400, rep=7 | Opt=24.00 | Pred=22.00 | Gap=0.0833 | Hamming=2 | Exact=0
K=3, n=400, m=2400, rep=8 | Opt=22.00 | Pred=19.00 | Gap=0.1364 | Hamming=4 | Exact=0
K=3, n=400, m=2400, rep=9 | Opt=20.00 | Pred=14.00 | Gap=0.3000 | Hamming=6 | Exact=0
K=3, n=400, m=2400, rep=10 | Opt=18.00 | Pred=15.00 | Gap=0.1667 | Hamming=2 | Exact=0
K=3, n=400, m=2400, rep=11 | Opt=23.00 | Pred=18.00 | Gap=0.2174 | Hamming=4 | Exact=0
K=3, n=400, m=2400, rep=12 | Opt=19.00 | Pred=17.00 | Gap=0.1053 | Hamming=4 | Exact=0
K=3, n=400, m=2400, rep=13 | Opt=20.00 | Pred=19.00 | Gap=0.0500 | Hamming=2 | Exact=0
K=3, n=400, m=2400, rep=14 | Opt=25.00 | Pred=24.00 | Gap=0.0400 | Hamming=4 | Exact=0
K=3, n=400, m=2400, rep=15 | Opt=23.00 | Pred=23.00 | Gap=0.0000 | Hamming=0 | Exact=1
K=3, n=400, m=2400, rep=16 | Opt=18.00 | Pred=15.00 | Gap=0.1667 | Hamming=6 | Exact=0
K=3, n=400, m=2400, rep=17 | Opt=22.00 | Pred=21.00 | Gap=0.0455 | Hamming=2 | Exact=0
K=3, n=400, m=2400, rep=18 | Opt=16.00 | Pred=13.00 | Gap=0.1875 | Hamming=4 | Exact=0
K=3, n=400, m=2400, rep=19 | Opt=19.00 | Pred=14.00 | Gap=0.2632 | Hamming=2 | Exact=0
K=3, n=400, m=3200, rep=0 | Opt=14.00 | Pred=11.00 | Gap=0.2143 | Hamming=4 | Exact=0
K=3, n=400, m=3200, rep=1 | Opt=15.00 | Pred=13.00 | Gap=0.1333 | Hamming=2 | Exact=0
K=3, n=400, m=3200, rep=2 | Opt=15.00 | Pred=11.00 | Gap=0.2667 | Hamming=6 | Exact=0
K=3, n=400, m=3200, rep=3 | Opt=13.00 | Pred=11.00 | Gap=0.1538 | Hamming=6 | Exact=0
K=3, n=400, m=3200, rep=4 | Opt=13.00 | Pred=9.00 | Gap=0.3077 | Hamming=6 | Exact=0
K=3, n=400, m=3200, rep=5 | Opt=18.00 | Pred=13.00 | Gap=0.2778 | Hamming=6 | Exact=0
K=3, n=400, m=3200, rep=6 | Opt=18.00 | Pred=14.00 | Gap=0.2222 | Hamming=6 | Exact=0
K=3, n=400, m=3200, rep=7 | Opt=20.00 | Pred=18.00 | Gap=0.1000 | Hamming=2 | Exact=0
K=3, n=400, m=3200, rep=8 | Opt=14.00 | Pred=11.00 | Gap=0.2143 | Hamming=6 | Exact=0
K=3, n=400, m=3200, rep=9 | Opt=21.00 | Pred=19.00 | Gap=0.0952 | Hamming=6 | Exact=0
K=3, n=400, m=3200, rep=10 | Opt=23.00 | Pred=22.00 | Gap=0.0435 | Hamming=4 | Exact=0
K=3, n=400, m=3200, rep=11 | Opt=19.00 | Pred=14.00 | Gap=0.2632 | Hamming=4 | Exact=0
K=3, n=400, m=3200, rep=12 | Opt=14.00 | Pred=14.00 | Gap=0.0000 | Hamming=5 | Exact=0
K=3, n=400, m=3200, rep=13 | Opt=14.00 | Pred=11.00 | Gap=0.2143 | Hamming=6 | Exact=0
K=3, n=400, m=3200, rep=14 | Opt=17.00 | Pred=16.00 | Gap=0.0588 | Hamming=4 | Exact=0
K=3, n=400, m=3200, rep=15 | Opt=15.00 | Pred=13.00 | Gap=0.1333 | Hamming=6 | Exact=0
K=3, n=400, m=3200, rep=16 | Opt=22.00 | Pred=20.00 | Gap=0.0909 | Hamming=2 | Exact=0
K=3, n=400, m=3200, rep=17 | Opt=17.00 | Pred=15.00 | Gap=0.1176 | Hamming=4 | Exact=0
K=3, n=400, m=3200, rep=18 | Opt=19.00 | Pred=13.00 | Gap=0.3158 | Hamming=6 | Exact=0
K=3, n=400, m=3200, rep=19 | Opt=19.00 | Pred=17.00 | Gap=0.1053 | Hamming=2 | Exact=0
K=3, n=600, m=1200, rep=0 | Opt=45.00 | Pred=35.00 | Gap=0.2222 | Hamming=6 | Exact=0
K=3, n=600, m=1200, rep=1 | Opt=58.00 | Pred=50.00 | Gap=0.1379 | Hamming=6 | Exact=0
K=3, n=600, m=1200, rep=2 | Opt=57.00 | Pred=54.00 | Gap=0.0526 | Hamming=4 | Exact=0
K=3, n=600, m=1200, rep=3 | Opt=53.00 | Pred=46.00 | Gap=0.1321 | Hamming=2 | Exact=0
K=3, n=600, m=1200, rep=4 | Opt=57.00 | Pred=42.00 | Gap=0.2632 | Hamming=4 | Exact=0
K=3, n=600, m=1200, rep=5 | Opt=27.00 | Pred=27.00 | Gap=0.0000 | Hamming=1 | Exact=0
K=3, n=600, m=1200, rep=6 | Opt=57.00 | Pred=52.00 | Gap=0.0877 | Hamming=6 | Exact=0
K=3, n=600, m=1200, rep=7 | Opt=54.00 | Pred=50.00 | Gap=0.0741 | Hamming=4 | Exact=0
K=3, n=600, m=1200, rep=8 | Opt=67.00 | Pred=61.00 | Gap=0.0896 | Hamming=4 | Exact=0
K=3, n=600, m=1200, rep=9 | Opt=61.00 | Pred=48.00 | Gap=0.2131 | Hamming=4 | Exact=0
K=3, n=600, m=1200, rep=10 | Opt=51.00 | Pred=51.00 | Gap=0.0000 | Hamming=4 | Exact=0
K=3, n=600, m=1200, rep=11 | Opt=64.00 | Pred=50.00 | Gap=0.2188 | Hamming=4 | Exact=0
K=3, n=600, m=1200, rep=12 | Opt=25.00 | Pred=22.00 | Gap=0.1200 | Hamming=3 | Exact=0
K=3, n=600, m=1200, rep=13 | Opt=40.00 | Pred=25.00 | Gap=0.3750 | Hamming=6 | Exact=0
K=3, n=600, m=1200, rep=14 | Opt=85.00 | Pred=78.00 | Gap=0.0824 | Hamming=2 | Exact=0
K=3, n=600, m=1200, rep=15 | Opt=69.00 | Pred=57.00 | Gap=0.1739 | Hamming=4 | Exact=0
K=3, n=600, m=1200, rep=16 | Opt=51.00 | Pred=41.00 | Gap=0.1961 | Hamming=4 | Exact=0
K=3, n=600, m=1200, rep=17 | Opt=39.00 | Pred=31.00 | Gap=0.2051 | Hamming=4 | Exact=0
K=3, n=600, m=1200, rep=18 | Opt=59.00 | Pred=56.00 | Gap=0.0508 | Hamming=4 | Exact=0
K=3, n=600, m=1200, rep=19 | Opt=68.00 | Pred=63.00 | Gap=0.0735 | Hamming=4 | Exact=0
K=3, n=600, m=1500, rep=0 | Opt=46.00 | Pred=37.00 | Gap=0.1957 | Hamming=4 | Exact=0
K=3, n=600, m=1500, rep=1 | Opt=49.00 | Pred=39.00 | Gap=0.2041 | Hamming=2 | Exact=0
K=3, n=600, m=1500, rep=2 | Opt=57.00 | Pred=49.00 | Gap=0.1404 | Hamming=4 | Exact=0
K=3, n=600, m=1500, rep=3 | Opt=50.00 | Pred=37.00 | Gap=0.2600 | Hamming=4 | Exact=0
K=3, n=600, m=1500, rep=4 | Opt=40.00 | Pred=36.00 | Gap=0.1000 | Hamming=2 | Exact=0
K=3, n=600, m=1500, rep=5 | Opt=70.00 | Pred=61.00 | Gap=0.1286 | Hamming=2 | Exact=0
K=3, n=600, m=1500, rep=6 | Opt=66.00 | Pred=59.00 | Gap=0.1061 | Hamming=4 | Exact=0
K=3, n=600, m=1500, rep=7 | Opt=41.00 | Pred=34.00 | Gap=0.1707 | Hamming=2 | Exact=0
K=3, n=600, m=1500, rep=8 | Opt=49.00 | Pred=43.00 | Gap=0.1224 | Hamming=4 | Exact=0
K=3, n=600, m=1500, rep=9 | Opt=49.00 | Pred=43.00 | Gap=0.1224 | Hamming=2 | Exact=0
K=3, n=600, m=1500, rep=10 | Opt=70.00 | Pred=57.00 | Gap=0.1857 | Hamming=4 | Exact=0
K=3, n=600, m=1500, rep=11 | Opt=34.00 | Pred=23.00 | Gap=0.3235 | Hamming=4 | Exact=0
K=3, n=600, m=1500, rep=12 | Opt=50.00 | Pred=43.00 | Gap=0.1400 | Hamming=4 | Exact=0
K=3, n=600, m=1500, rep=13 | Opt=68.00 | Pred=56.00 | Gap=0.1765 | Hamming=4 | Exact=0
K=3, n=600, m=1500, rep=14 | Opt=71.00 | Pred=61.00 | Gap=0.1408 | Hamming=4 | Exact=0
K=3, n=600, m=1500, rep=15 | Opt=30.00 | Pred=15.00 | Gap=0.5000 | Hamming=6 | Exact=0
K=3, n=600, m=1500, rep=16 | Opt=43.00 | Pred=37.00 | Gap=0.1395 | Hamming=4 | Exact=0
K=3, n=600, m=1500, rep=17 | Opt=37.00 | Pred=29.00 | Gap=0.2162 | Hamming=4 | Exact=0
K=3, n=600, m=1500, rep=18 | Opt=47.00 | Pred=42.00 | Gap=0.1064 | Hamming=4 | Exact=0
K=3, n=600, m=1500, rep=19 | Opt=41.00 | Pred=34.00 | Gap=0.1707 | Hamming=4 | Exact=0
K=3, n=600, m=1800, rep=0 | Opt=11.00 | Pred=8.00 | Gap=0.2727 | Hamming=3 | Exact=0
K=3, n=600, m=1800, rep=1 | Opt=38.00 | Pred=24.00 | Gap=0.3684 | Hamming=4 | Exact=0
K=3, n=600, m=1800, rep=2 | Opt=53.00 | Pred=53.00 | Gap=0.0000 | Hamming=0 | Exact=1
K=3, n=600, m=1800, rep=3 | Opt=39.00 | Pred=36.00 | Gap=0.0769 | Hamming=2 | Exact=0
K=3, n=600, m=1800, rep=4 | Opt=36.00 | Pred=32.00 | Gap=0.1111 | Hamming=6 | Exact=0
K=3, n=600, m=1800, rep=5 | Opt=56.00 | Pred=44.00 | Gap=0.2143 | Hamming=4 | Exact=0
K=3, n=600, m=1800, rep=6 | Opt=50.00 | Pred=45.00 | Gap=0.1000 | Hamming=2 | Exact=0
K=3, n=600, m=1800, rep=7 | Opt=43.00 | Pred=39.00 | Gap=0.0930 | Hamming=2 | Exact=0
K=3, n=600, m=1800, rep=8 | Opt=38.00 | Pred=35.00 | Gap=0.0789 | Hamming=2 | Exact=0
K=3, n=600, m=1800, rep=9 | Opt=37.00 | Pred=30.00 | Gap=0.1892 | Hamming=4 | Exact=0
K=3, n=600, m=1800, rep=10 | Opt=26.00 | Pred=20.00 | Gap=0.2308 | Hamming=3 | Exact=0
K=3, n=600, m=1800, rep=11 | Opt=33.00 | Pred=31.00 | Gap=0.0606 | Hamming=4 | Exact=0
K=3, n=600, m=1800, rep=12 | Opt=25.00 | Pred=22.00 | Gap=0.1200 | Hamming=4 | Exact=0
K=3, n=600, m=1800, rep=13 | Opt=50.00 | Pred=50.00 | Gap=0.0000 | Hamming=4 | Exact=0
K=3, n=600, m=1800, rep=14 | Opt=43.00 | Pred=43.00 | Gap=0.0000 | Hamming=0 | Exact=1
K=3, n=600, m=1800, rep=15 | Opt=32.00 | Pred=32.00 | Gap=0.0000 | Hamming=0 | Exact=1
K=3, n=600, m=1800, rep=16 | Opt=41.00 | Pred=36.00 | Gap=0.1220 | Hamming=2 | Exact=0
K=3, n=600, m=1800, rep=17 | Opt=37.00 | Pred=34.00 | Gap=0.0811 | Hamming=4 | Exact=0
K=3, n=600, m=1800, rep=18 | Opt=36.00 | Pred=28.00 | Gap=0.2222 | Hamming=4 | Exact=0
K=3, n=600, m=1800, rep=19 | Opt=30.00 | Pred=27.00 | Gap=0.1000 | Hamming=2 | Exact=0
K=3, n=600, m=2400, rep=0 | Opt=37.00 | Pred=34.00 | Gap=0.0811 | Hamming=2 | Exact=0
K=3, n=600, m=2400, rep=1 | Opt=24.00 | Pred=24.00 | Gap=0.0000 | Hamming=2 | Exact=0
K=3, n=600, m=2400, rep=2 | Opt=30.00 | Pred=25.00 | Gap=0.1667 | Hamming=6 | Exact=0
K=3, n=600, m=2400, rep=3 | Opt=22.00 | Pred=16.00 | Gap=0.2727 | Hamming=4 | Exact=0
K=3, n=600, m=2400, rep=4 | Opt=35.00 | Pred=29.00 | Gap=0.1714 | Hamming=2 | Exact=0
K=3, n=600, m=2400, rep=5 | Opt=25.00 | Pred=23.00 | Gap=0.0800 | Hamming=2 | Exact=0
K=3, n=600, m=2400, rep=6 | Opt=28.00 | Pred=22.00 | Gap=0.2143 | Hamming=4 | Exact=0
K=3, n=600, m=2400, rep=7 | Opt=30.00 | Pred=22.00 | Gap=0.2667 | Hamming=2 | Exact=0
K=3, n=600, m=2400, rep=8 | Opt=30.00 | Pred=27.00 | Gap=0.1000 | Hamming=6 | Exact=0
K=3, n=600, m=2400, rep=9 | Opt=29.00 | Pred=19.00 | Gap=0.3448 | Hamming=6 | Exact=0
K=3, n=600, m=2400, rep=10 | Opt=45.00 | Pred=31.00 | Gap=0.3111 | Hamming=6 | Exact=0
K=3, n=600, m=2400, rep=11 | Opt=37.00 | Pred=35.00 | Gap=0.0541 | Hamming=4 | Exact=0
K=3, n=600, m=2400, rep=12 | Opt=33.00 | Pred=21.00 | Gap=0.3636 | Hamming=6 | Exact=0
K=3, n=600, m=2400, rep=13 | Opt=41.00 | Pred=34.00 | Gap=0.1707 | Hamming=4 | Exact=0
K=3, n=600, m=2400, rep=14 | Opt=25.00 | Pred=21.00 | Gap=0.1600 | Hamming=6 | Exact=0
K=3, n=600, m=2400, rep=15 | Opt=22.00 | Pred=21.00 | Gap=0.0455 | Hamming=6 | Exact=0
K=3, n=600, m=2400, rep=16 | Opt=31.00 | Pred=30.00 | Gap=0.0323 | Hamming=2 | Exact=0
K=3, n=600, m=2400, rep=17 | Opt=26.00 | Pred=23.00 | Gap=0.1154 | Hamming=4 | Exact=0
K=3, n=600, m=2400, rep=18 | Opt=31.00 | Pred=19.00 | Gap=0.3871 | Hamming=6 | Exact=0
K=3, n=600, m=2400, rep=19 | Opt=22.00 | Pred=17.00 | Gap=0.2273 | Hamming=6 | Exact=0
K=3, n=600, m=3000, rep=0 | Opt=15.00 | Pred=8.00 | Gap=0.4667 | Hamming=3 | Exact=0
K=3, n=600, m=3000, rep=1 | Opt=25.00 | Pred=25.00 | Gap=0.0000 | Hamming=0 | Exact=1
K=3, n=600, m=3000, rep=2 | Opt=21.00 | Pred=18.00 | Gap=0.1429 | Hamming=4 | Exact=0
K=3, n=600, m=3000, rep=3 | Opt=36.00 | Pred=27.00 | Gap=0.2500 | Hamming=2 | Exact=0
K=3, n=600, m=3000, rep=4 | Opt=19.00 | Pred=13.00 | Gap=0.3158 | Hamming=6 | Exact=0
K=3, n=600, m=3000, rep=5 | Opt=23.00 | Pred=23.00 | Gap=0.0000 | Hamming=0 | Exact=1
K=3, n=600, m=3000, rep=6 | Opt=28.00 | Pred=26.00 | Gap=0.0714 | Hamming=2 | Exact=0
K=3, n=600, m=3000, rep=7 | Opt=28.00 | Pred=28.00 | Gap=0.0000 | Hamming=0 | Exact=1
K=3, n=600, m=3000, rep=8 | Opt=14.00 | Pred=11.00 | Gap=0.2143 | Hamming=6 | Exact=0
K=3, n=600, m=3000, rep=9 | Opt=37.00 | Pred=30.00 | Gap=0.1892 | Hamming=2 | Exact=0
K=3, n=600, m=3000, rep=10 | Opt=25.00 | Pred=22.00 | Gap=0.1200 | Hamming=2 | Exact=0
K=3, n=600, m=3000, rep=11 | Opt=28.00 | Pred=25.00 | Gap=0.1071 | Hamming=2 | Exact=0
K=3, n=600, m=3000, rep=12 | Opt=29.00 | Pred=28.00 | Gap=0.0345 | Hamming=2 | Exact=0
K=3, n=600, m=3000, rep=13 | Opt=28.00 | Pred=23.00 | Gap=0.1786 | Hamming=4 | Exact=0
K=3, n=600, m=3000, rep=14 | Opt=21.00 | Pred=18.00 | Gap=0.1429 | Hamming=2 | Exact=0
K=3, n=600, m=3000, rep=15 | Opt=21.00 | Pred=18.00 | Gap=0.1429 | Hamming=4 | Exact=0
K=3, n=600, m=3000, rep=16 | Opt=19.00 | Pred=10.00 | Gap=0.4737 | Hamming=6 | Exact=0
K=3, n=600, m=3000, rep=17 | Opt=20.00 | Pred=13.00 | Gap=0.3500 | Hamming=6 | Exact=0
K=3, n=600, m=3000, rep=18 | Opt=26.00 | Pred=24.00 | Gap=0.0769 | Hamming=4 | Exact=0
K=3, n=600, m=3000, rep=19 | Opt=23.00 | Pred=21.00 | Gap=0.0870 | Hamming=4 | Exact=0
K=3, n=600, m=3600, rep=0 | Opt=17.00 | Pred=15.00 | Gap=0.1176 | Hamming=4 | Exact=0
K=3, n=600, m=3600, rep=1 | Opt=18.00 | Pred=10.00 | Gap=0.4444 | Hamming=2 | Exact=0
K=3, n=600, m=3600, rep=2 | Opt=20.00 | Pred=14.00 | Gap=0.3000 | Hamming=6 | Exact=0
K=3, n=600, m=3600, rep=3 | Opt=17.00 | Pred=15.00 | Gap=0.1176 | Hamming=2 | Exact=0
K=3, n=600, m=3600, rep=4 | Opt=22.00 | Pred=16.00 | Gap=0.2727 | Hamming=4 | Exact=0
K=3, n=600, m=3600, rep=5 | Opt=15.00 | Pred=11.00 | Gap=0.2667 | Hamming=6 | Exact=0
K=3, n=600, m=3600, rep=6 | Opt=15.00 | Pred=8.00 | Gap=0.4667 | Hamming=4 | Exact=0
K=3, n=600, m=3600, rep=7 | Opt=32.00 | Pred=29.00 | Gap=0.0938 | Hamming=2 | Exact=0
K=3, n=600, m=3600, rep=8 | Opt=21.00 | Pred=17.00 | Gap=0.1905 | Hamming=2 | Exact=0
K=3, n=600, m=3600, rep=9 | Opt=19.00 | Pred=16.00 | Gap=0.1579 | Hamming=4 | Exact=0
K=3, n=600, m=3600, rep=10 | Opt=19.00 | Pred=14.00 | Gap=0.2632 | Hamming=4 | Exact=0
K=3, n=600, m=3600, rep=11 | Opt=19.00 | Pred=17.00 | Gap=0.1053 | Hamming=2 | Exact=0
K=3, n=600, m=3600, rep=12 | Opt=27.00 | Pred=21.00 | Gap=0.2222 | Hamming=4 | Exact=0
K=3, n=600, m=3600, rep=13 | Opt=21.00 | Pred=17.00 | Gap=0.1905 | Hamming=6 | Exact=0
K=3, n=600, m=3600, rep=14 | Opt=27.00 | Pred=19.00 | Gap=0.2963 | Hamming=4 | Exact=0
K=3, n=600, m=3600, rep=15 | Opt=20.00 | Pred=20.00 | Gap=0.0000 | Hamming=2 | Exact=0
K=3, n=600, m=3600, rep=16 | Opt=20.00 | Pred=18.00 | Gap=0.1000 | Hamming=4 | Exact=0
K=3, n=600, m=3600, rep=17 | Opt=30.00 | Pred=27.00 | Gap=0.1000 | Hamming=2 | Exact=0
K=3, n=600, m=3600, rep=18 | Opt=26.00 | Pred=21.00 | Gap=0.1923 | Hamming=6 | Exact=0
K=3, n=600, m=3600, rep=19 | Opt=17.00 | Pred=11.00 | Gap=0.3529 | Hamming=6 | Exact=0
K=3, n=600, m=4800, rep=0 | Opt=14.00 | Pred=14.00 | Gap=0.0000 | Hamming=4 | Exact=0
K=3, n=600, m=4800, rep=1 | Opt=20.00 | Pred=17.00 | Gap=0.1500 | Hamming=4 | Exact=0
K=3, n=600, m=4800, rep=2 | Opt=20.00 | Pred=15.00 | Gap=0.2500 | Hamming=4 | Exact=0
K=3, n=600, m=4800, rep=3 | Opt=19.00 | Pred=18.00 | Gap=0.0526 | Hamming=2 | Exact=0
K=3, n=600, m=4800, rep=4 | Opt=17.00 | Pred=13.00 | Gap=0.2353 | Hamming=4 | Exact=0
K=3, n=600, m=4800, rep=5 | Opt=25.00 | Pred=23.00 | Gap=0.0800 | Hamming=2 | Exact=0
K=3, n=600, m=4800, rep=6 | Opt=15.00 | Pred=15.00 | Gap=0.0000 | Hamming=4 | Exact=0
K=3, n=600, m=4800, rep=7 | Opt=15.00 | Pred=13.00 | Gap=0.1333 | Hamming=4 | Exact=0
K=3, n=600, m=4800, rep=8 | Opt=18.00 | Pred=15.00 | Gap=0.1667 | Hamming=4 | Exact=0
K=3, n=600, m=4800, rep=9 | Opt=16.00 | Pred=15.00 | Gap=0.0625 | Hamming=4 | Exact=0
K=3, n=600, m=4800, rep=10 | Opt=17.00 | Pred=11.00 | Gap=0.3529 | Hamming=4 | Exact=0
K=3, n=600, m=4800, rep=11 | Opt=13.00 | Pred=10.00 | Gap=0.2308 | Hamming=2 | Exact=0
K=3, n=600, m=4800, rep=12 | Opt=20.00 | Pred=18.00 | Gap=0.1000 | Hamming=6 | Exact=0
K=3, n=600, m=4800, rep=13 | Opt=15.00 | Pred=14.00 | Gap=0.0667 | Hamming=4 | Exact=0
K=3, n=600, m=4800, rep=14 | Opt=12.00 | Pred=10.00 | Gap=0.1667 | Hamming=4 | Exact=0
K=3, n=600, m=4800, rep=15 | Opt=15.00 | Pred=13.00 | Gap=0.1333 | Hamming=6 | Exact=0
K=3, n=600, m=4800, rep=16 | Opt=16.00 | Pred=16.00 | Gap=0.0000 | Hamming=2 | Exact=0
K=3, n=600, m=4800, rep=17 | Opt=16.00 | Pred=13.00 | Gap=0.1875 | Hamming=4 | Exact=0
K=3, n=600, m=4800, rep=18 | Opt=16.00 | Pred=13.00 | Gap=0.1875 | Hamming=6 | Exact=0
K=3, n=600, m=4800, rep=19 | Opt=14.00 | Pred=11.00 | Gap=0.2143 | Hamming=4 | Exact=0

FINAL TEST RESULTS FOR K=3
Instances evaluated: 560
Exact match rate: 0.0321
Average Hamming distance: 3.5714
Average objective gap: 0.1586
Average MIP solve time: 1.916030 seconds
Average model inference time: 0.003901 seconds

Evaluating attack limit K=4
K=4, n=100, m=200, rep=0 | Opt=77.00 | Pred=51.00 | Gap=0.3377 | Hamming=6 | Exact=0
K=4, n=100, m=200, rep=1 | Opt=24.00 | Pred=18.00 | Gap=0.2500 | Hamming=5 | Exact=0
K=4, n=100, m=200, rep=2 | Opt=46.00 | Pred=35.00 | Gap=0.2391 | Hamming=6 | Exact=0
K=4, n=100, m=200, rep=3 | Opt=54.00 | Pred=42.00 | Gap=0.2222 | Hamming=6 | Exact=0
K=4, n=100, m=200, rep=4 | Opt=38.00 | Pred=31.00 | Gap=0.1842 | Hamming=4 | Exact=0
K=4, n=100, m=200, rep=5 | Opt=42.00 | Pred=41.00 | Gap=0.0238 | Hamming=2 | Exact=0
K=4, n=100, m=200, rep=6 | Opt=56.00 | Pred=32.00 | Gap=0.4286 | Hamming=6 | Exact=0
K=4, n=100, m=200, rep=7 | Opt=28.00 | Pred=28.00 | Gap=0.0000 | Hamming=2 | Exact=0
K=4, n=100, m=200, rep=8 | Opt=56.00 | Pred=49.00 | Gap=0.1250 | Hamming=6 | Exact=0
K=4, n=100, m=200, rep=9 | Opt=40.00 | Pred=30.00 | Gap=0.2500 | Hamming=6 | Exact=0
K=4, n=100, m=200, rep=10 | Opt=32.00 | Pred=23.00 | Gap=0.2812 | Hamming=4 | Exact=0
K=4, n=100, m=200, rep=11 | Opt=57.00 | Pred=45.00 | Gap=0.2105 | Hamming=4 | Exact=0
K=4, n=100, m=200, rep=12 | Opt=52.00 | Pred=42.00 | Gap=0.1923 | Hamming=4 | Exact=0
K=4, n=100, m=200, rep=13 | Opt=52.00 | Pred=44.00 | Gap=0.1538 | Hamming=4 | Exact=0
K=4, n=100, m=200, rep=14 | Opt=42.00 | Pred=31.00 | Gap=0.2619 | Hamming=4 | Exact=0
K=4, n=100, m=200, rep=15 | Opt=74.00 | Pred=53.00 | Gap=0.2838 | Hamming=6 | Exact=0
K=4, n=100, m=200, rep=16 | Opt=27.00 | Pred=26.00 | Gap=0.0370 | Hamming=4 | Exact=0
K=4, n=100, m=200, rep=17 | Opt=5.00 | Pred=5.00 | Gap=0.0000 | Hamming=6 | Exact=0
K=4, n=100, m=200, rep=18 | Opt=18.00 | Pred=17.00 | Gap=0.0556 | Hamming=4 | Exact=0
K=4, n=100, m=200, rep=19 | Opt=58.00 | Pred=37.00 | Gap=0.3621 | Hamming=6 | Exact=0
K=4, n=100, m=250, rep=0 | Opt=13.00 | Pred=13.00 | Gap=0.0000 | Hamming=6 | Exact=0
K=4, n=100, m=250, rep=1 | Opt=39.00 | Pred=34.00 | Gap=0.1282 | Hamming=4 | Exact=0
K=4, n=100, m=250, rep=2 | Opt=29.00 | Pred=28.00 | Gap=0.0345 | Hamming=4 | Exact=0
K=4, n=100, m=250, rep=3 | Opt=34.00 | Pred=29.00 | Gap=0.1471 | Hamming=4 | Exact=0
K=4, n=100, m=250, rep=4 | Opt=43.00 | Pred=34.00 | Gap=0.2093 | Hamming=6 | Exact=0
K=4, n=100, m=250, rep=5 | Opt=35.00 | Pred=26.00 | Gap=0.2571 | Hamming=6 | Exact=0
K=4, n=100, m=250, rep=6 | Opt=24.00 | Pred=18.00 | Gap=0.2500 | Hamming=4 | Exact=0
K=4, n=100, m=250, rep=7 | Opt=17.00 | Pred=14.00 | Gap=0.1765 | Hamming=4 | Exact=0
K=4, n=100, m=250, rep=8 | Opt=31.00 | Pred=27.00 | Gap=0.1290 | Hamming=4 | Exact=0
K=4, n=100, m=250, rep=9 | Opt=39.00 | Pred=33.00 | Gap=0.1538 | Hamming=2 | Exact=0
K=4, n=100, m=250, rep=10 | Opt=32.00 | Pred=30.00 | Gap=0.0625 | Hamming=2 | Exact=0
K=4, n=100, m=250, rep=11 | Opt=19.00 | Pred=9.00 | Gap=0.5263 | Hamming=7 | Exact=0
K=4, n=100, m=250, rep=12 | Opt=48.00 | Pred=44.00 | Gap=0.0833 | Hamming=4 | Exact=0
K=4, n=100, m=250, rep=13 | Opt=37.00 | Pred=35.00 | Gap=0.0541 | Hamming=6 | Exact=0
K=4, n=100, m=250, rep=14 | Opt=58.00 | Pred=43.00 | Gap=0.2586 | Hamming=6 | Exact=0
K=4, n=100, m=250, rep=15 | Opt=37.00 | Pred=37.00 | Gap=0.0000 | Hamming=0 | Exact=1
K=4, n=100, m=250, rep=16 | Opt=28.00 | Pred=20.00 | Gap=0.2857 | Hamming=4 | Exact=0
K=4, n=100, m=250, rep=17 | Opt=57.00 | Pred=39.00 | Gap=0.3158 | Hamming=6 | Exact=0
K=4, n=100, m=250, rep=18 | Opt=44.00 | Pred=33.00 | Gap=0.2500 | Hamming=6 | Exact=0
K=4, n=100, m=250, rep=19 | Opt=42.00 | Pred=34.00 | Gap=0.1905 | Hamming=2 | Exact=0
K=4, n=100, m=300, rep=0 | Opt=29.00 | Pred=23.00 | Gap=0.2069 | Hamming=4 | Exact=0
K=4, n=100, m=300, rep=1 | Opt=30.00 | Pred=30.00 | Gap=0.0000 | Hamming=2 | Exact=0
K=4, n=100, m=300, rep=2 | Opt=37.00 | Pred=28.00 | Gap=0.2432 | Hamming=6 | Exact=0
K=4, n=100, m=300, rep=3 | Opt=25.00 | Pred=15.00 | Gap=0.4000 | Hamming=6 | Exact=0
K=4, n=100, m=300, rep=4 | Opt=67.00 | Pred=53.00 | Gap=0.2090 | Hamming=6 | Exact=0
K=4, n=100, m=300, rep=5 | Opt=29.00 | Pred=21.00 | Gap=0.2759 | Hamming=4 | Exact=0
K=4, n=100, m=300, rep=6 | Opt=26.00 | Pred=20.00 | Gap=0.2308 | Hamming=4 | Exact=0
K=4, n=100, m=300, rep=7 | Opt=33.00 | Pred=32.00 | Gap=0.0303 | Hamming=6 | Exact=0
K=4, n=100, m=300, rep=8 | Opt=22.00 | Pred=17.00 | Gap=0.2273 | Hamming=3 | Exact=0
K=4, n=100, m=300, rep=9 | Opt=49.00 | Pred=46.00 | Gap=0.0612 | Hamming=4 | Exact=0
K=4, n=100, m=300, rep=10 | Opt=33.00 | Pred=26.00 | Gap=0.2121 | Hamming=4 | Exact=0
K=4, n=100, m=300, rep=11 | Opt=39.00 | Pred=34.00 | Gap=0.1282 | Hamming=4 | Exact=0
K=4, n=100, m=300, rep=12 | Opt=33.00 | Pred=26.00 | Gap=0.2121 | Hamming=4 | Exact=0
K=4, n=100, m=300, rep=13 | Opt=67.00 | Pred=52.00 | Gap=0.2239 | Hamming=6 | Exact=0
K=4, n=100, m=300, rep=14 | Opt=19.00 | Pred=19.00 | Gap=0.0000 | Hamming=2 | Exact=0
K=4, n=100, m=300, rep=15 | Opt=22.00 | Pred=13.00 | Gap=0.4091 | Hamming=4 | Exact=0
K=4, n=100, m=300, rep=16 | Opt=40.00 | Pred=28.00 | Gap=0.3000 | Hamming=6 | Exact=0
K=4, n=100, m=300, rep=17 | Opt=32.00 | Pred=25.00 | Gap=0.2188 | Hamming=6 | Exact=0
K=4, n=100, m=300, rep=18 | Opt=26.00 | Pred=16.00 | Gap=0.3846 | Hamming=6 | Exact=0
K=4, n=100, m=300, rep=19 | Opt=25.00 | Pred=20.00 | Gap=0.2000 | Hamming=6 | Exact=0
K=4, n=100, m=400, rep=0 | Opt=27.00 | Pred=21.00 | Gap=0.2222 | Hamming=4 | Exact=0
K=4, n=100, m=400, rep=1 | Opt=23.00 | Pred=19.00 | Gap=0.1739 | Hamming=3 | Exact=0
K=4, n=100, m=400, rep=2 | Opt=26.00 | Pred=24.00 | Gap=0.0769 | Hamming=6 | Exact=0
K=4, n=100, m=400, rep=3 | Opt=24.00 | Pred=23.00 | Gap=0.0417 | Hamming=2 | Exact=0
K=4, n=100, m=400, rep=4 | Opt=24.00 | Pred=17.00 | Gap=0.2917 | Hamming=4 | Exact=0
K=4, n=100, m=400, rep=5 | Opt=39.00 | Pred=31.00 | Gap=0.2051 | Hamming=6 | Exact=0
K=4, n=100, m=400, rep=6 | Opt=29.00 | Pred=23.00 | Gap=0.2069 | Hamming=4 | Exact=0
K=4, n=100, m=400, rep=7 | Opt=27.00 | Pred=22.00 | Gap=0.1852 | Hamming=6 | Exact=0
K=4, n=100, m=400, rep=8 | Opt=34.00 | Pred=34.00 | Gap=0.0000 | Hamming=2 | Exact=0
K=4, n=100, m=400, rep=9 | Opt=22.00 | Pred=17.00 | Gap=0.2273 | Hamming=4 | Exact=0
K=4, n=100, m=400, rep=10 | Opt=47.00 | Pred=36.00 | Gap=0.2340 | Hamming=6 | Exact=0
K=4, n=100, m=400, rep=11 | Opt=17.00 | Pred=16.00 | Gap=0.0588 | Hamming=2 | Exact=0
K=4, n=100, m=400, rep=12 | Opt=23.00 | Pred=23.00 | Gap=0.0000 | Hamming=4 | Exact=0
K=4, n=100, m=400, rep=13 | Opt=26.00 | Pred=24.00 | Gap=0.0769 | Hamming=4 | Exact=0
K=4, n=100, m=400, rep=14 | Opt=26.00 | Pred=25.00 | Gap=0.0385 | Hamming=6 | Exact=0
K=4, n=100, m=400, rep=15 | Opt=26.00 | Pred=18.00 | Gap=0.3077 | Hamming=6 | Exact=0
K=4, n=100, m=400, rep=16 | Opt=29.00 | Pred=27.00 | Gap=0.0690 | Hamming=4 | Exact=0
K=4, n=100, m=400, rep=17 | Opt=27.00 | Pred=25.00 | Gap=0.0741 | Hamming=6 | Exact=0
K=4, n=100, m=400, rep=18 | Opt=34.00 | Pred=33.00 | Gap=0.0294 | Hamming=2 | Exact=0
K=4, n=100, m=400, rep=19 | Opt=29.00 | Pred=27.00 | Gap=0.0690 | Hamming=4 | Exact=0
K=4, n=100, m=500, rep=0 | Opt=21.00 | Pred=17.00 | Gap=0.1905 | Hamming=2 | Exact=0
K=4, n=100, m=500, rep=1 | Opt=20.00 | Pred=17.00 | Gap=0.1500 | Hamming=6 | Exact=0
K=4, n=100, m=500, rep=2 | Opt=16.00 | Pred=13.00 | Gap=0.1875 | Hamming=4 | Exact=0
K=4, n=100, m=500, rep=3 | Opt=23.00 | Pred=16.00 | Gap=0.3043 | Hamming=6 | Exact=0
K=4, n=100, m=500, rep=4 | Opt=15.00 | Pred=15.00 | Gap=0.0000 | Hamming=4 | Exact=0
K=4, n=100, m=500, rep=5 | Opt=27.00 | Pred=24.00 | Gap=0.1111 | Hamming=4 | Exact=0
K=4, n=100, m=500, rep=6 | Opt=20.00 | Pred=19.00 | Gap=0.0500 | Hamming=4 | Exact=0
K=4, n=100, m=500, rep=7 | Opt=22.00 | Pred=18.00 | Gap=0.1818 | Hamming=4 | Exact=0
K=4, n=100, m=500, rep=8 | Opt=23.00 | Pred=20.00 | Gap=0.1304 | Hamming=2 | Exact=0
K=4, n=100, m=500, rep=9 | Opt=23.00 | Pred=16.00 | Gap=0.3043 | Hamming=6 | Exact=0
K=4, n=100, m=500, rep=10 | Opt=28.00 | Pred=26.00 | Gap=0.0714 | Hamming=4 | Exact=0
K=4, n=100, m=500, rep=11 | Opt=15.00 | Pred=11.00 | Gap=0.2667 | Hamming=4 | Exact=0
K=4, n=100, m=500, rep=12 | Opt=16.00 | Pred=10.00 | Gap=0.3750 | Hamming=2 | Exact=0
K=4, n=100, m=500, rep=13 | Opt=22.00 | Pred=18.00 | Gap=0.1818 | Hamming=2 | Exact=0
K=4, n=100, m=500, rep=14 | Opt=14.00 | Pred=14.00 | Gap=0.0000 | Hamming=3 | Exact=0
K=4, n=100, m=500, rep=15 | Opt=15.00 | Pred=14.00 | Gap=0.0667 | Hamming=2 | Exact=0
K=4, n=100, m=500, rep=16 | Opt=23.00 | Pred=17.00 | Gap=0.2609 | Hamming=6 | Exact=0
K=4, n=100, m=500, rep=17 | Opt=14.00 | Pred=14.00 | Gap=0.0000 | Hamming=3 | Exact=0
K=4, n=100, m=500, rep=18 | Opt=32.00 | Pred=26.00 | Gap=0.1875 | Hamming=4 | Exact=0
K=4, n=100, m=500, rep=19 | Opt=16.00 | Pred=9.00 | Gap=0.4375 | Hamming=4 | Exact=0
K=4, n=100, m=600, rep=0 | Opt=16.00 | Pred=9.00 | Gap=0.4375 | Hamming=8 | Exact=0
K=4, n=100, m=600, rep=1 | Opt=22.00 | Pred=20.00 | Gap=0.0909 | Hamming=6 | Exact=0
K=4, n=100, m=600, rep=2 | Opt=9.00 | Pred=9.00 | Gap=0.0000 | Hamming=3 | Exact=0
K=4, n=100, m=600, rep=3 | Opt=25.00 | Pred=25.00 | Gap=0.0000 | Hamming=4 | Exact=0
K=4, n=100, m=600, rep=4 | Opt=23.00 | Pred=19.00 | Gap=0.1739 | Hamming=6 | Exact=0
K=4, n=100, m=600, rep=5 | Opt=19.00 | Pred=17.00 | Gap=0.1053 | Hamming=4 | Exact=0
K=4, n=100, m=600, rep=6 | Opt=18.00 | Pred=18.00 | Gap=0.0000 | Hamming=4 | Exact=0
K=4, n=100, m=600, rep=7 | Opt=16.00 | Pred=11.00 | Gap=0.3125 | Hamming=6 | Exact=0
K=4, n=100, m=600, rep=8 | Opt=24.00 | Pred=19.00 | Gap=0.2083 | Hamming=2 | Exact=0
K=4, n=100, m=600, rep=9 | Opt=16.00 | Pred=12.00 | Gap=0.2500 | Hamming=3 | Exact=0
K=4, n=100, m=600, rep=10 | Opt=10.00 | Pred=9.00 | Gap=0.1000 | Hamming=4 | Exact=0
K=4, n=100, m=600, rep=11 | Opt=5.00 | Pred=3.00 | Gap=0.4000 | Hamming=5 | Exact=0
K=4, n=100, m=600, rep=12 | Opt=17.00 | Pred=11.00 | Gap=0.3529 | Hamming=4 | Exact=0
K=4, n=100, m=600, rep=13 | Opt=24.00 | Pred=24.00 | Gap=0.0000 | Hamming=0 | Exact=1
K=4, n=100, m=600, rep=14 | Opt=18.00 | Pred=13.00 | Gap=0.2778 | Hamming=4 | Exact=0
K=4, n=100, m=600, rep=15 | Opt=26.00 | Pred=23.00 | Gap=0.1154 | Hamming=2 | Exact=0
K=4, n=100, m=600, rep=16 | Opt=16.00 | Pred=14.00 | Gap=0.1250 | Hamming=2 | Exact=0
K=4, n=100, m=600, rep=17 | Opt=20.00 | Pred=18.00 | Gap=0.1000 | Hamming=2 | Exact=0
K=4, n=100, m=600, rep=18 | Opt=22.00 | Pred=18.00 | Gap=0.1818 | Hamming=4 | Exact=0
K=4, n=100, m=600, rep=19 | Opt=22.00 | Pred=18.00 | Gap=0.1818 | Hamming=4 | Exact=0
K=4, n=100, m=800, rep=0 | Opt=8.00 | Pred=8.00 | Gap=0.0000 | Hamming=3 | Exact=0
K=4, n=100, m=800, rep=1 | Opt=10.00 | Pred=8.00 | Gap=0.2000 | Hamming=5 | Exact=0
K=4, n=100, m=800, rep=2 | Opt=13.00 | Pred=10.00 | Gap=0.2308 | Hamming=8 | Exact=0
K=4, n=100, m=800, rep=3 | Opt=15.00 | Pred=15.00 | Gap=0.0000 | Hamming=6 | Exact=0
K=4, n=100, m=800, rep=4 | Opt=13.00 | Pred=10.00 | Gap=0.2308 | Hamming=8 | Exact=0
K=4, n=100, m=800, rep=5 | Opt=11.00 | Pred=11.00 | Gap=0.0000 | Hamming=2 | Exact=0
K=4, n=100, m=800, rep=6 | Opt=18.00 | Pred=16.00 | Gap=0.1111 | Hamming=2 | Exact=0
K=4, n=100, m=800, rep=7 | Opt=13.00 | Pred=8.00 | Gap=0.3846 | Hamming=4 | Exact=0
K=4, n=100, m=800, rep=8 | Opt=17.00 | Pred=12.00 | Gap=0.2941 | Hamming=4 | Exact=0
K=4, n=100, m=800, rep=9 | Opt=10.00 | Pred=9.00 | Gap=0.1000 | Hamming=4 | Exact=0
K=4, n=100, m=800, rep=10 | Opt=15.00 | Pred=10.00 | Gap=0.3333 | Hamming=4 | Exact=0
K=4, n=100, m=800, rep=11 | Opt=14.00 | Pred=11.00 | Gap=0.2143 | Hamming=4 | Exact=0
K=4, n=100, m=800, rep=12 | Opt=15.00 | Pred=14.00 | Gap=0.0667 | Hamming=4 | Exact=0
K=4, n=100, m=800, rep=13 | Opt=16.00 | Pred=15.00 | Gap=0.0625 | Hamming=4 | Exact=0
K=4, n=100, m=800, rep=14 | Opt=11.00 | Pred=9.00 | Gap=0.1818 | Hamming=6 | Exact=0
K=4, n=100, m=800, rep=15 | Opt=24.00 | Pred=20.00 | Gap=0.1667 | Hamming=2 | Exact=0
K=4, n=100, m=800, rep=16 | Opt=15.00 | Pred=13.00 | Gap=0.1333 | Hamming=4 | Exact=0
K=4, n=100, m=800, rep=17 | Opt=19.00 | Pred=17.00 | Gap=0.1053 | Hamming=2 | Exact=0
K=4, n=100, m=800, rep=18 | Opt=20.00 | Pred=14.00 | Gap=0.3000 | Hamming=6 | Exact=0
K=4, n=100, m=800, rep=19 | Opt=14.00 | Pred=14.00 | Gap=0.0000 | Hamming=0 | Exact=1
K=4, n=200, m=400, rep=0 | Opt=51.00 | Pred=34.00 | Gap=0.3333 | Hamming=6 | Exact=0
K=4, n=200, m=400, rep=1 | Opt=53.00 | Pred=39.00 | Gap=0.2642 | Hamming=8 | Exact=0
K=4, n=200, m=400, rep=2 | Opt=68.00 | Pred=51.00 | Gap=0.2500 | Hamming=4 | Exact=0
K=4, n=200, m=400, rep=3 | Opt=69.00 | Pred=46.00 | Gap=0.3333 | Hamming=6 | Exact=0
K=4, n=200, m=400, rep=4 | Opt=66.00 | Pred=49.00 | Gap=0.2576 | Hamming=6 | Exact=0
K=4, n=200, m=400, rep=5 | Opt=87.00 | Pred=59.00 | Gap=0.3218 | Hamming=8 | Exact=0
K=4, n=200, m=400, rep=6 | Opt=97.00 | Pred=83.00 | Gap=0.1443 | Hamming=4 | Exact=0
K=4, n=200, m=400, rep=7 | Opt=96.00 | Pred=70.00 | Gap=0.2708 | Hamming=6 | Exact=0
K=4, n=200, m=400, rep=8 | Opt=49.00 | Pred=40.00 | Gap=0.1837 | Hamming=6 | Exact=0
K=4, n=200, m=400, rep=9 | Opt=73.00 | Pred=66.00 | Gap=0.0959 | Hamming=2 | Exact=0
K=4, n=200, m=400, rep=10 | Opt=31.00 | Pred=19.00 | Gap=0.3871 | Hamming=6 | Exact=0
K=4, n=200, m=400, rep=11 | Opt=54.00 | Pred=44.00 | Gap=0.1852 | Hamming=4 | Exact=0
K=4, n=200, m=400, rep=12 | Opt=58.00 | Pred=47.00 | Gap=0.1897 | Hamming=6 | Exact=0
K=4, n=200, m=400, rep=13 | Opt=65.00 | Pred=55.00 | Gap=0.1538 | Hamming=4 | Exact=0
K=4, n=200, m=400, rep=14 | Opt=88.00 | Pred=77.00 | Gap=0.1250 | Hamming=6 | Exact=0
K=4, n=200, m=400, rep=15 | Opt=85.00 | Pred=66.00 | Gap=0.2235 | Hamming=6 | Exact=0
K=4, n=200, m=400, rep=16 | Opt=68.00 | Pred=61.00 | Gap=0.1029 | Hamming=4 | Exact=0
K=4, n=200, m=400, rep=17 | Opt=56.00 | Pred=49.00 | Gap=0.1250 | Hamming=6 | Exact=0
K=4, n=200, m=400, rep=18 | Opt=98.00 | Pred=81.00 | Gap=0.1735 | Hamming=4 | Exact=0
K=4, n=200, m=400, rep=19 | Opt=73.00 | Pred=68.00 | Gap=0.0685 | Hamming=4 | Exact=0
K=4, n=200, m=500, rep=0 | Opt=43.00 | Pred=36.00 | Gap=0.1628 | Hamming=4 | Exact=0
K=4, n=200, m=500, rep=1 | Opt=40.00 | Pred=33.00 | Gap=0.1750 | Hamming=6 | Exact=0
K=4, n=200, m=500, rep=2 | Opt=56.00 | Pred=49.00 | Gap=0.1250 | Hamming=4 | Exact=0
K=4, n=200, m=500, rep=3 | Opt=44.00 | Pred=35.00 | Gap=0.2045 | Hamming=4 | Exact=0
K=4, n=200, m=500, rep=4 | Opt=46.00 | Pred=37.00 | Gap=0.1957 | Hamming=6 | Exact=0
K=4, n=200, m=500, rep=5 | Opt=28.00 | Pred=25.00 | Gap=0.1071 | Hamming=4 | Exact=0
K=4, n=200, m=500, rep=6 | Opt=40.00 | Pred=38.00 | Gap=0.0500 | Hamming=2 | Exact=0
K=4, n=200, m=500, rep=7 | Opt=40.00 | Pred=34.00 | Gap=0.1500 | Hamming=2 | Exact=0
K=4, n=200, m=500, rep=8 | Opt=38.00 | Pred=31.00 | Gap=0.1842 | Hamming=4 | Exact=0
K=4, n=200, m=500, rep=9 | Opt=39.00 | Pred=31.00 | Gap=0.2051 | Hamming=6 | Exact=0
K=4, n=200, m=500, rep=10 | Opt=34.00 | Pred=24.00 | Gap=0.2941 | Hamming=4 | Exact=0
K=4, n=200, m=500, rep=11 | Opt=56.00 | Pred=50.00 | Gap=0.1071 | Hamming=6 | Exact=0
K=4, n=200, m=500, rep=12 | Opt=31.00 | Pred=26.00 | Gap=0.1613 | Hamming=4 | Exact=0
K=4, n=200, m=500, rep=13 | Opt=29.00 | Pred=19.00 | Gap=0.3448 | Hamming=6 | Exact=0
K=4, n=200, m=500, rep=14 | Opt=48.00 | Pred=42.00 | Gap=0.1250 | Hamming=4 | Exact=0
K=4, n=200, m=500, rep=15 | Opt=44.00 | Pred=35.00 | Gap=0.2045 | Hamming=6 | Exact=0
K=4, n=200, m=500, rep=16 | Opt=46.00 | Pred=40.00 | Gap=0.1304 | Hamming=6 | Exact=0
K=4, n=200, m=500, rep=17 | Opt=39.00 | Pred=29.00 | Gap=0.2564 | Hamming=6 | Exact=0
K=4, n=200, m=500, rep=18 | Opt=45.00 | Pred=40.00 | Gap=0.1111 | Hamming=4 | Exact=0
K=4, n=200, m=500, rep=19 | Opt=62.00 | Pred=52.00 | Gap=0.1613 | Hamming=6 | Exact=0
K=4, n=200, m=600, rep=0 | Opt=31.00 | Pred=26.00 | Gap=0.1613 | Hamming=4 | Exact=0
K=4, n=200, m=600, rep=1 | Opt=38.00 | Pred=29.00 | Gap=0.2368 | Hamming=4 | Exact=0
K=4, n=200, m=600, rep=2 | Opt=35.00 | Pred=32.00 | Gap=0.0857 | Hamming=2 | Exact=0
K=4, n=200, m=600, rep=3 | Opt=29.00 | Pred=27.00 | Gap=0.0690 | Hamming=2 | Exact=0
K=4, n=200, m=600, rep=4 | Opt=25.00 | Pred=22.00 | Gap=0.1200 | Hamming=4 | Exact=0
K=4, n=200, m=600, rep=5 | Opt=37.00 | Pred=27.00 | Gap=0.2703 | Hamming=6 | Exact=0
K=4, n=200, m=600, rep=6 | Opt=31.00 | Pred=19.00 | Gap=0.3871 | Hamming=4 | Exact=0
K=4, n=200, m=600, rep=7 | Opt=28.00 | Pred=26.00 | Gap=0.0714 | Hamming=5 | Exact=0
K=4, n=200, m=600, rep=8 | Opt=40.00 | Pred=33.00 | Gap=0.1750 | Hamming=6 | Exact=0
K=4, n=200, m=600, rep=9 | Opt=45.00 | Pred=34.00 | Gap=0.2444 | Hamming=4 | Exact=0
K=4, n=200, m=600, rep=10 | Opt=28.00 | Pred=18.00 | Gap=0.3571 | Hamming=8 | Exact=0
K=4, n=200, m=600, rep=11 | Opt=39.00 | Pred=31.00 | Gap=0.2051 | Hamming=8 | Exact=0
K=4, n=200, m=600, rep=12 | Opt=39.00 | Pred=35.00 | Gap=0.1026 | Hamming=6 | Exact=0
K=4, n=200, m=600, rep=13 | Opt=29.00 | Pred=25.00 | Gap=0.1379 | Hamming=2 | Exact=0
K=4, n=200, m=600, rep=14 | Opt=43.00 | Pred=39.00 | Gap=0.0930 | Hamming=2 | Exact=0
K=4, n=200, m=600, rep=15 | Opt=45.00 | Pred=44.00 | Gap=0.0222 | Hamming=2 | Exact=0
K=4, n=200, m=600, rep=16 | Opt=22.00 | Pred=19.00 | Gap=0.1364 | Hamming=4 | Exact=0
K=4, n=200, m=600, rep=17 | Opt=33.00 | Pred=28.00 | Gap=0.1515 | Hamming=2 | Exact=0
K=4, n=200, m=600, rep=18 | Opt=40.00 | Pred=33.00 | Gap=0.1750 | Hamming=2 | Exact=0
K=4, n=200, m=600, rep=19 | Opt=30.00 | Pred=28.00 | Gap=0.0667 | Hamming=2 | Exact=0
K=4, n=200, m=800, rep=0 | Opt=19.00 | Pred=19.00 | Gap=0.0000 | Hamming=2 | Exact=0
K=4, n=200, m=800, rep=1 | Opt=30.00 | Pred=24.00 | Gap=0.2000 | Hamming=4 | Exact=0
K=4, n=200, m=800, rep=2 | Opt=28.00 | Pred=23.00 | Gap=0.1786 | Hamming=4 | Exact=0
K=4, n=200, m=800, rep=3 | Opt=29.00 | Pred=19.00 | Gap=0.3448 | Hamming=4 | Exact=0
K=4, n=200, m=800, rep=4 | Opt=40.00 | Pred=27.00 | Gap=0.3250 | Hamming=6 | Exact=0
K=4, n=200, m=800, rep=5 | Opt=24.00 | Pred=16.00 | Gap=0.3333 | Hamming=6 | Exact=0
K=4, n=200, m=800, rep=6 | Opt=32.00 | Pred=27.00 | Gap=0.1563 | Hamming=4 | Exact=0
K=4, n=200, m=800, rep=7 | Opt=29.00 | Pred=23.00 | Gap=0.2069 | Hamming=8 | Exact=0
K=4, n=200, m=800, rep=8 | Opt=28.00 | Pred=27.00 | Gap=0.0357 | Hamming=6 | Exact=0
K=4, n=200, m=800, rep=9 | Opt=34.00 | Pred=34.00 | Gap=0.0000 | Hamming=2 | Exact=0
K=4, n=200, m=800, rep=10 | Opt=26.00 | Pred=18.00 | Gap=0.3077 | Hamming=4 | Exact=0
K=4, n=200, m=800, rep=11 | Opt=36.00 | Pred=34.00 | Gap=0.0556 | Hamming=4 | Exact=0
K=4, n=200, m=800, rep=12 | Opt=28.00 | Pred=27.00 | Gap=0.0357 | Hamming=4 | Exact=0
K=4, n=200, m=800, rep=13 | Opt=15.00 | Pred=14.00 | Gap=0.0667 | Hamming=2 | Exact=0
K=4, n=200, m=800, rep=14 | Opt=19.00 | Pred=16.00 | Gap=0.1579 | Hamming=4 | Exact=0
K=4, n=200, m=800, rep=15 | Opt=15.00 | Pred=8.00 | Gap=0.4667 | Hamming=7 | Exact=0
K=4, n=200, m=800, rep=16 | Opt=23.00 | Pred=18.00 | Gap=0.2174 | Hamming=2 | Exact=0
K=4, n=200, m=800, rep=17 | Opt=44.00 | Pred=39.00 | Gap=0.1136 | Hamming=4 | Exact=0
K=4, n=200, m=800, rep=18 | Opt=32.00 | Pred=27.00 | Gap=0.1562 | Hamming=4 | Exact=0
K=4, n=200, m=800, rep=19 | Opt=29.00 | Pred=21.00 | Gap=0.2759 | Hamming=4 | Exact=0
K=4, n=200, m=1000, rep=0 | Opt=30.00 | Pred=24.00 | Gap=0.2000 | Hamming=3 | Exact=0
K=4, n=200, m=1000, rep=1 | Opt=29.00 | Pred=26.00 | Gap=0.1034 | Hamming=4 | Exact=0
K=4, n=200, m=1000, rep=2 | Opt=32.00 | Pred=29.00 | Gap=0.0938 | Hamming=6 | Exact=0
K=4, n=200, m=1000, rep=3 | Opt=21.00 | Pred=19.00 | Gap=0.0952 | Hamming=4 | Exact=0
K=4, n=200, m=1000, rep=4 | Opt=22.00 | Pred=19.00 | Gap=0.1364 | Hamming=6 | Exact=0
K=4, n=200, m=1000, rep=5 | Opt=21.00 | Pred=17.00 | Gap=0.1905 | Hamming=2 | Exact=0
K=4, n=200, m=1000, rep=6 | Opt=19.00 | Pred=16.00 | Gap=0.1579 | Hamming=6 | Exact=0
K=4, n=200, m=1000, rep=7 | Opt=25.00 | Pred=23.00 | Gap=0.0800 | Hamming=4 | Exact=0
K=4, n=200, m=1000, rep=8 | Opt=17.00 | Pred=16.00 | Gap=0.0588 | Hamming=6 | Exact=0
K=4, n=200, m=1000, rep=9 | Opt=33.00 | Pred=23.00 | Gap=0.3030 | Hamming=6 | Exact=0
K=4, n=200, m=1000, rep=10 | Opt=25.00 | Pred=24.00 | Gap=0.0400 | Hamming=5 | Exact=0
K=4, n=200, m=1000, rep=11 | Opt=36.00 | Pred=35.00 | Gap=0.0278 | Hamming=2 | Exact=0
K=4, n=200, m=1000, rep=12 | Opt=20.00 | Pred=19.00 | Gap=0.0500 | Hamming=4 | Exact=0
K=4, n=200, m=1000, rep=13 | Opt=21.00 | Pred=13.00 | Gap=0.3810 | Hamming=6 | Exact=0
K=4, n=200, m=1000, rep=14 | Opt=18.00 | Pred=12.00 | Gap=0.3333 | Hamming=4 | Exact=0
K=4, n=200, m=1000, rep=15 | Opt=13.00 | Pred=13.00 | Gap=0.0000 | Hamming=3 | Exact=0
K=4, n=200, m=1000, rep=16 | Opt=20.00 | Pred=17.00 | Gap=0.1500 | Hamming=6 | Exact=0
K=4, n=200, m=1000, rep=17 | Opt=23.00 | Pred=15.00 | Gap=0.3478 | Hamming=6 | Exact=0
K=4, n=200, m=1000, rep=18 | Opt=21.00 | Pred=14.00 | Gap=0.3333 | Hamming=6 | Exact=0
K=4, n=200, m=1000, rep=19 | Opt=32.00 | Pred=23.00 | Gap=0.2812 | Hamming=6 | Exact=0
K=4, n=200, m=1200, rep=0 | Opt=27.00 | Pred=22.00 | Gap=0.1852 | Hamming=4 | Exact=0
K=4, n=200, m=1200, rep=1 | Opt=19.00 | Pred=16.00 | Gap=0.1579 | Hamming=6 | Exact=0
K=4, n=200, m=1200, rep=2 | Opt=11.00 | Pred=11.00 | Gap=0.0000 | Hamming=3 | Exact=0
K=4, n=200, m=1200, rep=3 | Opt=14.00 | Pred=10.00 | Gap=0.2857 | Hamming=4 | Exact=0
K=4, n=200, m=1200, rep=4 | Opt=18.00 | Pred=17.00 | Gap=0.0556 | Hamming=6 | Exact=0
K=4, n=200, m=1200, rep=5 | Opt=18.00 | Pred=16.00 | Gap=0.1111 | Hamming=2 | Exact=0
K=4, n=200, m=1200, rep=6 | Opt=27.00 | Pred=24.00 | Gap=0.1111 | Hamming=2 | Exact=0
K=4, n=200, m=1200, rep=7 | Opt=22.00 | Pred=18.00 | Gap=0.1818 | Hamming=4 | Exact=0
K=4, n=200, m=1200, rep=8 | Opt=20.00 | Pred=17.00 | Gap=0.1500 | Hamming=4 | Exact=0
K=4, n=200, m=1200, rep=9 | Opt=21.00 | Pred=15.00 | Gap=0.2857 | Hamming=4 | Exact=0
K=4, n=200, m=1200, rep=10 | Opt=17.00 | Pred=9.00 | Gap=0.4706 | Hamming=6 | Exact=0
K=4, n=200, m=1200, rep=11 | Opt=17.00 | Pred=15.00 | Gap=0.1176 | Hamming=4 | Exact=0
K=4, n=200, m=1200, rep=12 | Opt=21.00 | Pred=20.00 | Gap=0.0476 | Hamming=2 | Exact=0
K=4, n=200, m=1200, rep=13 | Opt=21.00 | Pred=19.00 | Gap=0.0952 | Hamming=2 | Exact=0
K=4, n=200, m=1200, rep=14 | Opt=21.00 | Pred=16.00 | Gap=0.2381 | Hamming=8 | Exact=0
K=4, n=200, m=1200, rep=15 | Opt=23.00 | Pred=21.00 | Gap=0.0870 | Hamming=4 | Exact=0
K=4, n=200, m=1200, rep=16 | Opt=23.00 | Pred=21.00 | Gap=0.0870 | Hamming=4 | Exact=0
K=4, n=200, m=1200, rep=17 | Opt=16.00 | Pred=13.00 | Gap=0.1875 | Hamming=6 | Exact=0
K=4, n=200, m=1200, rep=18 | Opt=20.00 | Pred=18.00 | Gap=0.1000 | Hamming=4 | Exact=0
K=4, n=200, m=1200, rep=19 | Opt=5.00 | Pred=5.00 | Gap=0.0000 | Hamming=3 | Exact=0
K=4, n=200, m=1600, rep=0 | Opt=13.00 | Pred=9.00 | Gap=0.3077 | Hamming=4 | Exact=0
K=4, n=200, m=1600, rep=1 | Opt=16.00 | Pred=15.00 | Gap=0.0625 | Hamming=2 | Exact=0
K=4, n=200, m=1600, rep=2 | Opt=14.00 | Pred=12.00 | Gap=0.1429 | Hamming=8 | Exact=0
K=4, n=200, m=1600, rep=3 | Opt=13.00 | Pred=12.00 | Gap=0.0769 | Hamming=4 | Exact=0
K=4, n=200, m=1600, rep=4 | Opt=10.00 | Pred=8.00 | Gap=0.2000 | Hamming=2 | Exact=0
K=4, n=200, m=1600, rep=5 | Opt=18.00 | Pred=14.00 | Gap=0.2222 | Hamming=2 | Exact=0
K=4, n=200, m=1600, rep=6 | Opt=16.00 | Pred=14.00 | Gap=0.1250 | Hamming=4 | Exact=0
K=4, n=200, m=1600, rep=7 | Opt=17.00 | Pred=15.00 | Gap=0.1176 | Hamming=4 | Exact=0
K=4, n=200, m=1600, rep=8 | Opt=22.00 | Pred=20.00 | Gap=0.0909 | Hamming=4 | Exact=0
K=4, n=200, m=1600, rep=9 | Opt=16.00 | Pred=15.00 | Gap=0.0625 | Hamming=2 | Exact=0
K=4, n=200, m=1600, rep=10 | Opt=13.00 | Pred=10.00 | Gap=0.2308 | Hamming=6 | Exact=0
K=4, n=200, m=1600, rep=11 | Opt=16.00 | Pred=16.00 | Gap=0.0000 | Hamming=4 | Exact=0
K=4, n=200, m=1600, rep=12 | Opt=14.00 | Pred=10.00 | Gap=0.2857 | Hamming=5 | Exact=0
K=4, n=200, m=1600, rep=13 | Opt=13.00 | Pred=9.00 | Gap=0.3077 | Hamming=6 | Exact=0
K=4, n=200, m=1600, rep=14 | Opt=14.00 | Pred=12.00 | Gap=0.1429 | Hamming=8 | Exact=0
K=4, n=200, m=1600, rep=15 | Opt=16.00 | Pred=16.00 | Gap=0.0000 | Hamming=2 | Exact=0
K=4, n=200, m=1600, rep=16 | Opt=13.00 | Pred=8.00 | Gap=0.3846 | Hamming=6 | Exact=0
K=4, n=200, m=1600, rep=17 | Opt=19.00 | Pred=19.00 | Gap=0.0000 | Hamming=4 | Exact=0
K=4, n=200, m=1600, rep=18 | Opt=15.00 | Pred=13.00 | Gap=0.1333 | Hamming=6 | Exact=0
K=4, n=200, m=1600, rep=19 | Opt=8.00 | Pred=8.00 | Gap=0.0000 | Hamming=3 | Exact=0
K=4, n=400, m=800, rep=0 | Opt=69.00 | Pred=56.00 | Gap=0.1884 | Hamming=6 | Exact=0
K=4, n=400, m=800, rep=1 | Opt=49.00 | Pred=42.00 | Gap=0.1429 | Hamming=6 | Exact=0
K=4, n=400, m=800, rep=2 | Opt=71.00 | Pred=59.00 | Gap=0.1690 | Hamming=8 | Exact=0
K=4, n=400, m=800, rep=3 | Opt=55.00 | Pred=44.00 | Gap=0.2000 | Hamming=6 | Exact=0
K=4, n=400, m=800, rep=4 | Opt=82.00 | Pred=74.00 | Gap=0.0976 | Hamming=4 | Exact=0
K=4, n=400, m=800, rep=5 | Opt=71.00 | Pred=64.00 | Gap=0.0986 | Hamming=4 | Exact=0
K=4, n=400, m=800, rep=6 | Opt=55.00 | Pred=37.00 | Gap=0.3273 | Hamming=6 | Exact=0
K=4, n=400, m=800, rep=7 | Opt=72.00 | Pred=56.00 | Gap=0.2222 | Hamming=6 | Exact=0
K=4, n=400, m=800, rep=8 | Opt=44.00 | Pred=34.00 | Gap=0.2273 | Hamming=6 | Exact=0
K=4, n=400, m=800, rep=9 | Opt=44.00 | Pred=35.00 | Gap=0.2045 | Hamming=4 | Exact=0
K=4, n=400, m=800, rep=10 | Opt=63.00 | Pred=50.00 | Gap=0.2063 | Hamming=8 | Exact=0
K=4, n=400, m=800, rep=11 | Opt=70.00 | Pred=53.00 | Gap=0.2429 | Hamming=6 | Exact=0
K=4, n=400, m=800, rep=12 | Opt=44.00 | Pred=40.00 | Gap=0.0909 | Hamming=2 | Exact=0
K=4, n=400, m=800, rep=13 | Opt=53.00 | Pred=47.00 | Gap=0.1132 | Hamming=8 | Exact=0
K=4, n=400, m=800, rep=14 | Opt=69.00 | Pred=55.00 | Gap=0.2029 | Hamming=6 | Exact=0
K=4, n=400, m=800, rep=15 | Opt=87.00 | Pred=72.00 | Gap=0.1724 | Hamming=4 | Exact=0
K=4, n=400, m=800, rep=16 | Opt=68.00 | Pred=56.00 | Gap=0.1765 | Hamming=4 | Exact=0
K=4, n=400, m=800, rep=17 | Opt=69.00 | Pred=59.00 | Gap=0.1449 | Hamming=4 | Exact=0
K=4, n=400, m=800, rep=18 | Opt=113.00 | Pred=96.00 | Gap=0.1504 | Hamming=4 | Exact=0
K=4, n=400, m=800, rep=19 | Opt=62.00 | Pred=53.00 | Gap=0.1452 | Hamming=4 | Exact=0
K=4, n=400, m=1000, rep=0 | Opt=47.00 | Pred=43.00 | Gap=0.0851 | Hamming=6 | Exact=0
K=4, n=400, m=1000, rep=1 | Opt=36.00 | Pred=35.00 | Gap=0.0278 | Hamming=2 | Exact=0
K=4, n=400, m=1000, rep=2 | Opt=45.00 | Pred=37.00 | Gap=0.1778 | Hamming=4 | Exact=0
K=4, n=400, m=1000, rep=3 | Opt=49.00 | Pred=37.00 | Gap=0.2449 | Hamming=6 | Exact=0
K=4, n=400, m=1000, rep=4 | Opt=40.00 | Pred=32.00 | Gap=0.2000 | Hamming=6 | Exact=0
K=4, n=400, m=1000, rep=5 | Opt=34.00 | Pred=24.00 | Gap=0.2941 | Hamming=4 | Exact=0
K=4, n=400, m=1000, rep=6 | Opt=50.00 | Pred=46.00 | Gap=0.0800 | Hamming=4 | Exact=0
K=4, n=400, m=1000, rep=7 | Opt=46.00 | Pred=38.00 | Gap=0.1739 | Hamming=6 | Exact=0
K=4, n=400, m=1000, rep=8 | Opt=50.00 | Pred=41.00 | Gap=0.1800 | Hamming=6 | Exact=0
K=4, n=400, m=1000, rep=9 | Opt=34.00 | Pred=34.00 | Gap=0.0000 | Hamming=3 | Exact=0
K=4, n=400, m=1000, rep=10 | Opt=45.00 | Pred=37.00 | Gap=0.1778 | Hamming=2 | Exact=0
K=4, n=400, m=1000, rep=11 | Opt=26.00 | Pred=18.00 | Gap=0.3077 | Hamming=6 | Exact=0
K=4, n=400, m=1000, rep=12 | Opt=51.00 | Pred=34.00 | Gap=0.3333 | Hamming=6 | Exact=0
K=4, n=400, m=1000, rep=13 | Opt=51.00 | Pred=41.00 | Gap=0.1961 | Hamming=4 | Exact=0
K=4, n=400, m=1000, rep=14 | Opt=61.00 | Pred=52.00 | Gap=0.1475 | Hamming=2 | Exact=0
K=4, n=400, m=1000, rep=15 | Opt=37.00 | Pred=30.00 | Gap=0.1892 | Hamming=4 | Exact=0
K=4, n=400, m=1000, rep=16 | Opt=56.00 | Pred=47.00 | Gap=0.1607 | Hamming=4 | Exact=0
K=4, n=400, m=1000, rep=17 | Opt=45.00 | Pred=26.00 | Gap=0.4222 | Hamming=8 | Exact=0
K=4, n=400, m=1000, rep=18 | Opt=43.00 | Pred=40.00 | Gap=0.0698 | Hamming=2 | Exact=0
K=4, n=400, m=1000, rep=19 | Opt=49.00 | Pred=41.00 | Gap=0.1633 | Hamming=4 | Exact=0
K=4, n=400, m=1200, rep=0 | Opt=34.00 | Pred=29.00 | Gap=0.1471 | Hamming=8 | Exact=0
K=4, n=400, m=1200, rep=1 | Opt=54.00 | Pred=43.00 | Gap=0.2037 | Hamming=6 | Exact=0
K=4, n=400, m=1200, rep=2 | Opt=38.00 | Pred=37.00 | Gap=0.0263 | Hamming=2 | Exact=0
K=4, n=400, m=1200, rep=3 | Opt=43.00 | Pred=34.00 | Gap=0.2093 | Hamming=4 | Exact=0
K=4, n=400, m=1200, rep=4 | Opt=34.00 | Pred=28.00 | Gap=0.1765 | Hamming=4 | Exact=0
K=4, n=400, m=1200, rep=5 | Opt=43.00 | Pred=39.00 | Gap=0.0930 | Hamming=6 | Exact=0
K=4, n=400, m=1200, rep=6 | Opt=29.00 | Pred=26.00 | Gap=0.1034 | Hamming=4 | Exact=0
K=4, n=400, m=1200, rep=7 | Opt=29.00 | Pred=27.00 | Gap=0.0690 | Hamming=4 | Exact=0
K=4, n=400, m=1200, rep=8 | Opt=31.00 | Pred=26.00 | Gap=0.1613 | Hamming=6 | Exact=0
K=4, n=400, m=1200, rep=9 | Opt=43.00 | Pred=40.00 | Gap=0.0698 | Hamming=2 | Exact=0
K=4, n=400, m=1200, rep=10 | Opt=40.00 | Pred=30.00 | Gap=0.2500 | Hamming=6 | Exact=0
K=4, n=400, m=1200, rep=11 | Opt=44.00 | Pred=41.00 | Gap=0.0682 | Hamming=4 | Exact=0
K=4, n=400, m=1200, rep=12 | Opt=55.00 | Pred=47.00 | Gap=0.1455 | Hamming=4 | Exact=0
K=4, n=400, m=1200, rep=13 | Opt=44.00 | Pred=35.00 | Gap=0.2045 | Hamming=3 | Exact=0
K=4, n=400, m=1200, rep=14 | Opt=33.00 | Pred=19.00 | Gap=0.4242 | Hamming=8 | Exact=0
K=4, n=400, m=1200, rep=15 | Opt=35.00 | Pred=30.00 | Gap=0.1429 | Hamming=4 | Exact=0
K=4, n=400, m=1200, rep=16 | Opt=51.00 | Pred=40.00 | Gap=0.2157 | Hamming=6 | Exact=0
K=4, n=400, m=1200, rep=17 | Opt=43.00 | Pred=40.00 | Gap=0.0698 | Hamming=6 | Exact=0
K=4, n=400, m=1200, rep=18 | Opt=53.00 | Pred=36.00 | Gap=0.3208 | Hamming=6 | Exact=0
K=4, n=400, m=1200, rep=19 | Opt=32.00 | Pred=19.00 | Gap=0.4062 | Hamming=6 | Exact=0
K=4, n=400, m=1600, rep=0 | Opt=35.00 | Pred=32.00 | Gap=0.0857 | Hamming=4 | Exact=0
K=4, n=400, m=1600, rep=1 | Opt=32.00 | Pred=27.00 | Gap=0.1563 | Hamming=4 | Exact=0
K=4, n=400, m=1600, rep=2 | Opt=27.00 | Pred=24.00 | Gap=0.1111 | Hamming=6 | Exact=0
K=4, n=400, m=1600, rep=3 | Opt=23.00 | Pred=18.00 | Gap=0.2174 | Hamming=6 | Exact=0
K=4, n=400, m=1600, rep=4 | Opt=23.00 | Pred=20.00 | Gap=0.1304 | Hamming=4 | Exact=0
K=4, n=400, m=1600, rep=5 | Opt=32.00 | Pred=29.00 | Gap=0.0938 | Hamming=2 | Exact=0
K=4, n=400, m=1600, rep=6 | Opt=31.00 | Pred=26.00 | Gap=0.1613 | Hamming=4 | Exact=0
K=4, n=400, m=1600, rep=7 | Opt=28.00 | Pred=27.00 | Gap=0.0357 | Hamming=4 | Exact=0
K=4, n=400, m=1600, rep=8 | Opt=24.00 | Pred=17.00 | Gap=0.2917 | Hamming=6 | Exact=0
K=4, n=400, m=1600, rep=9 | Opt=22.00 | Pred=18.00 | Gap=0.1818 | Hamming=4 | Exact=0
K=4, n=400, m=1600, rep=10 | Opt=30.00 | Pred=27.00 | Gap=0.1000 | Hamming=8 | Exact=0
K=4, n=400, m=1600, rep=11 | Opt=38.00 | Pred=33.00 | Gap=0.1316 | Hamming=6 | Exact=0
K=4, n=400, m=1600, rep=12 | Opt=26.00 | Pred=20.00 | Gap=0.2308 | Hamming=2 | Exact=0
K=4, n=400, m=1600, rep=13 | Opt=30.00 | Pred=23.00 | Gap=0.2333 | Hamming=8 | Exact=0
K=4, n=400, m=1600, rep=14 | Opt=26.00 | Pred=21.00 | Gap=0.1923 | Hamming=6 | Exact=0
K=4, n=400, m=1600, rep=15 | Opt=32.00 | Pred=23.00 | Gap=0.2812 | Hamming=2 | Exact=0
K=4, n=400, m=1600, rep=16 | Opt=34.00 | Pred=30.00 | Gap=0.1176 | Hamming=2 | Exact=0
K=4, n=400, m=1600, rep=17 | Opt=24.00 | Pred=18.00 | Gap=0.2500 | Hamming=6 | Exact=0
K=4, n=400, m=1600, rep=18 | Opt=29.00 | Pred=25.00 | Gap=0.1379 | Hamming=6 | Exact=0
K=4, n=400, m=1600, rep=19 | Opt=27.00 | Pred=23.00 | Gap=0.1481 | Hamming=6 | Exact=0
K=4, n=400, m=2000, rep=0 | Opt=23.00 | Pred=21.00 | Gap=0.0870 | Hamming=2 | Exact=0
K=4, n=400, m=2000, rep=1 | Opt=25.00 | Pred=15.00 | Gap=0.4000 | Hamming=6 | Exact=0
K=4, n=400, m=2000, rep=2 | Opt=23.00 | Pred=21.00 | Gap=0.0870 | Hamming=4 | Exact=0
K=4, n=400, m=2000, rep=3 | Opt=28.00 | Pred=25.00 | Gap=0.1071 | Hamming=4 | Exact=0
K=4, n=400, m=2000, rep=4 | Opt=21.00 | Pred=17.00 | Gap=0.1905 | Hamming=2 | Exact=0
K=4, n=400, m=2000, rep=5 | Opt=25.00 | Pred=20.00 | Gap=0.2000 | Hamming=4 | Exact=0
K=4, n=400, m=2000, rep=6 | Opt=12.00 | Pred=12.00 | Gap=0.0000 | Hamming=3 | Exact=0
K=4, n=400, m=2000, rep=7 | Opt=17.00 | Pred=15.00 | Gap=0.1176 | Hamming=4 | Exact=0
K=4, n=400, m=2000, rep=8 | Opt=22.00 | Pred=14.00 | Gap=0.3636 | Hamming=4 | Exact=0
K=4, n=400, m=2000, rep=9 | Opt=20.00 | Pred=11.00 | Gap=0.4500 | Hamming=4 | Exact=0
K=4, n=400, m=2000, rep=10 | Opt=25.00 | Pred=24.00 | Gap=0.0400 | Hamming=2 | Exact=0
K=4, n=400, m=2000, rep=11 | Opt=10.00 | Pred=10.00 | Gap=0.0000 | Hamming=3 | Exact=0
K=4, n=400, m=2000, rep=12 | Opt=26.00 | Pred=18.00 | Gap=0.3077 | Hamming=2 | Exact=0
K=4, n=400, m=2000, rep=13 | Opt=32.00 | Pred=27.00 | Gap=0.1562 | Hamming=4 | Exact=0
K=4, n=400, m=2000, rep=14 | Opt=25.00 | Pred=24.00 | Gap=0.0400 | Hamming=4 | Exact=0
K=4, n=400, m=2000, rep=15 | Opt=26.00 | Pred=25.00 | Gap=0.0385 | Hamming=6 | Exact=0
K=4, n=400, m=2000, rep=16 | Opt=23.00 | Pred=23.00 | Gap=0.0000 | Hamming=4 | Exact=0
K=4, n=400, m=2000, rep=17 | Opt=34.00 | Pred=34.00 | Gap=0.0000 | Hamming=0 | Exact=1
K=4, n=400, m=2000, rep=18 | Opt=31.00 | Pred=30.00 | Gap=0.0323 | Hamming=6 | Exact=0
K=4, n=400, m=2000, rep=19 | Opt=24.00 | Pred=16.00 | Gap=0.3333 | Hamming=4 | Exact=0
K=4, n=400, m=2400, rep=0 | Opt=26.00 | Pred=22.00 | Gap=0.1538 | Hamming=6 | Exact=0
K=4, n=400, m=2400, rep=1 | Opt=20.00 | Pred=20.00 | Gap=0.0000 | Hamming=4 | Exact=0
K=4, n=400, m=2400, rep=2 | Opt=21.00 | Pred=14.00 | Gap=0.3333 | Hamming=2 | Exact=0
K=4, n=400, m=2400, rep=3 | Opt=21.00 | Pred=18.00 | Gap=0.1429 | Hamming=4 | Exact=0
K=4, n=400, m=2400, rep=4 | Opt=16.00 | Pred=15.00 | Gap=0.0625 | Hamming=6 | Exact=0
K=4, n=400, m=2400, rep=5 | Opt=24.00 | Pred=23.00 | Gap=0.0417 | Hamming=2 | Exact=0
K=4, n=400, m=2400, rep=6 | Opt=22.00 | Pred=19.00 | Gap=0.1364 | Hamming=4 | Exact=0
K=4, n=400, m=2400, rep=7 | Opt=25.00 | Pred=22.00 | Gap=0.1200 | Hamming=6 | Exact=0
K=4, n=400, m=2400, rep=8 | Opt=23.00 | Pred=19.00 | Gap=0.1739 | Hamming=6 | Exact=0
K=4, n=400, m=2400, rep=9 | Opt=21.00 | Pred=15.00 | Gap=0.2857 | Hamming=6 | Exact=0
K=4, n=400, m=2400, rep=10 | Opt=20.00 | Pred=15.00 | Gap=0.2500 | Hamming=4 | Exact=0
K=4, n=400, m=2400, rep=11 | Opt=26.00 | Pred=21.00 | Gap=0.1923 | Hamming=4 | Exact=0
K=4, n=400, m=2400, rep=12 | Opt=20.00 | Pred=17.00 | Gap=0.1500 | Hamming=4 | Exact=0
K=4, n=400, m=2400, rep=13 | Opt=22.00 | Pred=19.00 | Gap=0.1364 | Hamming=4 | Exact=0
K=4, n=400, m=2400, rep=14 | Opt=26.00 | Pred=24.00 | Gap=0.0769 | Hamming=6 | Exact=0
K=4, n=400, m=2400, rep=15 | Opt=23.00 | Pred=23.00 | Gap=0.0000 | Hamming=4 | Exact=0
K=4, n=400, m=2400, rep=16 | Opt=18.00 | Pred=15.00 | Gap=0.1667 | Hamming=6 | Exact=0
K=4, n=400, m=2400, rep=17 | Opt=23.00 | Pred=21.00 | Gap=0.0870 | Hamming=2 | Exact=0
K=4, n=400, m=2400, rep=18 | Opt=18.00 | Pred=13.00 | Gap=0.2778 | Hamming=4 | Exact=0
K=4, n=400, m=2400, rep=19 | Opt=19.00 | Pred=14.00 | Gap=0.2632 | Hamming=4 | Exact=0
K=4, n=400, m=3200, rep=0 | Opt=17.00 | Pred=11.00 | Gap=0.3529 | Hamming=2 | Exact=0
K=4, n=400, m=3200, rep=1 | Opt=15.00 | Pred=13.00 | Gap=0.1333 | Hamming=4 | Exact=0
K=4, n=400, m=3200, rep=2 | Opt=17.00 | Pred=11.00 | Gap=0.3529 | Hamming=4 | Exact=0
K=4, n=400, m=3200, rep=3 | Opt=13.00 | Pred=11.00 | Gap=0.1538 | Hamming=6 | Exact=0
K=4, n=400, m=3200, rep=4 | Opt=16.00 | Pred=9.00 | Gap=0.4375 | Hamming=6 | Exact=0
K=4, n=400, m=3200, rep=5 | Opt=18.00 | Pred=17.00 | Gap=0.0556 | Hamming=6 | Exact=0
K=4, n=400, m=3200, rep=6 | Opt=19.00 | Pred=15.00 | Gap=0.2105 | Hamming=8 | Exact=0
K=4, n=400, m=3200, rep=7 | Opt=21.00 | Pred=18.00 | Gap=0.1429 | Hamming=4 | Exact=0
K=4, n=400, m=3200, rep=8 | Opt=15.00 | Pred=11.00 | Gap=0.2667 | Hamming=8 | Exact=0
K=4, n=400, m=3200, rep=9 | Opt=22.00 | Pred=19.00 | Gap=0.1364 | Hamming=6 | Exact=0
K=4, n=400, m=3200, rep=10 | Opt=25.00 | Pred=22.00 | Gap=0.1200 | Hamming=4 | Exact=0
K=4, n=400, m=3200, rep=11 | Opt=21.00 | Pred=15.00 | Gap=0.2857 | Hamming=6 | Exact=0
K=4, n=400, m=3200, rep=12 | Opt=15.00 | Pred=14.00 | Gap=0.0667 | Hamming=6 | Exact=0
K=4, n=400, m=3200, rep=13 | Opt=14.00 | Pred=12.00 | Gap=0.1429 | Hamming=6 | Exact=0
K=4, n=400, m=3200, rep=14 | Opt=22.00 | Pred=16.00 | Gap=0.2727 | Hamming=2 | Exact=0
K=4, n=400, m=3200, rep=15 | Opt=16.00 | Pred=13.00 | Gap=0.1875 | Hamming=6 | Exact=0
K=4, n=400, m=3200, rep=16 | Opt=23.00 | Pred=22.00 | Gap=0.0435 | Hamming=2 | Exact=0
K=4, n=400, m=3200, rep=17 | Opt=18.00 | Pred=16.00 | Gap=0.1111 | Hamming=4 | Exact=0
K=4, n=400, m=3200, rep=18 | Opt=20.00 | Pred=13.00 | Gap=0.3500 | Hamming=6 | Exact=0
K=4, n=400, m=3200, rep=19 | Opt=20.00 | Pred=17.00 | Gap=0.1500 | Hamming=4 | Exact=0
K=4, n=600, m=1200, rep=0 | Opt=48.00 | Pred=35.00 | Gap=0.2708 | Hamming=8 | Exact=0
K=4, n=600, m=1200, rep=1 | Opt=62.00 | Pred=52.00 | Gap=0.1613 | Hamming=8 | Exact=0
K=4, n=600, m=1200, rep=2 | Opt=61.00 | Pred=55.00 | Gap=0.0984 | Hamming=4 | Exact=0
K=4, n=600, m=1200, rep=3 | Opt=55.00 | Pred=46.00 | Gap=0.1636 | Hamming=4 | Exact=0
K=4, n=600, m=1200, rep=4 | Opt=58.00 | Pred=42.00 | Gap=0.2759 | Hamming=4 | Exact=0
K=4, n=600, m=1200, rep=5 | Opt=27.00 | Pred=27.00 | Gap=0.0000 | Hamming=2 | Exact=0
K=4, n=600, m=1200, rep=6 | Opt=62.00 | Pred=55.00 | Gap=0.1129 | Hamming=4 | Exact=0
K=4, n=600, m=1200, rep=7 | Opt=59.00 | Pred=56.00 | Gap=0.0508 | Hamming=4 | Exact=0
K=4, n=600, m=1200, rep=8 | Opt=68.00 | Pred=61.00 | Gap=0.1029 | Hamming=6 | Exact=0
K=4, n=600, m=1200, rep=9 | Opt=65.00 | Pred=50.00 | Gap=0.2308 | Hamming=6 | Exact=0
K=4, n=600, m=1200, rep=10 | Opt=55.00 | Pred=51.00 | Gap=0.0727 | Hamming=6 | Exact=0
K=4, n=600, m=1200, rep=11 | Opt=66.00 | Pred=50.00 | Gap=0.2424 | Hamming=6 | Exact=0
K=4, n=600, m=1200, rep=12 | Opt=25.00 | Pred=22.00 | Gap=0.1200 | Hamming=4 | Exact=0
K=4, n=600, m=1200, rep=13 | Opt=41.00 | Pred=32.00 | Gap=0.2195 | Hamming=6 | Exact=0
K=4, n=600, m=1200, rep=14 | Opt=89.00 | Pred=78.00 | Gap=0.1236 | Hamming=4 | Exact=0
K=4, n=600, m=1200, rep=15 | Opt=74.00 | Pred=57.00 | Gap=0.2297 | Hamming=4 | Exact=0
K=4, n=600, m=1200, rep=16 | Opt=56.00 | Pred=41.00 | Gap=0.2679 | Hamming=4 | Exact=0
K=4, n=600, m=1200, rep=17 | Opt=41.00 | Pred=33.00 | Gap=0.1951 | Hamming=4 | Exact=0
K=4, n=600, m=1200, rep=18 | Opt=62.00 | Pred=58.00 | Gap=0.0645 | Hamming=2 | Exact=0
K=4, n=600, m=1200, rep=19 | Opt=71.00 | Pred=63.00 | Gap=0.1127 | Hamming=6 | Exact=0
K=4, n=600, m=1500, rep=0 | Opt=50.00 | Pred=43.00 | Gap=0.1400 | Hamming=2 | Exact=0
K=4, n=600, m=1500, rep=1 | Opt=49.00 | Pred=49.00 | Gap=0.0000 | Hamming=2 | Exact=0
K=4, n=600, m=1500, rep=2 | Opt=58.00 | Pred=49.00 | Gap=0.1552 | Hamming=4 | Exact=0
K=4, n=600, m=1500, rep=3 | Opt=51.00 | Pred=37.00 | Gap=0.2745 | Hamming=4 | Exact=0
K=4, n=600, m=1500, rep=4 | Opt=42.00 | Pred=39.00 | Gap=0.0714 | Hamming=2 | Exact=0
K=4, n=600, m=1500, rep=5 | Opt=74.00 | Pred=61.00 | Gap=0.1757 | Hamming=4 | Exact=0
K=4, n=600, m=1500, rep=6 | Opt=67.00 | Pred=59.00 | Gap=0.1194 | Hamming=6 | Exact=0
K=4, n=600, m=1500, rep=7 | Opt=41.00 | Pred=34.00 | Gap=0.1707 | Hamming=3 | Exact=0
K=4, n=600, m=1500, rep=8 | Opt=52.00 | Pred=43.00 | Gap=0.1731 | Hamming=4 | Exact=0
K=4, n=600, m=1500, rep=9 | Opt=51.00 | Pred=47.00 | Gap=0.0784 | Hamming=4 | Exact=0
K=4, n=600, m=1500, rep=10 | Opt=75.00 | Pred=65.00 | Gap=0.1333 | Hamming=4 | Exact=0
K=4, n=600, m=1500, rep=11 | Opt=35.00 | Pred=24.00 | Gap=0.3143 | Hamming=4 | Exact=0
K=4, n=600, m=1500, rep=12 | Opt=52.00 | Pred=43.00 | Gap=0.1731 | Hamming=6 | Exact=0
K=4, n=600, m=1500, rep=13 | Opt=73.00 | Pred=56.00 | Gap=0.2329 | Hamming=6 | Exact=0
K=4, n=600, m=1500, rep=14 | Opt=74.00 | Pred=61.00 | Gap=0.1757 | Hamming=8 | Exact=0
K=4, n=600, m=1500, rep=15 | Opt=32.00 | Pred=15.00 | Gap=0.5312 | Hamming=8 | Exact=0
K=4, n=600, m=1500, rep=16 | Opt=46.00 | Pred=44.00 | Gap=0.0435 | Hamming=2 | Exact=0
K=4, n=600, m=1500, rep=17 | Opt=39.00 | Pred=33.00 | Gap=0.1538 | Hamming=8 | Exact=0
K=4, n=600, m=1500, rep=18 | Opt=51.00 | Pred=42.00 | Gap=0.1765 | Hamming=6 | Exact=0
K=4, n=600, m=1500, rep=19 | Opt=44.00 | Pred=34.00 | Gap=0.2273 | Hamming=6 | Exact=0
K=4, n=600, m=1800, rep=0 | Opt=11.00 | Pred=11.00 | Gap=0.0000 | Hamming=2 | Exact=0
K=4, n=600, m=1800, rep=1 | Opt=39.00 | Pred=31.00 | Gap=0.2051 | Hamming=4 | Exact=0
K=4, n=600, m=1800, rep=2 | Opt=54.00 | Pred=53.00 | Gap=0.0185 | Hamming=2 | Exact=0
K=4, n=600, m=1800, rep=3 | Opt=39.00 | Pred=39.00 | Gap=0.0000 | Hamming=2 | Exact=0
K=4, n=600, m=1800, rep=4 | Opt=38.00 | Pred=34.00 | Gap=0.1053 | Hamming=4 | Exact=0
K=4, n=600, m=1800, rep=5 | Opt=59.00 | Pred=47.00 | Gap=0.2034 | Hamming=6 | Exact=0
K=4, n=600, m=1800, rep=6 | Opt=50.00 | Pred=45.00 | Gap=0.1000 | Hamming=4 | Exact=0
K=4, n=600, m=1800, rep=7 | Opt=45.00 | Pred=39.00 | Gap=0.1333 | Hamming=6 | Exact=0
K=4, n=600, m=1800, rep=8 | Opt=40.00 | Pred=35.00 | Gap=0.1250 | Hamming=6 | Exact=0
K=4, n=600, m=1800, rep=9 | Opt=39.00 | Pred=30.00 | Gap=0.2308 | Hamming=8 | Exact=0
K=4, n=600, m=1800, rep=10 | Opt=26.00 | Pred=20.00 | Gap=0.2308 | Hamming=4 | Exact=0
K=4, n=600, m=1800, rep=11 | Opt=36.00 | Pred=31.00 | Gap=0.1389 | Hamming=6 | Exact=0
K=4, n=600, m=1800, rep=12 | Opt=26.00 | Pred=22.00 | Gap=0.1538 | Hamming=6 | Exact=0
K=4, n=600, m=1800, rep=13 | Opt=52.00 | Pred=50.00 | Gap=0.0385 | Hamming=4 | Exact=0
K=4, n=600, m=1800, rep=14 | Opt=48.00 | Pred=46.00 | Gap=0.0417 | Hamming=2 | Exact=0
K=4, n=600, m=1800, rep=15 | Opt=36.00 | Pred=32.00 | Gap=0.1111 | Hamming=4 | Exact=0
K=4, n=600, m=1800, rep=16 | Opt=44.00 | Pred=37.00 | Gap=0.1591 | Hamming=4 | Exact=0
K=4, n=600, m=1800, rep=17 | Opt=41.00 | Pred=34.00 | Gap=0.1707 | Hamming=4 | Exact=0
K=4, n=600, m=1800, rep=18 | Opt=36.00 | Pred=28.00 | Gap=0.2222 | Hamming=4 | Exact=0
K=4, n=600, m=1800, rep=19 | Opt=31.00 | Pred=30.00 | Gap=0.0323 | Hamming=4 | Exact=0
K=4, n=600, m=2400, rep=0 | Opt=41.00 | Pred=34.00 | Gap=0.1707 | Hamming=6 | Exact=0
K=4, n=600, m=2400, rep=1 | Opt=27.00 | Pred=24.00 | Gap=0.1111 | Hamming=4 | Exact=0
K=4, n=600, m=2400, rep=2 | Opt=31.00 | Pred=25.00 | Gap=0.1935 | Hamming=8 | Exact=0
K=4, n=600, m=2400, rep=3 | Opt=23.00 | Pred=16.00 | Gap=0.3043 | Hamming=4 | Exact=0
K=4, n=600, m=2400, rep=4 | Opt=37.00 | Pred=29.00 | Gap=0.2162 | Hamming=4 | Exact=0
K=4, n=600, m=2400, rep=5 | Opt=25.00 | Pred=23.00 | Gap=0.0800 | Hamming=3 | Exact=0
K=4, n=600, m=2400, rep=6 | Opt=30.00 | Pred=24.00 | Gap=0.2000 | Hamming=6 | Exact=0
K=4, n=600, m=2400, rep=7 | Opt=33.00 | Pred=22.00 | Gap=0.3333 | Hamming=4 | Exact=0
K=4, n=600, m=2400, rep=8 | Opt=32.00 | Pred=28.00 | Gap=0.1250 | Hamming=6 | Exact=0
K=4, n=600, m=2400, rep=9 | Opt=31.00 | Pred=19.00 | Gap=0.3871 | Hamming=8 | Exact=0
K=4, n=600, m=2400, rep=10 | Opt=47.00 | Pred=40.00 | Gap=0.1489 | Hamming=6 | Exact=0
K=4, n=600, m=2400, rep=11 | Opt=38.00 | Pred=37.00 | Gap=0.0263 | Hamming=4 | Exact=0
K=4, n=600, m=2400, rep=12 | Opt=35.00 | Pred=21.00 | Gap=0.4000 | Hamming=8 | Exact=0
K=4, n=600, m=2400, rep=13 | Opt=43.00 | Pred=34.00 | Gap=0.2093 | Hamming=6 | Exact=0
K=4, n=600, m=2400, rep=14 | Opt=27.00 | Pred=22.00 | Gap=0.1852 | Hamming=8 | Exact=0
K=4, n=600, m=2400, rep=15 | Opt=24.00 | Pred=21.00 | Gap=0.1250 | Hamming=8 | Exact=0
K=4, n=600, m=2400, rep=16 | Opt=36.00 | Pred=31.00 | Gap=0.1389 | Hamming=2 | Exact=0
K=4, n=600, m=2400, rep=17 | Opt=27.00 | Pred=23.00 | Gap=0.1481 | Hamming=6 | Exact=0
K=4, n=600, m=2400, rep=18 | Opt=33.00 | Pred=23.00 | Gap=0.3030 | Hamming=8 | Exact=0
K=4, n=600, m=2400, rep=19 | Opt=24.00 | Pred=17.00 | Gap=0.2917 | Hamming=6 | Exact=0
K=4, n=600, m=3000, rep=0 | Opt=15.00 | Pred=8.00 | Gap=0.4667 | Hamming=4 | Exact=0
K=4, n=600, m=3000, rep=1 | Opt=28.00 | Pred=25.00 | Gap=0.1071 | Hamming=2 | Exact=0
K=4, n=600, m=3000, rep=2 | Opt=21.00 | Pred=21.00 | Gap=0.0000 | Hamming=0 | Exact=1
K=4, n=600, m=3000, rep=3 | Opt=37.00 | Pred=27.00 | Gap=0.2703 | Hamming=6 | Exact=0
K=4, n=600, m=3000, rep=4 | Opt=19.00 | Pred=17.00 | Gap=0.1053 | Hamming=6 | Exact=0
K=4, n=600, m=3000, rep=5 | Opt=25.00 | Pred=25.00 | Gap=0.0000 | Hamming=0 | Exact=1
K=4, n=600, m=3000, rep=6 | Opt=30.00 | Pred=26.00 | Gap=0.1333 | Hamming=4 | Exact=0
K=4, n=600, m=3000, rep=7 | Opt=31.00 | Pred=29.00 | Gap=0.0645 | Hamming=2 | Exact=0
K=4, n=600, m=3000, rep=8 | Opt=17.00 | Pred=11.00 | Gap=0.3529 | Hamming=6 | Exact=0
K=4, n=600, m=3000, rep=9 | Opt=39.00 | Pred=30.00 | Gap=0.2308 | Hamming=4 | Exact=0
K=4, n=600, m=3000, rep=10 | Opt=28.00 | Pred=25.00 | Gap=0.1071 | Hamming=2 | Exact=0
K=4, n=600, m=3000, rep=11 | Opt=30.00 | Pred=25.00 | Gap=0.1667 | Hamming=4 | Exact=0
K=4, n=600, m=3000, rep=12 | Opt=33.00 | Pred=29.00 | Gap=0.1212 | Hamming=2 | Exact=0
K=4, n=600, m=3000, rep=13 | Opt=31.00 | Pred=28.00 | Gap=0.0968 | Hamming=4 | Exact=0
K=4, n=600, m=3000, rep=14 | Opt=22.00 | Pred=21.00 | Gap=0.0455 | Hamming=4 | Exact=0
K=4, n=600, m=3000, rep=15 | Opt=21.00 | Pred=18.00 | Gap=0.1429 | Hamming=4 | Exact=0
K=4, n=600, m=3000, rep=16 | Opt=23.00 | Pred=12.00 | Gap=0.4783 | Hamming=6 | Exact=0
K=4, n=600, m=3000, rep=17 | Opt=21.00 | Pred=13.00 | Gap=0.3810 | Hamming=8 | Exact=0
K=4, n=600, m=3000, rep=18 | Opt=27.00 | Pred=26.00 | Gap=0.0370 | Hamming=4 | Exact=0
K=4, n=600, m=3000, rep=19 | Opt=25.00 | Pred=22.00 | Gap=0.1200 | Hamming=2 | Exact=0
K=4, n=600, m=3600, rep=0 | Opt=19.00 | Pred=15.00 | Gap=0.2105 | Hamming=4 | Exact=0
K=4, n=600, m=3600, rep=1 | Opt=19.00 | Pred=16.00 | Gap=0.1579 | Hamming=4 | Exact=0
K=4, n=600, m=3600, rep=2 | Opt=23.00 | Pred=14.00 | Gap=0.3913 | Hamming=6 | Exact=0
K=4, n=600, m=3600, rep=3 | Opt=17.00 | Pred=15.00 | Gap=0.1176 | Hamming=3 | Exact=0
K=4, n=600, m=3600, rep=4 | Opt=23.00 | Pred=16.00 | Gap=0.3043 | Hamming=6 | Exact=0
K=4, n=600, m=3600, rep=5 | Opt=16.00 | Pred=11.00 | Gap=0.3125 | Hamming=8 | Exact=0
K=4, n=600, m=3600, rep=6 | Opt=15.00 | Pred=8.00 | Gap=0.4667 | Hamming=5 | Exact=0
K=4, n=600, m=3600, rep=7 | Opt=33.00 | Pred=29.00 | Gap=0.1212 | Hamming=4 | Exact=0
K=4, n=600, m=3600, rep=8 | Opt=22.00 | Pred=18.00 | Gap=0.1818 | Hamming=4 | Exact=0
K=4, n=600, m=3600, rep=9 | Opt=20.00 | Pred=18.00 | Gap=0.1000 | Hamming=4 | Exact=0
K=4, n=600, m=3600, rep=10 | Opt=21.00 | Pred=14.00 | Gap=0.3333 | Hamming=6 | Exact=0
K=4, n=600, m=3600, rep=11 | Opt=21.00 | Pred=21.00 | Gap=0.0000 | Hamming=2 | Exact=0
K=4, n=600, m=3600, rep=12 | Opt=29.00 | Pred=24.00 | Gap=0.1724 | Hamming=6 | Exact=0
K=4, n=600, m=3600, rep=13 | Opt=22.00 | Pred=17.00 | Gap=0.2273 | Hamming=6 | Exact=0
K=4, n=600, m=3600, rep=14 | Opt=28.00 | Pred=19.00 | Gap=0.3214 | Hamming=6 | Exact=0
K=4, n=600, m=3600, rep=15 | Opt=21.00 | Pred=20.00 | Gap=0.0476 | Hamming=4 | Exact=0
K=4, n=600, m=3600, rep=16 | Opt=22.00 | Pred=18.00 | Gap=0.1818 | Hamming=6 | Exact=0
K=4, n=600, m=3600, rep=17 | Opt=31.00 | Pred=27.00 | Gap=0.1290 | Hamming=2 | Exact=0
K=4, n=600, m=3600, rep=18 | Opt=28.00 | Pred=21.00 | Gap=0.2500 | Hamming=6 | Exact=0
K=4, n=600, m=3600, rep=19 | Opt=18.00 | Pred=11.00 | Gap=0.3889 | Hamming=8 | Exact=0
K=4, n=600, m=4800, rep=0 | Opt=15.00 | Pred=14.00 | Gap=0.0667 | Hamming=4 | Exact=0
K=4, n=600, m=4800, rep=1 | Opt=20.00 | Pred=17.00 | Gap=0.1500 | Hamming=6 | Exact=0
K=4, n=600, m=4800, rep=2 | Opt=22.00 | Pred=16.00 | Gap=0.2727 | Hamming=4 | Exact=0
K=4, n=600, m=4800, rep=3 | Opt=19.00 | Pred=18.00 | Gap=0.0526 | Hamming=6 | Exact=0
K=4, n=600, m=4800, rep=4 | Opt=17.00 | Pred=13.00 | Gap=0.2353 | Hamming=6 | Exact=0
K=4, n=600, m=4800, rep=5 | Opt=25.00 | Pred=25.00 | Gap=0.0000 | Hamming=2 | Exact=0
K=4, n=600, m=4800, rep=6 | Opt=17.00 | Pred=15.00 | Gap=0.1176 | Hamming=2 | Exact=0
K=4, n=600, m=4800, rep=7 | Opt=18.00 | Pred=13.00 | Gap=0.2778 | Hamming=8 | Exact=0
K=4, n=600, m=4800, rep=8 | Opt=19.00 | Pred=15.00 | Gap=0.2105 | Hamming=4 | Exact=0
K=4, n=600, m=4800, rep=9 | Opt=16.00 | Pred=15.00 | Gap=0.0625 | Hamming=6 | Exact=0
K=4, n=600, m=4800, rep=10 | Opt=18.00 | Pred=13.00 | Gap=0.2778 | Hamming=8 | Exact=0
K=4, n=600, m=4800, rep=11 | Opt=15.00 | Pred=10.00 | Gap=0.3333 | Hamming=2 | Exact=0
K=4, n=600, m=4800, rep=12 | Opt=20.00 | Pred=18.00 | Gap=0.1000 | Hamming=8 | Exact=0
K=4, n=600, m=4800, rep=13 | Opt=16.00 | Pred=14.00 | Gap=0.1250 | Hamming=6 | Exact=0
K=4, n=600, m=4800, rep=14 | Opt=13.00 | Pred=10.00 | Gap=0.2308 | Hamming=6 | Exact=0
K=4, n=600, m=4800, rep=15 | Opt=17.00 | Pred=13.00 | Gap=0.2353 | Hamming=8 | Exact=0
K=4, n=600, m=4800, rep=16 | Opt=17.00 | Pred=16.00 | Gap=0.0588 | Hamming=2 | Exact=0
K=4, n=600, m=4800, rep=17 | Opt=17.00 | Pred=15.00 | Gap=0.1176 | Hamming=8 | Exact=0
K=4, n=600, m=4800, rep=18 | Opt=16.00 | Pred=14.00 | Gap=0.1250 | Hamming=8 | Exact=0
K=4, n=600, m=4800, rep=19 | Opt=15.00 | Pred=11.00 | Gap=0.2667 | Hamming=4 | Exact=0

FINAL TEST RESULTS FOR K=4
Instances evaluated: 560
Exact match rate: 0.0107
Average Hamming distance: 4.5429
Average objective gap: 0.1717
Average MIP solve time: 2.605204 seconds
Average model inference time: 0.003896 seconds

Evaluating attack limit K=5
K=5, n=100, m=200, rep=0 | Opt=84.00 | Pred=51.00 | Gap=0.3929 | Hamming=10 | Exact=0
K=5, n=100, m=200, rep=1 | Opt=24.00 | Pred=20.00 | Gap=0.1667 | Hamming=4 | Exact=0
K=5, n=100, m=200, rep=2 | Opt=46.00 | Pred=35.00 | Gap=0.2391 | Hamming=7 | Exact=0
K=5, n=100, m=200, rep=3 | Opt=57.00 | Pred=42.00 | Gap=0.2632 | Hamming=6 | Exact=0
K=5, n=100, m=200, rep=4 | Opt=38.00 | Pred=31.00 | Gap=0.1842 | Hamming=5 | Exact=0
K=5, n=100, m=200, rep=5 | Opt=46.00 | Pred=41.00 | Gap=0.1087 | Hamming=6 | Exact=0
K=5, n=100, m=200, rep=6 | Opt=58.00 | Pred=36.00 | Gap=0.3793 | Hamming=8 | Exact=0
K=5, n=100, m=200, rep=7 | Opt=28.00 | Pred=28.00 | Gap=0.0000 | Hamming=3 | Exact=0
K=5, n=100, m=200, rep=8 | Opt=63.00 | Pred=49.00 | Gap=0.2222 | Hamming=8 | Exact=0
K=5, n=100, m=200, rep=9 | Opt=43.00 | Pred=30.00 | Gap=0.3023 | Hamming=6 | Exact=0
K=5, n=100, m=200, rep=10 | Opt=32.00 | Pred=23.00 | Gap=0.2812 | Hamming=5 | Exact=0
K=5, n=100, m=200, rep=11 | Opt=58.00 | Pred=45.00 | Gap=0.2241 | Hamming=6 | Exact=0
K=5, n=100, m=200, rep=12 | Opt=56.00 | Pred=42.00 | Gap=0.2500 | Hamming=6 | Exact=0
K=5, n=100, m=200, rep=13 | Opt=54.00 | Pred=44.00 | Gap=0.1852 | Hamming=6 | Exact=0
K=5, n=100, m=200, rep=14 | Opt=44.00 | Pred=37.00 | Gap=0.1591 | Hamming=4 | Exact=0
K=5, n=100, m=200, rep=15 | Opt=78.00 | Pred=53.00 | Gap=0.3205 | Hamming=8 | Exact=0
K=5, n=100, m=200, rep=16 | Opt=33.00 | Pred=26.00 | Gap=0.2121 | Hamming=2 | Exact=0
K=5, n=100, m=200, rep=17 | Opt=5.00 | Pred=5.00 | Gap=0.0000 | Hamming=8 | Exact=0
K=5, n=100, m=200, rep=18 | Opt=18.00 | Pred=17.00 | Gap=0.0556 | Hamming=5 | Exact=0
K=5, n=100, m=200, rep=19 | Opt=63.00 | Pred=38.00 | Gap=0.3968 | Hamming=8 | Exact=0
K=5, n=100, m=250, rep=0 | Opt=13.00 | Pred=13.00 | Gap=0.0000 | Hamming=4 | Exact=0
K=5, n=100, m=250, rep=1 | Opt=40.00 | Pred=34.00 | Gap=0.1500 | Hamming=6 | Exact=0
K=5, n=100, m=250, rep=2 | Opt=32.00 | Pred=28.00 | Gap=0.1250 | Hamming=6 | Exact=0
K=5, n=100, m=250, rep=3 | Opt=37.00 | Pred=29.00 | Gap=0.2162 | Hamming=8 | Exact=0
K=5, n=100, m=250, rep=4 | Opt=46.00 | Pred=34.00 | Gap=0.2609 | Hamming=6 | Exact=0
K=5, n=100, m=250, rep=5 | Opt=38.00 | Pred=29.00 | Gap=0.2368 | Hamming=8 | Exact=0
K=5, n=100, m=250, rep=6 | Opt=24.00 | Pred=18.00 | Gap=0.2500 | Hamming=5 | Exact=0
K=5, n=100, m=250, rep=7 | Opt=17.00 | Pred=14.00 | Gap=0.1765 | Hamming=5 | Exact=0
K=5, n=100, m=250, rep=8 | Opt=31.00 | Pred=27.00 | Gap=0.1290 | Hamming=4 | Exact=0
K=5, n=100, m=250, rep=9 | Opt=40.00 | Pred=33.00 | Gap=0.1750 | Hamming=4 | Exact=0
K=5, n=100, m=250, rep=10 | Opt=35.00 | Pred=30.00 | Gap=0.1429 | Hamming=4 | Exact=0
K=5, n=100, m=250, rep=11 | Opt=19.00 | Pred=11.00 | Gap=0.4211 | Hamming=6 | Exact=0
K=5, n=100, m=250, rep=12 | Opt=48.00 | Pred=44.00 | Gap=0.0833 | Hamming=6 | Exact=0
K=5, n=100, m=250, rep=13 | Opt=39.00 | Pred=38.00 | Gap=0.0256 | Hamming=4 | Exact=0
K=5, n=100, m=250, rep=14 | Opt=60.00 | Pred=43.00 | Gap=0.2833 | Hamming=8 | Exact=0
K=5, n=100, m=250, rep=15 | Opt=39.00 | Pred=39.00 | Gap=0.0000 | Hamming=0 | Exact=1
K=5, n=100, m=250, rep=16 | Opt=29.00 | Pred=21.00 | Gap=0.2759 | Hamming=4 | Exact=0
K=5, n=100, m=250, rep=17 | Opt=59.00 | Pred=48.00 | Gap=0.1864 | Hamming=6 | Exact=0
K=5, n=100, m=250, rep=18 | Opt=46.00 | Pred=33.00 | Gap=0.2826 | Hamming=6 | Exact=0
K=5, n=100, m=250, rep=19 | Opt=45.00 | Pred=34.00 | Gap=0.2444 | Hamming=8 | Exact=0
K=5, n=100, m=300, rep=0 | Opt=29.00 | Pred=23.00 | Gap=0.2069 | Hamming=5 | Exact=0
K=5, n=100, m=300, rep=1 | Opt=30.00 | Pred=30.00 | Gap=0.0000 | Hamming=3 | Exact=0
K=5, n=100, m=300, rep=2 | Opt=38.00 | Pred=28.00 | Gap=0.2632 | Hamming=4 | Exact=0
K=5, n=100, m=300, rep=3 | Opt=26.00 | Pred=22.00 | Gap=0.1538 | Hamming=6 | Exact=0
K=5, n=100, m=300, rep=4 | Opt=71.00 | Pred=53.00 | Gap=0.2535 | Hamming=6 | Exact=0
K=5, n=100, m=300, rep=5 | Opt=29.00 | Pred=21.00 | Gap=0.2759 | Hamming=4 | Exact=0
K=5, n=100, m=300, rep=6 | Opt=28.00 | Pred=20.00 | Gap=0.2857 | Hamming=6 | Exact=0
K=5, n=100, m=300, rep=7 | Opt=36.00 | Pred=32.00 | Gap=0.1111 | Hamming=4 | Exact=0
K=5, n=100, m=300, rep=8 | Opt=23.00 | Pred=17.00 | Gap=0.2609 | Hamming=6 | Exact=0
K=5, n=100, m=300, rep=9 | Opt=49.00 | Pred=48.00 | Gap=0.0204 | Hamming=2 | Exact=0
K=5, n=100, m=300, rep=10 | Opt=33.00 | Pred=29.00 | Gap=0.1212 | Hamming=4 | Exact=0
K=5, n=100, m=300, rep=11 | Opt=40.00 | Pred=34.00 | Gap=0.1500 | Hamming=6 | Exact=0
K=5, n=100, m=300, rep=12 | Opt=33.00 | Pred=26.00 | Gap=0.2121 | Hamming=2 | Exact=0
K=5, n=100, m=300, rep=13 | Opt=71.00 | Pred=52.00 | Gap=0.2676 | Hamming=8 | Exact=0
K=5, n=100, m=300, rep=14 | Opt=19.00 | Pred=19.00 | Gap=0.0000 | Hamming=3 | Exact=0
K=5, n=100, m=300, rep=15 | Opt=25.00 | Pred=13.00 | Gap=0.4800 | Hamming=4 | Exact=0
K=5, n=100, m=300, rep=16 | Opt=46.00 | Pred=37.00 | Gap=0.1957 | Hamming=6 | Exact=0
K=5, n=100, m=300, rep=17 | Opt=33.00 | Pred=28.00 | Gap=0.1515 | Hamming=8 | Exact=0
K=5, n=100, m=300, rep=18 | Opt=27.00 | Pred=16.00 | Gap=0.4074 | Hamming=6 | Exact=0
K=5, n=100, m=300, rep=19 | Opt=27.00 | Pred=20.00 | Gap=0.2593 | Hamming=8 | Exact=0
K=5, n=100, m=400, rep=0 | Opt=29.00 | Pred=21.00 | Gap=0.2759 | Hamming=6 | Exact=0
K=5, n=100, m=400, rep=1 | Opt=23.00 | Pred=23.00 | Gap=0.0000 | Hamming=2 | Exact=0
K=5, n=100, m=400, rep=2 | Opt=27.00 | Pred=24.00 | Gap=0.1111 | Hamming=4 | Exact=0
K=5, n=100, m=400, rep=3 | Opt=25.00 | Pred=23.00 | Gap=0.0800 | Hamming=4 | Exact=0
K=5, n=100, m=400, rep=4 | Opt=25.00 | Pred=24.00 | Gap=0.0400 | Hamming=6 | Exact=0
K=5, n=100, m=400, rep=5 | Opt=42.00 | Pred=31.00 | Gap=0.2619 | Hamming=6 | Exact=0
K=5, n=100, m=400, rep=6 | Opt=32.00 | Pred=27.00 | Gap=0.1563 | Hamming=6 | Exact=0
K=5, n=100, m=400, rep=7 | Opt=29.00 | Pred=22.00 | Gap=0.2414 | Hamming=4 | Exact=0
K=5, n=100, m=400, rep=8 | Opt=37.00 | Pred=35.00 | Gap=0.0541 | Hamming=4 | Exact=0
K=5, n=100, m=400, rep=9 | Opt=22.00 | Pred=17.00 | Gap=0.2273 | Hamming=4 | Exact=0
K=5, n=100, m=400, rep=10 | Opt=52.00 | Pred=36.00 | Gap=0.3077 | Hamming=6 | Exact=0
K=5, n=100, m=400, rep=11 | Opt=19.00 | Pred=16.00 | Gap=0.1579 | Hamming=4 | Exact=0
K=5, n=100, m=400, rep=12 | Opt=25.00 | Pred=23.00 | Gap=0.0800 | Hamming=6 | Exact=0
K=5, n=100, m=400, rep=13 | Opt=28.00 | Pred=24.00 | Gap=0.1429 | Hamming=4 | Exact=0
K=5, n=100, m=400, rep=14 | Opt=28.00 | Pred=26.00 | Gap=0.0714 | Hamming=6 | Exact=0
K=5, n=100, m=400, rep=15 | Opt=27.00 | Pred=26.00 | Gap=0.0370 | Hamming=4 | Exact=0
K=5, n=100, m=400, rep=16 | Opt=30.00 | Pred=27.00 | Gap=0.1000 | Hamming=8 | Exact=0
K=5, n=100, m=400, rep=17 | Opt=29.00 | Pred=25.00 | Gap=0.1379 | Hamming=2 | Exact=0
K=5, n=100, m=400, rep=18 | Opt=36.00 | Pred=33.00 | Gap=0.0833 | Hamming=4 | Exact=0
K=5, n=100, m=400, rep=19 | Opt=31.00 | Pred=27.00 | Gap=0.1290 | Hamming=4 | Exact=0
K=5, n=100, m=500, rep=0 | Opt=24.00 | Pred=24.00 | Gap=0.0000 | Hamming=2 | Exact=0
K=5, n=100, m=500, rep=1 | Opt=22.00 | Pred=17.00 | Gap=0.2273 | Hamming=4 | Exact=0
K=5, n=100, m=500, rep=2 | Opt=16.00 | Pred=14.00 | Gap=0.1250 | Hamming=4 | Exact=0
K=5, n=100, m=500, rep=3 | Opt=24.00 | Pred=16.00 | Gap=0.3333 | Hamming=8 | Exact=0
K=5, n=100, m=500, rep=4 | Opt=15.00 | Pred=15.00 | Gap=0.0000 | Hamming=5 | Exact=0
K=5, n=100, m=500, rep=5 | Opt=28.00 | Pred=24.00 | Gap=0.1429 | Hamming=6 | Exact=0
K=5, n=100, m=500, rep=6 | Opt=22.00 | Pred=19.00 | Gap=0.1364 | Hamming=4 | Exact=0
K=5, n=100, m=500, rep=7 | Opt=23.00 | Pred=18.00 | Gap=0.2174 | Hamming=6 | Exact=0
K=5, n=100, m=500, rep=8 | Opt=24.00 | Pred=20.00 | Gap=0.1667 | Hamming=4 | Exact=0
K=5, n=100, m=500, rep=9 | Opt=24.00 | Pred=19.00 | Gap=0.2083 | Hamming=6 | Exact=0
K=5, n=100, m=500, rep=10 | Opt=29.00 | Pred=26.00 | Gap=0.1034 | Hamming=6 | Exact=0
K=5, n=100, m=500, rep=11 | Opt=18.00 | Pred=11.00 | Gap=0.3889 | Hamming=6 | Exact=0
K=5, n=100, m=500, rep=12 | Opt=18.00 | Pred=16.00 | Gap=0.1111 | Hamming=2 | Exact=0
K=5, n=100, m=500, rep=13 | Opt=22.00 | Pred=18.00 | Gap=0.1818 | Hamming=3 | Exact=0
K=5, n=100, m=500, rep=14 | Opt=14.00 | Pred=14.00 | Gap=0.0000 | Hamming=4 | Exact=0
K=5, n=100, m=500, rep=15 | Opt=15.00 | Pred=14.00 | Gap=0.0667 | Hamming=3 | Exact=0
K=5, n=100, m=500, rep=16 | Opt=24.00 | Pred=17.00 | Gap=0.2917 | Hamming=6 | Exact=0
K=5, n=100, m=500, rep=17 | Opt=14.00 | Pred=14.00 | Gap=0.0000 | Hamming=4 | Exact=0
K=5, n=100, m=500, rep=18 | Opt=32.00 | Pred=26.00 | Gap=0.1875 | Hamming=5 | Exact=0
K=5, n=100, m=500, rep=19 | Opt=17.00 | Pred=9.00 | Gap=0.4706 | Hamming=6 | Exact=0
K=5, n=100, m=600, rep=0 | Opt=16.00 | Pred=9.00 | Gap=0.4375 | Hamming=8 | Exact=0
K=5, n=100, m=600, rep=1 | Opt=23.00 | Pred=20.00 | Gap=0.1304 | Hamming=8 | Exact=0
K=5, n=100, m=600, rep=2 | Opt=9.00 | Pred=9.00 | Gap=0.0000 | Hamming=4 | Exact=0
K=5, n=100, m=600, rep=3 | Opt=27.00 | Pred=25.00 | Gap=0.0741 | Hamming=6 | Exact=0
K=5, n=100, m=600, rep=4 | Opt=25.00 | Pred=20.00 | Gap=0.2000 | Hamming=4 | Exact=0
K=5, n=100, m=600, rep=5 | Opt=21.00 | Pred=20.00 | Gap=0.0476 | Hamming=2 | Exact=0
K=5, n=100, m=600, rep=6 | Opt=20.00 | Pred=18.00 | Gap=0.1000 | Hamming=6 | Exact=0
K=5, n=100, m=600, rep=7 | Opt=17.00 | Pred=14.00 | Gap=0.1765 | Hamming=6 | Exact=0
K=5, n=100, m=600, rep=8 | Opt=24.00 | Pred=24.00 | Gap=0.0000 | Hamming=2 | Exact=0
K=5, n=100, m=600, rep=9 | Opt=16.00 | Pred=12.00 | Gap=0.2500 | Hamming=4 | Exact=0
K=5, n=100, m=600, rep=10 | Opt=10.00 | Pred=10.00 | Gap=0.0000 | Hamming=3 | Exact=0
K=5, n=100, m=600, rep=11 | Opt=5.00 | Pred=4.00 | Gap=0.2000 | Hamming=4 | Exact=0
K=5, n=100, m=600, rep=12 | Opt=20.00 | Pred=11.00 | Gap=0.4500 | Hamming=4 | Exact=0
K=5, n=100, m=600, rep=13 | Opt=25.00 | Pred=24.00 | Gap=0.0400 | Hamming=2 | Exact=0
K=5, n=100, m=600, rep=14 | Opt=19.00 | Pred=14.00 | Gap=0.2632 | Hamming=6 | Exact=0
K=5, n=100, m=600, rep=15 | Opt=29.00 | Pred=29.00 | Gap=0.0000 | Hamming=0 | Exact=1
K=5, n=100, m=600, rep=16 | Opt=17.00 | Pred=14.00 | Gap=0.1765 | Hamming=4 | Exact=0
K=5, n=100, m=600, rep=17 | Opt=21.00 | Pred=18.00 | Gap=0.1429 | Hamming=4 | Exact=0
K=5, n=100, m=600, rep=18 | Opt=23.00 | Pred=18.00 | Gap=0.2174 | Hamming=6 | Exact=0
K=5, n=100, m=600, rep=19 | Opt=23.00 | Pred=18.00 | Gap=0.2174 | Hamming=4 | Exact=0
K=5, n=100, m=800, rep=0 | Opt=8.00 | Pred=8.00 | Gap=0.0000 | Hamming=4 | Exact=0
K=5, n=100, m=800, rep=1 | Opt=10.00 | Pred=8.00 | Gap=0.2000 | Hamming=6 | Exact=0
K=5, n=100, m=800, rep=2 | Opt=14.00 | Pred=12.00 | Gap=0.1429 | Hamming=8 | Exact=0
K=5, n=100, m=800, rep=3 | Opt=16.00 | Pred=15.00 | Gap=0.0625 | Hamming=4 | Exact=0
K=5, n=100, m=800, rep=4 | Opt=14.00 | Pred=10.00 | Gap=0.2857 | Hamming=8 | Exact=0
K=5, n=100, m=800, rep=5 | Opt=12.00 | Pred=11.00 | Gap=0.0833 | Hamming=2 | Exact=0
K=5, n=100, m=800, rep=6 | Opt=19.00 | Pred=18.00 | Gap=0.0526 | Hamming=4 | Exact=0
K=5, n=100, m=800, rep=7 | Opt=16.00 | Pred=9.00 | Gap=0.4375 | Hamming=4 | Exact=0
K=5, n=100, m=800, rep=8 | Opt=18.00 | Pred=12.00 | Gap=0.3333 | Hamming=2 | Exact=0
K=5, n=100, m=800, rep=9 | Opt=11.00 | Pred=9.00 | Gap=0.1818 | Hamming=6 | Exact=0
K=5, n=100, m=800, rep=10 | Opt=16.00 | Pred=12.00 | Gap=0.2500 | Hamming=4 | Exact=0
K=5, n=100, m=800, rep=11 | Opt=14.00 | Pred=14.00 | Gap=0.0000 | Hamming=8 | Exact=0
K=5, n=100, m=800, rep=12 | Opt=15.00 | Pred=14.00 | Gap=0.0667 | Hamming=5 | Exact=0
K=5, n=100, m=800, rep=13 | Opt=16.00 | Pred=15.00 | Gap=0.0625 | Hamming=4 | Exact=0
K=5, n=100, m=800, rep=14 | Opt=11.00 | Pred=9.00 | Gap=0.1818 | Hamming=6 | Exact=0
K=5, n=100, m=800, rep=15 | Opt=26.00 | Pred=26.00 | Gap=0.0000 | Hamming=0 | Exact=1
K=5, n=100, m=800, rep=16 | Opt=16.00 | Pred=14.00 | Gap=0.1250 | Hamming=4 | Exact=0
K=5, n=100, m=800, rep=17 | Opt=19.00 | Pred=19.00 | Gap=0.0000 | Hamming=2 | Exact=0
K=5, n=100, m=800, rep=18 | Opt=20.00 | Pred=14.00 | Gap=0.3000 | Hamming=4 | Exact=0
K=5, n=100, m=800, rep=19 | Opt=15.00 | Pred=15.00 | Gap=0.0000 | Hamming=2 | Exact=0
K=5, n=200, m=400, rep=0 | Opt=52.00 | Pred=34.00 | Gap=0.3462 | Hamming=4 | Exact=0
K=5, n=200, m=400, rep=1 | Opt=56.00 | Pred=49.00 | Gap=0.1250 | Hamming=4 | Exact=0
K=5, n=200, m=400, rep=2 | Opt=70.00 | Pred=51.00 | Gap=0.2714 | Hamming=4 | Exact=0
K=5, n=200, m=400, rep=3 | Opt=72.00 | Pred=46.00 | Gap=0.3611 | Hamming=8 | Exact=0
K=5, n=200, m=400, rep=4 | Opt=70.00 | Pred=49.00 | Gap=0.3000 | Hamming=10 | Exact=0
K=5, n=200, m=400, rep=5 | Opt=92.00 | Pred=59.00 | Gap=0.3587 | Hamming=8 | Exact=0
K=5, n=200, m=400, rep=6 | Opt=100.00 | Pred=83.00 | Gap=0.1700 | Hamming=6 | Exact=0
K=5, n=200, m=400, rep=7 | Opt=101.00 | Pred=70.00 | Gap=0.3069 | Hamming=10 | Exact=0
K=5, n=200, m=400, rep=8 | Opt=50.00 | Pred=44.00 | Gap=0.1200 | Hamming=6 | Exact=0
K=5, n=200, m=400, rep=9 | Opt=77.00 | Pred=66.00 | Gap=0.1429 | Hamming=4 | Exact=0
K=5, n=200, m=400, rep=10 | Opt=34.00 | Pred=19.00 | Gap=0.4412 | Hamming=6 | Exact=0
K=5, n=200, m=400, rep=11 | Opt=56.00 | Pred=44.00 | Gap=0.2143 | Hamming=6 | Exact=0
K=5, n=200, m=400, rep=12 | Opt=60.00 | Pred=47.00 | Gap=0.2167 | Hamming=6 | Exact=0
K=5, n=200, m=400, rep=13 | Opt=69.00 | Pred=55.00 | Gap=0.2029 | Hamming=6 | Exact=0
K=5, n=200, m=400, rep=14 | Opt=92.00 | Pred=78.00 | Gap=0.1522 | Hamming=6 | Exact=0
K=5, n=200, m=400, rep=15 | Opt=88.00 | Pred=66.00 | Gap=0.2500 | Hamming=10 | Exact=0
K=5, n=200, m=400, rep=16 | Opt=69.00 | Pred=61.00 | Gap=0.1159 | Hamming=6 | Exact=0
K=5, n=200, m=400, rep=17 | Opt=57.00 | Pred=49.00 | Gap=0.1404 | Hamming=6 | Exact=0
K=5, n=200, m=400, rep=18 | Opt=102.00 | Pred=81.00 | Gap=0.2059 | Hamming=6 | Exact=0
K=5, n=200, m=400, rep=19 | Opt=78.00 | Pred=68.00 | Gap=0.1282 | Hamming=6 | Exact=0
K=5, n=200, m=500, rep=0 | Opt=44.00 | Pred=41.00 | Gap=0.0682 | Hamming=2 | Exact=0
K=5, n=200, m=500, rep=1 | Opt=42.00 | Pred=33.00 | Gap=0.2143 | Hamming=6 | Exact=0
K=5, n=200, m=500, rep=2 | Opt=57.00 | Pred=49.00 | Gap=0.1404 | Hamming=6 | Exact=0
K=5, n=200, m=500, rep=3 | Opt=44.00 | Pred=36.00 | Gap=0.1818 | Hamming=6 | Exact=0
K=5, n=200, m=500, rep=4 | Opt=46.00 | Pred=37.00 | Gap=0.1957 | Hamming=6 | Exact=0
K=5, n=200, m=500, rep=5 | Opt=31.00 | Pred=25.00 | Gap=0.1935 | Hamming=4 | Exact=0
K=5, n=200, m=500, rep=6 | Opt=41.00 | Pred=38.00 | Gap=0.0732 | Hamming=4 | Exact=0
K=5, n=200, m=500, rep=7 | Opt=42.00 | Pred=34.00 | Gap=0.1905 | Hamming=10 | Exact=0
K=5, n=200, m=500, rep=8 | Opt=40.00 | Pred=33.00 | Gap=0.1750 | Hamming=6 | Exact=0
K=5, n=200, m=500, rep=9 | Opt=40.00 | Pred=33.00 | Gap=0.1750 | Hamming=4 | Exact=0
K=5, n=200, m=500, rep=10 | Opt=37.00 | Pred=27.00 | Gap=0.2703 | Hamming=6 | Exact=0
K=5, n=200, m=500, rep=11 | Opt=59.00 | Pred=50.00 | Gap=0.1525 | Hamming=6 | Exact=0
K=5, n=200, m=500, rep=12 | Opt=35.00 | Pred=26.00 | Gap=0.2571 | Hamming=6 | Exact=0
K=5, n=200, m=500, rep=13 | Opt=30.00 | Pred=20.00 | Gap=0.3333 | Hamming=6 | Exact=0
K=5, n=200, m=500, rep=14 | Opt=49.00 | Pred=42.00 | Gap=0.1429 | Hamming=8 | Exact=0
K=5, n=200, m=500, rep=15 | Opt=48.00 | Pred=35.00 | Gap=0.2708 | Hamming=6 | Exact=0
K=5, n=200, m=500, rep=16 | Opt=50.00 | Pred=40.00 | Gap=0.2000 | Hamming=6 | Exact=0
K=5, n=200, m=500, rep=17 | Opt=39.00 | Pred=34.00 | Gap=0.1282 | Hamming=5 | Exact=0
K=5, n=200, m=500, rep=18 | Opt=49.00 | Pred=40.00 | Gap=0.1837 | Hamming=6 | Exact=0
K=5, n=200, m=500, rep=19 | Opt=63.00 | Pred=52.00 | Gap=0.1746 | Hamming=8 | Exact=0
K=5, n=200, m=600, rep=0 | Opt=34.00 | Pred=30.00 | Gap=0.1176 | Hamming=8 | Exact=0
K=5, n=200, m=600, rep=1 | Opt=39.00 | Pred=33.00 | Gap=0.1538 | Hamming=6 | Exact=0
K=5, n=200, m=600, rep=2 | Opt=36.00 | Pred=33.00 | Gap=0.0833 | Hamming=4 | Exact=0
K=5, n=200, m=600, rep=3 | Opt=31.00 | Pred=27.00 | Gap=0.1290 | Hamming=6 | Exact=0
K=5, n=200, m=600, rep=4 | Opt=25.00 | Pred=22.00 | Gap=0.1200 | Hamming=5 | Exact=0
K=5, n=200, m=600, rep=5 | Opt=39.00 | Pred=29.00 | Gap=0.2564 | Hamming=8 | Exact=0
K=5, n=200, m=600, rep=6 | Opt=32.00 | Pred=19.00 | Gap=0.4062 | Hamming=6 | Exact=0
K=5, n=200, m=600, rep=7 | Opt=31.00 | Pred=26.00 | Gap=0.1613 | Hamming=4 | Exact=0
K=5, n=200, m=600, rep=8 | Opt=42.00 | Pred=33.00 | Gap=0.2143 | Hamming=6 | Exact=0
K=5, n=200, m=600, rep=9 | Opt=45.00 | Pred=34.00 | Gap=0.2444 | Hamming=6 | Exact=0
K=5, n=200, m=600, rep=10 | Opt=28.00 | Pred=25.00 | Gap=0.1071 | Hamming=7 | Exact=0
K=5, n=200, m=600, rep=11 | Opt=42.00 | Pred=31.00 | Gap=0.2619 | Hamming=8 | Exact=0
K=5, n=200, m=600, rep=12 | Opt=42.00 | Pred=35.00 | Gap=0.1667 | Hamming=8 | Exact=0
K=5, n=200, m=600, rep=13 | Opt=31.00 | Pred=25.00 | Gap=0.1935 | Hamming=4 | Exact=0
K=5, n=200, m=600, rep=14 | Opt=43.00 | Pred=41.00 | Gap=0.0465 | Hamming=6 | Exact=0
K=5, n=200, m=600, rep=15 | Opt=49.00 | Pred=46.00 | Gap=0.0612 | Hamming=2 | Exact=0
K=5, n=200, m=600, rep=16 | Opt=23.00 | Pred=19.00 | Gap=0.1739 | Hamming=8 | Exact=0
K=5, n=200, m=600, rep=17 | Opt=34.00 | Pred=28.00 | Gap=0.1765 | Hamming=6 | Exact=0
K=5, n=200, m=600, rep=18 | Opt=42.00 | Pred=35.00 | Gap=0.1667 | Hamming=6 | Exact=0
K=5, n=200, m=600, rep=19 | Opt=32.00 | Pred=29.00 | Gap=0.0938 | Hamming=2 | Exact=0
K=5, n=200, m=800, rep=0 | Opt=19.00 | Pred=19.00 | Gap=0.0000 | Hamming=3 | Exact=0
K=5, n=200, m=800, rep=1 | Opt=31.00 | Pred=24.00 | Gap=0.2258 | Hamming=4 | Exact=0
K=5, n=200, m=800, rep=2 | Opt=30.00 | Pred=27.00 | Gap=0.1000 | Hamming=4 | Exact=0
K=5, n=200, m=800, rep=3 | Opt=29.00 | Pred=19.00 | Gap=0.3448 | Hamming=6 | Exact=0
K=5, n=200, m=800, rep=4 | Opt=44.00 | Pred=28.00 | Gap=0.3636 | Hamming=8 | Exact=0
K=5, n=200, m=800, rep=5 | Opt=25.00 | Pred=16.00 | Gap=0.3600 | Hamming=8 | Exact=0
K=5, n=200, m=800, rep=6 | Opt=33.00 | Pred=27.00 | Gap=0.1818 | Hamming=6 | Exact=0
K=5, n=200, m=800, rep=7 | Opt=31.00 | Pred=23.00 | Gap=0.2581 | Hamming=6 | Exact=0
K=5, n=200, m=800, rep=8 | Opt=30.00 | Pred=27.00 | Gap=0.1000 | Hamming=4 | Exact=0
K=5, n=200, m=800, rep=9 | Opt=35.00 | Pred=34.00 | Gap=0.0286 | Hamming=2 | Exact=0
K=5, n=200, m=800, rep=10 | Opt=27.00 | Pred=18.00 | Gap=0.3333 | Hamming=6 | Exact=0
K=5, n=200, m=800, rep=11 | Opt=38.00 | Pred=36.00 | Gap=0.0526 | Hamming=6 | Exact=0
K=5, n=200, m=800, rep=12 | Opt=28.00 | Pred=28.00 | Gap=0.0000 | Hamming=6 | Exact=0
K=5, n=200, m=800, rep=13 | Opt=15.00 | Pred=15.00 | Gap=0.0000 | Hamming=1 | Exact=0
K=5, n=200, m=800, rep=14 | Opt=20.00 | Pred=16.00 | Gap=0.2000 | Hamming=6 | Exact=0
K=5, n=200, m=800, rep=15 | Opt=16.00 | Pred=8.00 | Gap=0.5000 | Hamming=10 | Exact=0
K=5, n=200, m=800, rep=16 | Opt=25.00 | Pred=18.00 | Gap=0.2800 | Hamming=4 | Exact=0
K=5, n=200, m=800, rep=17 | Opt=45.00 | Pred=39.00 | Gap=0.1333 | Hamming=6 | Exact=0
K=5, n=200, m=800, rep=18 | Opt=32.00 | Pred=30.00 | Gap=0.0625 | Hamming=5 | Exact=0
K=5, n=200, m=800, rep=19 | Opt=29.00 | Pred=21.00 | Gap=0.2759 | Hamming=6 | Exact=0
K=5, n=200, m=1000, rep=0 | Opt=31.00 | Pred=28.00 | Gap=0.0968 | Hamming=6 | Exact=0
K=5, n=200, m=1000, rep=1 | Opt=31.00 | Pred=26.00 | Gap=0.1613 | Hamming=4 | Exact=0
K=5, n=200, m=1000, rep=2 | Opt=33.00 | Pred=29.00 | Gap=0.1212 | Hamming=6 | Exact=0
K=5, n=200, m=1000, rep=3 | Opt=22.00 | Pred=19.00 | Gap=0.1364 | Hamming=6 | Exact=0
K=5, n=200, m=1000, rep=4 | Opt=23.00 | Pred=20.00 | Gap=0.1304 | Hamming=4 | Exact=0
K=5, n=200, m=1000, rep=5 | Opt=21.00 | Pred=17.00 | Gap=0.1905 | Hamming=4 | Exact=0
K=5, n=200, m=1000, rep=6 | Opt=20.00 | Pred=16.00 | Gap=0.2000 | Hamming=4 | Exact=0
K=5, n=200, m=1000, rep=7 | Opt=26.00 | Pred=23.00 | Gap=0.1154 | Hamming=4 | Exact=0
K=5, n=200, m=1000, rep=8 | Opt=18.00 | Pred=16.00 | Gap=0.1111 | Hamming=6 | Exact=0
K=5, n=200, m=1000, rep=9 | Opt=34.00 | Pred=28.00 | Gap=0.1765 | Hamming=6 | Exact=0
K=5, n=200, m=1000, rep=10 | Opt=27.00 | Pred=25.00 | Gap=0.0741 | Hamming=6 | Exact=0
K=5, n=200, m=1000, rep=11 | Opt=36.00 | Pred=35.00 | Gap=0.0278 | Hamming=4 | Exact=0
K=5, n=200, m=1000, rep=12 | Opt=21.00 | Pred=19.00 | Gap=0.0952 | Hamming=4 | Exact=0
K=5, n=200, m=1000, rep=13 | Opt=22.00 | Pred=15.00 | Gap=0.3182 | Hamming=6 | Exact=0
K=5, n=200, m=1000, rep=14 | Opt=19.00 | Pred=12.00 | Gap=0.3684 | Hamming=6 | Exact=0
K=5, n=200, m=1000, rep=15 | Opt=13.00 | Pred=13.00 | Gap=0.0000 | Hamming=4 | Exact=0
K=5, n=200, m=1000, rep=16 | Opt=22.00 | Pred=17.00 | Gap=0.2273 | Hamming=2 | Exact=0
K=5, n=200, m=1000, rep=17 | Opt=24.00 | Pred=18.00 | Gap=0.2500 | Hamming=6 | Exact=0
K=5, n=200, m=1000, rep=18 | Opt=23.00 | Pred=16.00 | Gap=0.3043 | Hamming=8 | Exact=0
K=5, n=200, m=1000, rep=19 | Opt=34.00 | Pred=25.00 | Gap=0.2647 | Hamming=4 | Exact=0
K=5, n=200, m=1200, rep=0 | Opt=30.00 | Pred=25.00 | Gap=0.1667 | Hamming=6 | Exact=0
K=5, n=200, m=1200, rep=1 | Opt=21.00 | Pred=16.00 | Gap=0.2381 | Hamming=4 | Exact=0
K=5, n=200, m=1200, rep=2 | Opt=11.00 | Pred=11.00 | Gap=0.0000 | Hamming=4 | Exact=0
K=5, n=200, m=1200, rep=3 | Opt=17.00 | Pred=13.00 | Gap=0.2353 | Hamming=4 | Exact=0
K=5, n=200, m=1200, rep=4 | Opt=19.00 | Pred=17.00 | Gap=0.1053 | Hamming=6 | Exact=0
K=5, n=200, m=1200, rep=5 | Opt=19.00 | Pred=16.00 | Gap=0.1579 | Hamming=4 | Exact=0
K=5, n=200, m=1200, rep=6 | Opt=29.00 | Pred=29.00 | Gap=0.0000 | Hamming=0 | Exact=1
K=5, n=200, m=1200, rep=7 | Opt=23.00 | Pred=18.00 | Gap=0.2174 | Hamming=8 | Exact=0
K=5, n=200, m=1200, rep=8 | Opt=23.00 | Pred=17.00 | Gap=0.2609 | Hamming=2 | Exact=0
K=5, n=200, m=1200, rep=9 | Opt=23.00 | Pred=15.00 | Gap=0.3478 | Hamming=6 | Exact=0
K=5, n=200, m=1200, rep=10 | Opt=18.00 | Pred=14.00 | Gap=0.2222 | Hamming=6 | Exact=0
K=5, n=200, m=1200, rep=11 | Opt=18.00 | Pred=15.00 | Gap=0.1667 | Hamming=4 | Exact=0
K=5, n=200, m=1200, rep=12 | Opt=22.00 | Pred=20.00 | Gap=0.0909 | Hamming=4 | Exact=0
K=5, n=200, m=1200, rep=13 | Opt=22.00 | Pred=21.00 | Gap=0.0455 | Hamming=2 | Exact=0
K=5, n=200, m=1200, rep=14 | Opt=22.00 | Pred=16.00 | Gap=0.2727 | Hamming=8 | Exact=0
K=5, n=200, m=1200, rep=15 | Opt=23.00 | Pred=21.00 | Gap=0.0870 | Hamming=5 | Exact=0
K=5, n=200, m=1200, rep=16 | Opt=24.00 | Pred=21.00 | Gap=0.1250 | Hamming=6 | Exact=0
K=5, n=200, m=1200, rep=17 | Opt=18.00 | Pred=15.00 | Gap=0.1667 | Hamming=6 | Exact=0
K=5, n=200, m=1200, rep=18 | Opt=21.00 | Pred=18.00 | Gap=0.1429 | Hamming=2 | Exact=0
K=5, n=200, m=1200, rep=19 | Opt=5.00 | Pred=5.00 | Gap=0.0000 | Hamming=4 | Exact=0
K=5, n=200, m=1600, rep=0 | Opt=13.00 | Pred=9.00 | Gap=0.3077 | Hamming=4 | Exact=0
K=5, n=200, m=1600, rep=1 | Opt=17.00 | Pred=16.00 | Gap=0.0588 | Hamming=4 | Exact=0
K=5, n=200, m=1600, rep=2 | Opt=15.00 | Pred=12.00 | Gap=0.2000 | Hamming=8 | Exact=0
K=5, n=200, m=1600, rep=3 | Opt=14.00 | Pred=13.00 | Gap=0.0714 | Hamming=2 | Exact=0
K=5, n=200, m=1600, rep=4 | Opt=10.00 | Pred=8.00 | Gap=0.2000 | Hamming=3 | Exact=0
K=5, n=200, m=1600, rep=5 | Opt=19.00 | Pred=14.00 | Gap=0.2632 | Hamming=4 | Exact=0
K=5, n=200, m=1600, rep=6 | Opt=17.00 | Pred=14.00 | Gap=0.1765 | Hamming=2 | Exact=0
K=5, n=200, m=1600, rep=7 | Opt=17.00 | Pred=15.00 | Gap=0.1176 | Hamming=4 | Exact=0
K=5, n=200, m=1600, rep=8 | Opt=23.00 | Pred=20.00 | Gap=0.1304 | Hamming=4 | Exact=0
K=5, n=200, m=1600, rep=9 | Opt=16.00 | Pred=16.00 | Gap=0.0000 | Hamming=8 | Exact=0
K=5, n=200, m=1600, rep=10 | Opt=13.00 | Pred=10.00 | Gap=0.2308 | Hamming=7 | Exact=0
K=5, n=200, m=1600, rep=11 | Opt=18.00 | Pred=16.00 | Gap=0.1111 | Hamming=2 | Exact=0
K=5, n=200, m=1600, rep=12 | Opt=14.00 | Pred=14.00 | Gap=0.0000 | Hamming=4 | Exact=0
K=5, n=200, m=1600, rep=13 | Opt=14.00 | Pred=12.00 | Gap=0.1429 | Hamming=6 | Exact=0
K=5, n=200, m=1600, rep=14 | Opt=14.00 | Pred=12.00 | Gap=0.1429 | Hamming=8 | Exact=0
K=5, n=200, m=1600, rep=15 | Opt=17.00 | Pred=16.00 | Gap=0.0588 | Hamming=4 | Exact=0
K=5, n=200, m=1600, rep=16 | Opt=14.00 | Pred=8.00 | Gap=0.4286 | Hamming=6 | Exact=0
K=5, n=200, m=1600, rep=17 | Opt=20.00 | Pred=19.00 | Gap=0.0500 | Hamming=6 | Exact=0
K=5, n=200, m=1600, rep=18 | Opt=15.00 | Pred=13.00 | Gap=0.1333 | Hamming=6 | Exact=0
K=5, n=200, m=1600, rep=19 | Opt=8.00 | Pred=8.00 | Gap=0.0000 | Hamming=4 | Exact=0
K=5, n=400, m=800, rep=0 | Opt=73.00 | Pred=56.00 | Gap=0.2329 | Hamming=6 | Exact=0
K=5, n=400, m=800, rep=1 | Opt=50.00 | Pred=43.00 | Gap=0.1400 | Hamming=6 | Exact=0
K=5, n=400, m=800, rep=2 | Opt=75.00 | Pred=59.00 | Gap=0.2133 | Hamming=8 | Exact=0
K=5, n=400, m=800, rep=3 | Opt=56.00 | Pred=49.00 | Gap=0.1250 | Hamming=8 | Exact=0
K=5, n=400, m=800, rep=4 | Opt=85.00 | Pred=74.00 | Gap=0.1294 | Hamming=6 | Exact=0
K=5, n=400, m=800, rep=5 | Opt=75.00 | Pred=64.00 | Gap=0.1467 | Hamming=6 | Exact=0
K=5, n=400, m=800, rep=6 | Opt=57.00 | Pred=39.00 | Gap=0.3158 | Hamming=6 | Exact=0
K=5, n=400, m=800, rep=7 | Opt=79.00 | Pred=56.00 | Gap=0.2911 | Hamming=8 | Exact=0
K=5, n=400, m=800, rep=8 | Opt=48.00 | Pred=34.00 | Gap=0.2917 | Hamming=6 | Exact=0
K=5, n=400, m=800, rep=9 | Opt=44.00 | Pred=35.00 | Gap=0.2045 | Hamming=5 | Exact=0
K=5, n=400, m=800, rep=10 | Opt=66.00 | Pred=50.00 | Gap=0.2424 | Hamming=8 | Exact=0
K=5, n=400, m=800, rep=11 | Opt=74.00 | Pred=53.00 | Gap=0.2838 | Hamming=6 | Exact=0
K=5, n=400, m=800, rep=12 | Opt=44.00 | Pred=40.00 | Gap=0.0909 | Hamming=4 | Exact=0
K=5, n=400, m=800, rep=13 | Opt=57.00 | Pred=47.00 | Gap=0.1754 | Hamming=10 | Exact=0
K=5, n=400, m=800, rep=14 | Opt=73.00 | Pred=55.00 | Gap=0.2466 | Hamming=8 | Exact=0
K=5, n=400, m=800, rep=15 | Opt=92.00 | Pred=72.00 | Gap=0.2174 | Hamming=6 | Exact=0
K=5, n=400, m=800, rep=16 | Opt=71.00 | Pred=56.00 | Gap=0.2113 | Hamming=6 | Exact=0
K=5, n=400, m=800, rep=17 | Opt=71.00 | Pred=59.00 | Gap=0.1690 | Hamming=6 | Exact=0
K=5, n=400, m=800, rep=18 | Opt=118.00 | Pred=96.00 | Gap=0.1864 | Hamming=6 | Exact=0
K=5, n=400, m=800, rep=19 | Opt=64.00 | Pred=53.00 | Gap=0.1719 | Hamming=10 | Exact=0
K=5, n=400, m=1000, rep=0 | Opt=50.00 | Pred=43.00 | Gap=0.1400 | Hamming=6 | Exact=0
K=5, n=400, m=1000, rep=1 | Opt=38.00 | Pred=35.00 | Gap=0.0789 | Hamming=4 | Exact=0
K=5, n=400, m=1000, rep=2 | Opt=48.00 | Pred=37.00 | Gap=0.2292 | Hamming=6 | Exact=0
K=5, n=400, m=1000, rep=3 | Opt=50.00 | Pred=37.00 | Gap=0.2600 | Hamming=8 | Exact=0
K=5, n=400, m=1000, rep=4 | Opt=40.00 | Pred=36.00 | Gap=0.1000 | Hamming=6 | Exact=0
K=5, n=400, m=1000, rep=5 | Opt=36.00 | Pred=30.00 | Gap=0.1667 | Hamming=4 | Exact=0
K=5, n=400, m=1000, rep=6 | Opt=51.00 | Pred=46.00 | Gap=0.0980 | Hamming=2 | Exact=0
K=5, n=400, m=1000, rep=7 | Opt=47.00 | Pred=38.00 | Gap=0.1915 | Hamming=6 | Exact=0
K=5, n=400, m=1000, rep=8 | Opt=52.00 | Pred=41.00 | Gap=0.2115 | Hamming=10 | Exact=0
K=5, n=400, m=1000, rep=9 | Opt=34.00 | Pred=34.00 | Gap=0.0000 | Hamming=4 | Exact=0
K=5, n=400, m=1000, rep=10 | Opt=46.00 | Pred=37.00 | Gap=0.1957 | Hamming=4 | Exact=0
K=5, n=400, m=1000, rep=11 | Opt=26.00 | Pred=18.00 | Gap=0.3077 | Hamming=5 | Exact=0
K=5, n=400, m=1000, rep=12 | Opt=53.00 | Pred=42.00 | Gap=0.2075 | Hamming=4 | Exact=0
K=5, n=400, m=1000, rep=13 | Opt=53.00 | Pred=41.00 | Gap=0.2264 | Hamming=6 | Exact=0
K=5, n=400, m=1000, rep=14 | Opt=62.00 | Pred=61.00 | Gap=0.0161 | Hamming=4 | Exact=0
K=5, n=400, m=1000, rep=15 | Opt=40.00 | Pred=30.00 | Gap=0.2500 | Hamming=4 | Exact=0
K=5, n=400, m=1000, rep=16 | Opt=59.00 | Pred=47.00 | Gap=0.2034 | Hamming=6 | Exact=0
K=5, n=400, m=1000, rep=17 | Opt=50.00 | Pred=26.00 | Gap=0.4800 | Hamming=8 | Exact=0
K=5, n=400, m=1000, rep=18 | Opt=45.00 | Pred=40.00 | Gap=0.1111 | Hamming=4 | Exact=0
K=5, n=400, m=1000, rep=19 | Opt=50.00 | Pred=45.00 | Gap=0.1000 | Hamming=4 | Exact=0
K=5, n=400, m=1200, rep=0 | Opt=35.00 | Pred=29.00 | Gap=0.1714 | Hamming=6 | Exact=0
K=5, n=400, m=1200, rep=1 | Opt=58.00 | Pred=43.00 | Gap=0.2586 | Hamming=8 | Exact=0
K=5, n=400, m=1200, rep=2 | Opt=41.00 | Pred=37.00 | Gap=0.0976 | Hamming=6 | Exact=0
K=5, n=400, m=1200, rep=3 | Opt=47.00 | Pred=34.00 | Gap=0.2766 | Hamming=6 | Exact=0
K=5, n=400, m=1200, rep=4 | Opt=36.00 | Pred=28.00 | Gap=0.2222 | Hamming=6 | Exact=0
K=5, n=400, m=1200, rep=5 | Opt=46.00 | Pred=39.00 | Gap=0.1522 | Hamming=8 | Exact=0
K=5, n=400, m=1200, rep=6 | Opt=32.00 | Pred=27.00 | Gap=0.1563 | Hamming=6 | Exact=0
K=5, n=400, m=1200, rep=7 | Opt=31.00 | Pred=27.00 | Gap=0.1290 | Hamming=6 | Exact=0
K=5, n=400, m=1200, rep=8 | Opt=32.00 | Pred=26.00 | Gap=0.1875 | Hamming=6 | Exact=0
K=5, n=400, m=1200, rep=9 | Opt=44.00 | Pred=40.00 | Gap=0.0909 | Hamming=6 | Exact=0
K=5, n=400, m=1200, rep=10 | Opt=40.00 | Pred=30.00 | Gap=0.2500 | Hamming=7 | Exact=0
K=5, n=400, m=1200, rep=11 | Opt=45.00 | Pred=43.00 | Gap=0.0444 | Hamming=6 | Exact=0
K=5, n=400, m=1200, rep=12 | Opt=58.00 | Pred=47.00 | Gap=0.1897 | Hamming=4 | Exact=0
K=5, n=400, m=1200, rep=13 | Opt=44.00 | Pred=35.00 | Gap=0.2045 | Hamming=6 | Exact=0
K=5, n=400, m=1200, rep=14 | Opt=34.00 | Pred=21.00 | Gap=0.3824 | Hamming=6 | Exact=0
K=5, n=400, m=1200, rep=15 | Opt=35.00 | Pred=30.00 | Gap=0.1429 | Hamming=5 | Exact=0
K=5, n=400, m=1200, rep=16 | Opt=54.00 | Pred=40.00 | Gap=0.2593 | Hamming=6 | Exact=0
K=5, n=400, m=1200, rep=17 | Opt=46.00 | Pred=40.00 | Gap=0.1304 | Hamming=4 | Exact=0
K=5, n=400, m=1200, rep=18 | Opt=56.00 | Pred=36.00 | Gap=0.3571 | Hamming=8 | Exact=0
K=5, n=400, m=1200, rep=19 | Opt=33.00 | Pred=21.00 | Gap=0.3636 | Hamming=6 | Exact=0
K=5, n=400, m=1600, rep=0 | Opt=38.00 | Pred=32.00 | Gap=0.1579 | Hamming=6 | Exact=0
K=5, n=400, m=1600, rep=1 | Opt=34.00 | Pred=30.00 | Gap=0.1176 | Hamming=2 | Exact=0
K=5, n=400, m=1600, rep=2 | Opt=28.00 | Pred=24.00 | Gap=0.1429 | Hamming=8 | Exact=0
K=5, n=400, m=1600, rep=3 | Opt=24.00 | Pred=21.00 | Gap=0.1250 | Hamming=4 | Exact=0
K=5, n=400, m=1600, rep=4 | Opt=24.00 | Pred=20.00 | Gap=0.1667 | Hamming=8 | Exact=0
K=5, n=400, m=1600, rep=5 | Opt=32.00 | Pred=32.00 | Gap=0.0000 | Hamming=2 | Exact=0
K=5, n=400, m=1600, rep=6 | Opt=34.00 | Pred=34.00 | Gap=0.0000 | Hamming=0 | Exact=1
K=5, n=400, m=1600, rep=7 | Opt=28.00 | Pred=27.00 | Gap=0.0357 | Hamming=4 | Exact=0
K=5, n=400, m=1600, rep=8 | Opt=25.00 | Pred=17.00 | Gap=0.3200 | Hamming=10 | Exact=0
K=5, n=400, m=1600, rep=9 | Opt=22.00 | Pred=22.00 | Gap=0.0000 | Hamming=3 | Exact=0
K=5, n=400, m=1600, rep=10 | Opt=31.00 | Pred=27.00 | Gap=0.1290 | Hamming=8 | Exact=0
K=5, n=400, m=1600, rep=11 | Opt=40.00 | Pred=34.00 | Gap=0.1500 | Hamming=4 | Exact=0
K=5, n=400, m=1600, rep=12 | Opt=26.00 | Pred=26.00 | Gap=0.0000 | Hamming=0 | Exact=1
K=5, n=400, m=1600, rep=13 | Opt=31.00 | Pred=23.00 | Gap=0.2581 | Hamming=10 | Exact=0
K=5, n=400, m=1600, rep=14 | Opt=28.00 | Pred=22.00 | Gap=0.2143 | Hamming=6 | Exact=0
K=5, n=400, m=1600, rep=15 | Opt=33.00 | Pred=24.00 | Gap=0.2727 | Hamming=4 | Exact=0
K=5, n=400, m=1600, rep=16 | Opt=35.00 | Pred=30.00 | Gap=0.1429 | Hamming=4 | Exact=0
K=5, n=400, m=1600, rep=17 | Opt=26.00 | Pred=18.00 | Gap=0.3077 | Hamming=4 | Exact=0
K=5, n=400, m=1600, rep=18 | Opt=30.00 | Pred=29.00 | Gap=0.0333 | Hamming=6 | Exact=0
K=5, n=400, m=1600, rep=19 | Opt=28.00 | Pred=27.00 | Gap=0.0357 | Hamming=8 | Exact=0
K=5, n=400, m=2000, rep=0 | Opt=23.00 | Pred=21.00 | Gap=0.0870 | Hamming=4 | Exact=0
K=5, n=400, m=2000, rep=1 | Opt=28.00 | Pred=18.00 | Gap=0.3571 | Hamming=6 | Exact=0
K=5, n=400, m=2000, rep=2 | Opt=24.00 | Pred=21.00 | Gap=0.1250 | Hamming=6 | Exact=0
K=5, n=400, m=2000, rep=3 | Opt=28.00 | Pred=25.00 | Gap=0.1071 | Hamming=4 | Exact=0
K=5, n=400, m=2000, rep=4 | Opt=22.00 | Pred=19.00 | Gap=0.1364 | Hamming=6 | Exact=0
K=5, n=400, m=2000, rep=5 | Opt=25.00 | Pred=21.00 | Gap=0.1600 | Hamming=6 | Exact=0
K=5, n=400, m=2000, rep=6 | Opt=12.00 | Pred=12.00 | Gap=0.0000 | Hamming=4 | Exact=0
K=5, n=400, m=2000, rep=7 | Opt=18.00 | Pred=15.00 | Gap=0.1667 | Hamming=4 | Exact=0
K=5, n=400, m=2000, rep=8 | Opt=22.00 | Pred=19.00 | Gap=0.1364 | Hamming=8 | Exact=0
K=5, n=400, m=2000, rep=9 | Opt=21.00 | Pred=20.00 | Gap=0.0476 | Hamming=4 | Exact=0
K=5, n=400, m=2000, rep=10 | Opt=26.00 | Pred=24.00 | Gap=0.0769 | Hamming=4 | Exact=0
K=5, n=400, m=2000, rep=11 | Opt=10.00 | Pred=10.00 | Gap=0.0000 | Hamming=4 | Exact=0
K=5, n=400, m=2000, rep=12 | Opt=26.00 | Pred=18.00 | Gap=0.3077 | Hamming=3 | Exact=0
K=5, n=400, m=2000, rep=13 | Opt=33.00 | Pred=27.00 | Gap=0.1818 | Hamming=6 | Exact=0
K=5, n=400, m=2000, rep=14 | Opt=27.00 | Pred=25.00 | Gap=0.0741 | Hamming=6 | Exact=0
K=5, n=400, m=2000, rep=15 | Opt=28.00 | Pred=26.00 | Gap=0.0714 | Hamming=6 | Exact=0
K=5, n=400, m=2000, rep=16 | Opt=26.00 | Pred=23.00 | Gap=0.1154 | Hamming=4 | Exact=0
K=5, n=400, m=2000, rep=17 | Opt=34.00 | Pred=34.00 | Gap=0.0000 | Hamming=2 | Exact=0
K=5, n=400, m=2000, rep=18 | Opt=31.00 | Pred=30.00 | Gap=0.0323 | Hamming=6 | Exact=0
K=5, n=400, m=2000, rep=19 | Opt=24.00 | Pred=23.00 | Gap=0.0417 | Hamming=3 | Exact=0
K=5, n=400, m=2400, rep=0 | Opt=29.00 | Pred=22.00 | Gap=0.2414 | Hamming=8 | Exact=0
K=5, n=400, m=2400, rep=1 | Opt=21.00 | Pred=21.00 | Gap=0.0000 | Hamming=6 | Exact=0
K=5, n=400, m=2400, rep=2 | Opt=21.00 | Pred=21.00 | Gap=0.0000 | Hamming=4 | Exact=0
K=5, n=400, m=2400, rep=3 | Opt=21.00 | Pred=18.00 | Gap=0.1429 | Hamming=5 | Exact=0
K=5, n=400, m=2400, rep=4 | Opt=18.00 | Pred=15.00 | Gap=0.1667 | Hamming=6 | Exact=0
K=5, n=400, m=2400, rep=5 | Opt=27.00 | Pred=25.00 | Gap=0.0741 | Hamming=2 | Exact=0
K=5, n=400, m=2400, rep=6 | Opt=22.00 | Pred=21.00 | Gap=0.0455 | Hamming=5 | Exact=0
K=5, n=400, m=2400, rep=7 | Opt=26.00 | Pred=22.00 | Gap=0.1538 | Hamming=6 | Exact=0
K=5, n=400, m=2400, rep=8 | Opt=26.00 | Pred=19.00 | Gap=0.2692 | Hamming=2 | Exact=0
K=5, n=400, m=2400, rep=9 | Opt=21.00 | Pred=15.00 | Gap=0.2857 | Hamming=4 | Exact=0
K=5, n=400, m=2400, rep=10 | Opt=21.00 | Pred=15.00 | Gap=0.2857 | Hamming=6 | Exact=0
K=5, n=400, m=2400, rep=11 | Opt=26.00 | Pred=24.00 | Gap=0.0769 | Hamming=4 | Exact=0
K=5, n=400, m=2400, rep=12 | Opt=22.00 | Pred=17.00 | Gap=0.2273 | Hamming=6 | Exact=0
K=5, n=400, m=2400, rep=13 | Opt=22.00 | Pred=22.00 | Gap=0.0000 | Hamming=4 | Exact=0
K=5, n=400, m=2400, rep=14 | Opt=27.00 | Pred=25.00 | Gap=0.0741 | Hamming=4 | Exact=0
K=5, n=400, m=2400, rep=15 | Opt=25.00 | Pred=23.00 | Gap=0.0800 | Hamming=4 | Exact=0
K=5, n=400, m=2400, rep=16 | Opt=19.00 | Pred=15.00 | Gap=0.2105 | Hamming=8 | Exact=0
K=5, n=400, m=2400, rep=17 | Opt=24.00 | Pred=21.00 | Gap=0.1250 | Hamming=4 | Exact=0
K=5, n=400, m=2400, rep=18 | Opt=20.00 | Pred=16.00 | Gap=0.2000 | Hamming=6 | Exact=0
K=5, n=400, m=2400, rep=19 | Opt=20.00 | Pred=18.00 | Gap=0.1000 | Hamming=4 | Exact=0
K=5, n=400, m=3200, rep=0 | Opt=19.00 | Pred=17.00 | Gap=0.1053 | Hamming=2 | Exact=0
K=5, n=400, m=3200, rep=1 | Opt=16.00 | Pred=13.00 | Gap=0.1875 | Hamming=4 | Exact=0
K=5, n=400, m=3200, rep=2 | Opt=18.00 | Pred=11.00 | Gap=0.3889 | Hamming=6 | Exact=0
K=5, n=400, m=3200, rep=3 | Opt=15.00 | Pred=11.00 | Gap=0.2667 | Hamming=2 | Exact=0
K=5, n=400, m=3200, rep=4 | Opt=18.00 | Pred=9.00 | Gap=0.5000 | Hamming=8 | Exact=0
K=5, n=400, m=3200, rep=5 | Opt=19.00 | Pred=17.00 | Gap=0.1053 | Hamming=6 | Exact=0
K=5, n=400, m=3200, rep=6 | Opt=20.00 | Pred=16.00 | Gap=0.2000 | Hamming=8 | Exact=0
K=5, n=400, m=3200, rep=7 | Opt=21.00 | Pred=18.00 | Gap=0.1429 | Hamming=6 | Exact=0
K=5, n=400, m=3200, rep=8 | Opt=15.00 | Pred=12.00 | Gap=0.2000 | Hamming=6 | Exact=0
K=5, n=400, m=3200, rep=9 | Opt=23.00 | Pred=20.00 | Gap=0.1304 | Hamming=6 | Exact=0
K=5, n=400, m=3200, rep=10 | Opt=26.00 | Pred=22.00 | Gap=0.1538 | Hamming=6 | Exact=0
K=5, n=400, m=3200, rep=11 | Opt=22.00 | Pred=19.00 | Gap=0.1364 | Hamming=6 | Exact=0
K=5, n=400, m=3200, rep=12 | Opt=15.00 | Pred=14.00 | Gap=0.0667 | Hamming=4 | Exact=0
K=5, n=400, m=3200, rep=13 | Opt=15.00 | Pred=12.00 | Gap=0.2000 | Hamming=4 | Exact=0
K=5, n=400, m=3200, rep=14 | Opt=22.00 | Pred=22.00 | Gap=0.0000 | Hamming=2 | Exact=0
K=5, n=400, m=3200, rep=15 | Opt=16.00 | Pred=13.00 | Gap=0.1875 | Hamming=2 | Exact=0
K=5, n=400, m=3200, rep=16 | Opt=23.00 | Pred=22.00 | Gap=0.0435 | Hamming=2 | Exact=0
K=5, n=400, m=3200, rep=17 | Opt=21.00 | Pred=16.00 | Gap=0.2381 | Hamming=2 | Exact=0
K=5, n=400, m=3200, rep=18 | Opt=20.00 | Pred=14.00 | Gap=0.3000 | Hamming=6 | Exact=0
K=5, n=400, m=3200, rep=19 | Opt=20.00 | Pred=19.00 | Gap=0.0500 | Hamming=4 | Exact=0
K=5, n=600, m=1200, rep=0 | Opt=51.00 | Pred=35.00 | Gap=0.3137 | Hamming=10 | Exact=0
K=5, n=600, m=1200, rep=1 | Opt=65.00 | Pred=52.00 | Gap=0.2000 | Hamming=8 | Exact=0
K=5, n=600, m=1200, rep=2 | Opt=62.00 | Pred=55.00 | Gap=0.1129 | Hamming=4 | Exact=0
K=5, n=600, m=1200, rep=3 | Opt=59.00 | Pred=54.00 | Gap=0.0847 | Hamming=4 | Exact=0
K=5, n=600, m=1200, rep=4 | Opt=59.00 | Pred=42.00 | Gap=0.2881 | Hamming=6 | Exact=0
K=5, n=600, m=1200, rep=5 | Opt=27.00 | Pred=27.00 | Gap=0.0000 | Hamming=3 | Exact=0
K=5, n=600, m=1200, rep=6 | Opt=64.00 | Pred=55.00 | Gap=0.1406 | Hamming=6 | Exact=0
K=5, n=600, m=1200, rep=7 | Opt=62.00 | Pred=56.00 | Gap=0.0968 | Hamming=6 | Exact=0
K=5, n=600, m=1200, rep=8 | Opt=71.00 | Pred=61.00 | Gap=0.1408 | Hamming=6 | Exact=0
K=5, n=600, m=1200, rep=9 | Opt=67.00 | Pred=60.00 | Gap=0.1045 | Hamming=6 | Exact=0
K=5, n=600, m=1200, rep=10 | Opt=57.00 | Pred=51.00 | Gap=0.1053 | Hamming=8 | Exact=0
K=5, n=600, m=1200, rep=11 | Opt=67.00 | Pred=50.00 | Gap=0.2537 | Hamming=6 | Exact=0
K=5, n=600, m=1200, rep=12 | Opt=25.00 | Pred=22.00 | Gap=0.1200 | Hamming=5 | Exact=0
K=5, n=600, m=1200, rep=13 | Opt=46.00 | Pred=38.00 | Gap=0.1739 | Hamming=4 | Exact=0
K=5, n=600, m=1200, rep=14 | Opt=92.00 | Pred=78.00 | Gap=0.1522 | Hamming=6 | Exact=0
K=5, n=600, m=1200, rep=15 | Opt=76.00 | Pred=67.00 | Gap=0.1184 | Hamming=4 | Exact=0
K=5, n=600, m=1200, rep=16 | Opt=60.00 | Pred=41.00 | Gap=0.3167 | Hamming=6 | Exact=0
K=5, n=600, m=1200, rep=17 | Opt=42.00 | Pred=33.00 | Gap=0.2143 | Hamming=6 | Exact=0
K=5, n=600, m=1200, rep=18 | Opt=65.00 | Pred=61.00 | Gap=0.0615 | Hamming=6 | Exact=0
K=5, n=600, m=1200, rep=19 | Opt=74.00 | Pred=63.00 | Gap=0.1486 | Hamming=8 | Exact=0
K=5, n=600, m=1500, rep=0 | Opt=53.00 | Pred=43.00 | Gap=0.1887 | Hamming=4 | Exact=0
K=5, n=600, m=1500, rep=1 | Opt=53.00 | Pred=49.00 | Gap=0.0755 | Hamming=6 | Exact=0
K=5, n=600, m=1500, rep=2 | Opt=60.00 | Pred=49.00 | Gap=0.1833 | Hamming=8 | Exact=0
K=5, n=600, m=1500, rep=3 | Opt=51.00 | Pred=37.00 | Gap=0.2745 | Hamming=8 | Exact=0
K=5, n=600, m=1500, rep=4 | Opt=43.00 | Pred=39.00 | Gap=0.0930 | Hamming=4 | Exact=0
K=5, n=600, m=1500, rep=5 | Opt=76.00 | Pred=61.00 | Gap=0.1974 | Hamming=6 | Exact=0
K=5, n=600, m=1500, rep=6 | Opt=72.00 | Pred=59.00 | Gap=0.1806 | Hamming=8 | Exact=0
K=5, n=600, m=1500, rep=7 | Opt=42.00 | Pred=34.00 | Gap=0.1905 | Hamming=6 | Exact=0
K=5, n=600, m=1500, rep=8 | Opt=52.00 | Pred=43.00 | Gap=0.1731 | Hamming=6 | Exact=0
K=5, n=600, m=1500, rep=9 | Opt=51.00 | Pred=47.00 | Gap=0.0784 | Hamming=6 | Exact=0
K=5, n=600, m=1500, rep=10 | Opt=80.00 | Pred=69.00 | Gap=0.1375 | Hamming=6 | Exact=0
K=5, n=600, m=1500, rep=11 | Opt=39.00 | Pred=24.00 | Gap=0.3846 | Hamming=6 | Exact=0
K=5, n=600, m=1500, rep=12 | Opt=53.00 | Pred=47.00 | Gap=0.1132 | Hamming=6 | Exact=0
K=5, n=600, m=1500, rep=13 | Opt=77.00 | Pred=56.00 | Gap=0.2727 | Hamming=8 | Exact=0
K=5, n=600, m=1500, rep=14 | Opt=78.00 | Pred=61.00 | Gap=0.2179 | Hamming=6 | Exact=0
K=5, n=600, m=1500, rep=15 | Opt=33.00 | Pred=18.00 | Gap=0.4545 | Hamming=8 | Exact=0
K=5, n=600, m=1500, rep=16 | Opt=47.00 | Pred=44.00 | Gap=0.0638 | Hamming=6 | Exact=0
K=5, n=600, m=1500, rep=17 | Opt=41.00 | Pred=33.00 | Gap=0.1951 | Hamming=8 | Exact=0
K=5, n=600, m=1500, rep=18 | Opt=51.00 | Pred=43.00 | Gap=0.1569 | Hamming=6 | Exact=0
K=5, n=600, m=1500, rep=19 | Opt=46.00 | Pred=36.00 | Gap=0.2174 | Hamming=6 | Exact=0
K=5, n=600, m=1800, rep=0 | Opt=11.00 | Pred=11.00 | Gap=0.0000 | Hamming=3 | Exact=0
K=5, n=600, m=1800, rep=1 | Opt=40.00 | Pred=31.00 | Gap=0.2250 | Hamming=6 | Exact=0
K=5, n=600, m=1800, rep=2 | Opt=57.00 | Pred=53.00 | Gap=0.0702 | Hamming=4 | Exact=0
K=5, n=600, m=1800, rep=3 | Opt=40.00 | Pred=39.00 | Gap=0.0250 | Hamming=6 | Exact=0
K=5, n=600, m=1800, rep=4 | Opt=40.00 | Pred=34.00 | Gap=0.1500 | Hamming=6 | Exact=0
K=5, n=600, m=1800, rep=5 | Opt=62.00 | Pred=47.00 | Gap=0.2419 | Hamming=6 | Exact=0
K=5, n=600, m=1800, rep=6 | Opt=53.00 | Pred=45.00 | Gap=0.1509 | Hamming=4 | Exact=0
K=5, n=600, m=1800, rep=7 | Opt=49.00 | Pred=39.00 | Gap=0.2041 | Hamming=6 | Exact=0
K=5, n=600, m=1800, rep=8 | Opt=41.00 | Pred=38.00 | Gap=0.0732 | Hamming=4 | Exact=0
K=5, n=600, m=1800, rep=9 | Opt=42.00 | Pred=30.00 | Gap=0.2857 | Hamming=8 | Exact=0
K=5, n=600, m=1800, rep=10 | Opt=26.00 | Pred=20.00 | Gap=0.2308 | Hamming=5 | Exact=0
K=5, n=600, m=1800, rep=11 | Opt=40.00 | Pred=33.00 | Gap=0.1750 | Hamming=6 | Exact=0
K=5, n=600, m=1800, rep=12 | Opt=27.00 | Pred=23.00 | Gap=0.1481 | Hamming=6 | Exact=0
K=5, n=600, m=1800, rep=13 | Opt=58.00 | Pred=50.00 | Gap=0.1379 | Hamming=4 | Exact=0
K=5, n=600, m=1800, rep=14 | Opt=50.00 | Pred=46.00 | Gap=0.0800 | Hamming=4 | Exact=0
K=5, n=600, m=1800, rep=15 | Opt=38.00 | Pred=33.00 | Gap=0.1316 | Hamming=4 | Exact=0
K=5, n=600, m=1800, rep=16 | Opt=46.00 | Pred=42.00 | Gap=0.0870 | Hamming=2 | Exact=0
K=5, n=600, m=1800, rep=17 | Opt=42.00 | Pred=34.00 | Gap=0.1905 | Hamming=8 | Exact=0
K=5, n=600, m=1800, rep=18 | Opt=37.00 | Pred=33.00 | Gap=0.1081 | Hamming=6 | Exact=0
K=5, n=600, m=1800, rep=19 | Opt=34.00 | Pred=31.00 | Gap=0.0882 | Hamming=6 | Exact=0
K=5, n=600, m=2400, rep=0 | Opt=45.00 | Pred=34.00 | Gap=0.2444 | Hamming=8 | Exact=0
K=5, n=600, m=2400, rep=1 | Opt=29.00 | Pred=24.00 | Gap=0.1724 | Hamming=2 | Exact=0
K=5, n=600, m=2400, rep=2 | Opt=32.00 | Pred=28.00 | Gap=0.1250 | Hamming=8 | Exact=0
K=5, n=600, m=2400, rep=3 | Opt=23.00 | Pred=16.00 | Gap=0.3043 | Hamming=5 | Exact=0
K=5, n=600, m=2400, rep=4 | Opt=40.00 | Pred=34.00 | Gap=0.1500 | Hamming=6 | Exact=0
K=5, n=600, m=2400, rep=5 | Opt=25.00 | Pred=23.00 | Gap=0.0800 | Hamming=4 | Exact=0
K=5, n=600, m=2400, rep=6 | Opt=32.00 | Pred=24.00 | Gap=0.2500 | Hamming=6 | Exact=0
K=5, n=600, m=2400, rep=7 | Opt=33.00 | Pred=22.00 | Gap=0.3333 | Hamming=6 | Exact=0
K=5, n=600, m=2400, rep=8 | Opt=33.00 | Pred=28.00 | Gap=0.1515 | Hamming=8 | Exact=0
K=5, n=600, m=2400, rep=9 | Opt=31.00 | Pred=19.00 | Gap=0.3871 | Hamming=10 | Exact=0
K=5, n=600, m=2400, rep=10 | Opt=50.00 | Pred=40.00 | Gap=0.2000 | Hamming=8 | Exact=0
K=5, n=600, m=2400, rep=11 | Opt=40.00 | Pred=38.00 | Gap=0.0500 | Hamming=8 | Exact=0
K=5, n=600, m=2400, rep=12 | Opt=38.00 | Pred=23.00 | Gap=0.3947 | Hamming=10 | Exact=0
K=5, n=600, m=2400, rep=13 | Opt=45.00 | Pred=34.00 | Gap=0.2444 | Hamming=6 | Exact=0
K=5, n=600, m=2400, rep=14 | Opt=27.00 | Pred=23.00 | Gap=0.1481 | Hamming=8 | Exact=0
K=5, n=600, m=2400, rep=15 | Opt=25.00 | Pred=21.00 | Gap=0.1600 | Hamming=8 | Exact=0
K=5, n=600, m=2400, rep=16 | Opt=37.00 | Pred=31.00 | Gap=0.1622 | Hamming=4 | Exact=0
K=5, n=600, m=2400, rep=17 | Opt=28.00 | Pred=23.00 | Gap=0.1786 | Hamming=8 | Exact=0
K=5, n=600, m=2400, rep=18 | Opt=34.00 | Pred=23.00 | Gap=0.3235 | Hamming=10 | Exact=0
K=5, n=600, m=2400, rep=19 | Opt=26.00 | Pred=17.00 | Gap=0.3462 | Hamming=8 | Exact=0
K=5, n=600, m=3000, rep=0 | Opt=15.00 | Pred=15.00 | Gap=0.0000 | Hamming=3 | Exact=0
K=5, n=600, m=3000, rep=1 | Opt=28.00 | Pred=25.00 | Gap=0.1071 | Hamming=4 | Exact=0
K=5, n=600, m=3000, rep=2 | Opt=23.00 | Pred=21.00 | Gap=0.0870 | Hamming=4 | Exact=0
K=5, n=600, m=3000, rep=3 | Opt=39.00 | Pred=28.00 | Gap=0.2821 | Hamming=8 | Exact=0
K=5, n=600, m=3000, rep=4 | Opt=20.00 | Pred=17.00 | Gap=0.1500 | Hamming=6 | Exact=0
K=5, n=600, m=3000, rep=5 | Opt=25.00 | Pred=25.00 | Gap=0.0000 | Hamming=1 | Exact=0
K=5, n=600, m=3000, rep=6 | Opt=30.00 | Pred=28.00 | Gap=0.0667 | Hamming=5 | Exact=0
K=5, n=600, m=3000, rep=7 | Opt=32.00 | Pred=31.00 | Gap=0.0313 | Hamming=4 | Exact=0
K=5, n=600, m=3000, rep=8 | Opt=17.00 | Pred=11.00 | Gap=0.3529 | Hamming=6 | Exact=0
K=5, n=600, m=3000, rep=9 | Opt=43.00 | Pred=30.00 | Gap=0.3023 | Hamming=6 | Exact=0
K=5, n=600, m=3000, rep=10 | Opt=29.00 | Pred=25.00 | Gap=0.1379 | Hamming=4 | Exact=0
K=5, n=600, m=3000, rep=11 | Opt=30.00 | Pred=25.00 | Gap=0.1667 | Hamming=4 | Exact=0
K=5, n=600, m=3000, rep=12 | Opt=35.00 | Pred=29.00 | Gap=0.1714 | Hamming=4 | Exact=0
K=5, n=600, m=3000, rep=13 | Opt=31.00 | Pred=30.00 | Gap=0.0323 | Hamming=4 | Exact=0
K=5, n=600, m=3000, rep=14 | Opt=23.00 | Pred=21.00 | Gap=0.0870 | Hamming=4 | Exact=0
K=5, n=600, m=3000, rep=15 | Opt=21.00 | Pred=21.00 | Gap=0.0000 | Hamming=6 | Exact=0
K=5, n=600, m=3000, rep=16 | Opt=24.00 | Pred=17.00 | Gap=0.2917 | Hamming=8 | Exact=0
K=5, n=600, m=3000, rep=17 | Opt=22.00 | Pred=13.00 | Gap=0.4091 | Hamming=10 | Exact=0
K=5, n=600, m=3000, rep=18 | Opt=29.00 | Pred=26.00 | Gap=0.1034 | Hamming=2 | Exact=0
K=5, n=600, m=3000, rep=19 | Opt=26.00 | Pred=22.00 | Gap=0.1538 | Hamming=4 | Exact=0
K=5, n=600, m=3600, rep=0 | Opt=20.00 | Pred=18.00 | Gap=0.1000 | Hamming=2 | Exact=0
K=5, n=600, m=3600, rep=1 | Opt=21.00 | Pred=16.00 | Gap=0.2381 | Hamming=2 | Exact=0
K=5, n=600, m=3600, rep=2 | Opt=24.00 | Pred=17.00 | Gap=0.2917 | Hamming=4 | Exact=0
K=5, n=600, m=3600, rep=3 | Opt=19.00 | Pred=15.00 | Gap=0.2105 | Hamming=6 | Exact=0
K=5, n=600, m=3600, rep=4 | Opt=24.00 | Pred=16.00 | Gap=0.3333 | Hamming=8 | Exact=0
K=5, n=600, m=3600, rep=5 | Opt=17.00 | Pred=11.00 | Gap=0.3529 | Hamming=8 | Exact=0
K=5, n=600, m=3600, rep=6 | Opt=15.00 | Pred=8.00 | Gap=0.4667 | Hamming=6 | Exact=0
K=5, n=600, m=3600, rep=7 | Opt=33.00 | Pred=29.00 | Gap=0.1212 | Hamming=6 | Exact=0
K=5, n=600, m=3600, rep=8 | Opt=23.00 | Pred=22.00 | Gap=0.0435 | Hamming=4 | Exact=0
K=5, n=600, m=3600, rep=9 | Opt=22.00 | Pred=18.00 | Gap=0.1818 | Hamming=8 | Exact=0
K=5, n=600, m=3600, rep=10 | Opt=22.00 | Pred=17.00 | Gap=0.2273 | Hamming=8 | Exact=0
K=5, n=600, m=3600, rep=11 | Opt=23.00 | Pred=21.00 | Gap=0.0870 | Hamming=2 | Exact=0
K=5, n=600, m=3600, rep=12 | Opt=29.00 | Pred=24.00 | Gap=0.1724 | Hamming=8 | Exact=0
K=5, n=600, m=3600, rep=13 | Opt=23.00 | Pred=21.00 | Gap=0.0870 | Hamming=4 | Exact=0
K=5, n=600, m=3600, rep=14 | Opt=28.00 | Pred=19.00 | Gap=0.3214 | Hamming=7 | Exact=0
K=5, n=600, m=3600, rep=15 | Opt=22.00 | Pred=21.00 | Gap=0.0455 | Hamming=4 | Exact=0
K=5, n=600, m=3600, rep=16 | Opt=23.00 | Pred=18.00 | Gap=0.2174 | Hamming=6 | Exact=0
K=5, n=600, m=3600, rep=17 | Opt=32.00 | Pred=27.00 | Gap=0.1563 | Hamming=4 | Exact=0
K=5, n=600, m=3600, rep=18 | Opt=28.00 | Pred=25.00 | Gap=0.1071 | Hamming=6 | Exact=0
K=5, n=600, m=3600, rep=19 | Opt=20.00 | Pred=12.00 | Gap=0.4000 | Hamming=10 | Exact=0
K=5, n=600, m=4800, rep=0 | Opt=16.00 | Pred=14.00 | Gap=0.1250 | Hamming=6 | Exact=0
K=5, n=600, m=4800, rep=1 | Opt=20.00 | Pred=17.00 | Gap=0.1500 | Hamming=7 | Exact=0
K=5, n=600, m=4800, rep=2 | Opt=22.00 | Pred=17.00 | Gap=0.2273 | Hamming=8 | Exact=0
K=5, n=600, m=4800, rep=3 | Opt=21.00 | Pred=18.00 | Gap=0.1429 | Hamming=6 | Exact=0
K=5, n=600, m=4800, rep=4 | Opt=19.00 | Pred=13.00 | Gap=0.3158 | Hamming=4 | Exact=0
K=5, n=600, m=4800, rep=5 | Opt=26.00 | Pred=25.00 | Gap=0.0385 | Hamming=2 | Exact=0
K=5, n=600, m=4800, rep=6 | Opt=18.00 | Pred=15.00 | Gap=0.1667 | Hamming=10 | Exact=0
K=5, n=600, m=4800, rep=7 | Opt=20.00 | Pred=14.00 | Gap=0.3000 | Hamming=6 | Exact=0
K=5, n=600, m=4800, rep=8 | Opt=20.00 | Pred=20.00 | Gap=0.0000 | Hamming=0 | Exact=1
K=5, n=600, m=4800, rep=9 | Opt=17.00 | Pred=16.00 | Gap=0.0588 | Hamming=6 | Exact=0
K=5, n=600, m=4800, rep=10 | Opt=18.00 | Pred=13.00 | Gap=0.2778 | Hamming=6 | Exact=0
K=5, n=600, m=4800, rep=11 | Opt=16.00 | Pred=15.00 | Gap=0.0625 | Hamming=2 | Exact=0
K=5, n=600, m=4800, rep=12 | Opt=21.00 | Pred=18.00 | Gap=0.1429 | Hamming=6 | Exact=0
K=5, n=600, m=4800, rep=13 | Opt=18.00 | Pred=14.00 | Gap=0.2222 | Hamming=6 | Exact=0
K=5, n=600, m=4800, rep=14 | Opt=14.00 | Pred=10.00 | Gap=0.2857 | Hamming=4 | Exact=0
K=5, n=600, m=4800, rep=15 | Opt=18.00 | Pred=13.00 | Gap=0.2778 | Hamming=10 | Exact=0
K=5, n=600, m=4800, rep=16 | Opt=19.00 | Pred=16.00 | Gap=0.1579 | Hamming=4 | Exact=0
K=5, n=600, m=4800, rep=17 | Opt=18.00 | Pred=15.00 | Gap=0.1667 | Hamming=8 | Exact=0
K=5, n=600, m=4800, rep=18 | Opt=17.00 | Pred=14.00 | Gap=0.1765 | Hamming=10 | Exact=0
K=5, n=600, m=4800, rep=19 | Opt=16.00 | Pred=11.00 | Gap=0.3125 | Hamming=4 | Exact=0

FINAL TEST RESULTS FOR K=5
Instances evaluated: 560
Exact match rate: 0.0125
Average Hamming distance: 5.3786
Average objective gap: 0.1724
Average MIP solve time: 3.446554 seconds
Average model inference time: 0.003871 seconds

Saved results/evaluation_results_edge_transformer_shortest_path_ood_size.csv
