
Generated 20 evaluation graphs for min_cost_flow.

Generated 40 evaluation graphs for min_cost_flow.

Generated 60 evaluation graphs for min_cost_flow.

Generated 80 evaluation graphs for min_cost_flow.

Generated 100 evaluation graphs for min_cost_flow.

Generated 120 evaluation graphs for min_cost_flow.

Generated 140 evaluation graphs for min_cost_flow.

Generated 160 evaluation graphs for min_cost_flow.

Generated 180 evaluation graphs for min_cost_flow.

Generated 200 evaluation graphs for min_cost_flow.

Generated 220 evaluation graphs for min_cost_flow.

Generated 240 evaluation graphs for min_cost_flow.

Generated 260 evaluation graphs for min_cost_flow.

Generated 280 evaluation graphs for min_cost_flow.

Generated 300 evaluation graphs for min_cost_flow.

Generated 320 evaluation graphs for min_cost_flow.

Generated 340 evaluation graphs for min_cost_flow.

Generated 360 evaluation graphs for min_cost_flow.

Generated 380 evaluation graphs for min_cost_flow.

Generated 400 evaluation graphs for min_cost_flow.

Generated 420 evaluation graphs for min_cost_flow.

Generated 440 evaluation graphs for min_cost_flow.

Generated 460 evaluation graphs for min_cost_flow.

Generated 480 evaluation graphs for min_cost_flow.

Generated 500 evaluation graphs for min_cost_flow.

Generated 520 evaluation graphs for min_cost_flow.

Generated 540 evaluation graphs for min_cost_flow.

Generated 560 evaluation graphs for min_cost_flow.

Evaluating attack limit K=1
K=1, n=100, m=200, rep=0 | Opt=171.00 | Pred=150.00 | Gap=0.1228 | Hamming=2 | Exact=0
K=1, n=100, m=200, rep=1 | Opt=194.00 | Pred=166.00 | Gap=0.1443 | Hamming=2 | Exact=0
K=1, n=100, m=200, rep=2 | Opt=70.00 | Pred=68.00 | Gap=0.0286 | Hamming=2 | Exact=0
K=1, n=100, m=200, rep=3 | Opt=76.00 | Pred=58.00 | Gap=0.2368 | Hamming=2 | Exact=0
K=1, n=100, m=200, rep=4 | Opt=28.00 | Pred=28.00 | Gap=0.0000 | Hamming=0 | Exact=1
K=1, n=100, m=200, rep=5 | Opt=138.00 | Pred=119.00 | Gap=0.1377 | Hamming=2 | Exact=0
K=1, n=100, m=200, rep=6 | Opt=33.00 | Pred=23.00 | Gap=0.3030 | Hamming=2 | Exact=0
K=1, n=100, m=200, rep=7 | Opt=76.00 | Pred=76.00 | Gap=0.0000 | Hamming=0 | Exact=1
K=1, n=100, m=200, rep=8 | Opt=94.00 | Pred=78.00 | Gap=0.1702 | Hamming=2 | Exact=0
K=1, n=100, m=200, rep=9 | Opt=299.00 | Pred=249.00 | Gap=0.1672 | Hamming=2 | Exact=0
K=1, n=100, m=200, rep=10 | Opt=21.00 | Pred=21.00 | Gap=0.0000 | Hamming=0 | Exact=1
K=1, n=100, m=200, rep=11 | Opt=205.00 | Pred=205.00 | Gap=0.0000 | Hamming=0 | Exact=1
K=1, n=100, m=200, rep=12 | Opt=40.00 | Pred=37.00 | Gap=0.0750 | Hamming=2 | Exact=0
K=1, n=100, m=200, rep=13 | Opt=137.00 | Pred=137.00 | Gap=0.0000 | Hamming=0 | Exact=1
K=1, n=100, m=200, rep=14 | Opt=126.00 | Pred=126.00 | Gap=0.0000 | Hamming=0 | Exact=1
K=1, n=100, m=200, rep=15 | Opt=52.00 | Pred=43.00 | Gap=0.1731 | Hamming=2 | Exact=0
K=1, n=100, m=200, rep=16 | Opt=132.00 | Pred=114.00 | Gap=0.1364 | Hamming=2 | Exact=0
K=1, n=100, m=200, rep=17 | Opt=10.00 | Pred=10.00 | Gap=0.0000 | Hamming=0 | Exact=1
K=1, n=100, m=200, rep=18 | Opt=93.00 | Pred=91.00 | Gap=0.0215 | Hamming=2 | Exact=0
K=1, n=100, m=200, rep=19 | Opt=40.00 | Pred=36.00 | Gap=0.1000 | Hamming=2 | Exact=0
K=1, n=100, m=250, rep=0 | Opt=39.00 | Pred=39.00 | Gap=0.0000 | Hamming=0 | Exact=1
K=1, n=100, m=250, rep=1 | Opt=236.00 | Pred=204.00 | Gap=0.1356 | Hamming=2 | Exact=0
K=1, n=100, m=250, rep=2 | Opt=296.00 | Pred=296.00 | Gap=0.0000 | Hamming=0 | Exact=1
K=1, n=100, m=250, rep=3 | Opt=218.00 | Pred=186.00 | Gap=0.1468 | Hamming=2 | Exact=0
K=1, n=100, m=250, rep=4 | Opt=137.00 | Pred=135.00 | Gap=0.0146 | Hamming=2 | Exact=0
K=1, n=100, m=250, rep=5 | Opt=78.00 | Pred=66.00 | Gap=0.1538 | Hamming=2 | Exact=0
K=1, n=100, m=250, rep=6 | Opt=348.00 | Pred=348.00 | Gap=0.0000 | Hamming=0 | Exact=1
K=1, n=100, m=250, rep=7 | Opt=173.00 | Pred=173.00 | Gap=0.0000 | Hamming=0 | Exact=1
K=1, n=100, m=250, rep=8 | Opt=188.00 | Pred=188.00 | Gap=0.0000 | Hamming=0 | Exact=1
K=1, n=100, m=250, rep=9 | Opt=272.00 | Pred=265.00 | Gap=0.0257 | Hamming=2 | Exact=0
K=1, n=100, m=250, rep=10 | Opt=266.00 | Pred=266.00 | Gap=0.0000 | Hamming=0 | Exact=1
K=1, n=100, m=250, rep=11 | Opt=56.00 | Pred=36.00 | Gap=0.3571 | Hamming=2 | Exact=0
K=1, n=100, m=250, rep=12 | Opt=152.00 | Pred=112.00 | Gap=0.2632 | Hamming=2 | Exact=0
K=1, n=100, m=250, rep=13 | Opt=443.00 | Pred=443.00 | Gap=0.0000 | Hamming=0 | Exact=1
K=1, n=100, m=250, rep=14 | Opt=92.00 | Pred=92.00 | Gap=0.0000 | Hamming=0 | Exact=1
K=1, n=100, m=250, rep=15 | Opt=381.00 | Pred=328.00 | Gap=0.1391 | Hamming=2 | Exact=0
K=1, n=100, m=250, rep=16 | Opt=421.00 | Pred=378.00 | Gap=0.1021 | Hamming=2 | Exact=0
K=1, n=100, m=250, rep=17 | Opt=87.00 | Pred=68.00 | Gap=0.2184 | Hamming=2 | Exact=0
K=1, n=100, m=250, rep=18 | Opt=144.00 | Pred=124.00 | Gap=0.1389 | Hamming=2 | Exact=0
K=1, n=100, m=250, rep=19 | Opt=31.00 | Pred=22.00 | Gap=0.2903 | Hamming=2 | Exact=0
K=1, n=100, m=300, rep=0 | Opt=404.00 | Pred=344.00 | Gap=0.1485 | Hamming=2 | Exact=0
K=1, n=100, m=300, rep=1 | Opt=129.00 | Pred=129.00 | Gap=0.0000 | Hamming=2 | Exact=0
K=1, n=100, m=300, rep=2 | Opt=447.00 | Pred=402.00 | Gap=0.1007 | Hamming=2 | Exact=0
K=1, n=100, m=300, rep=3 | Opt=299.00 | Pred=214.00 | Gap=0.2843 | Hamming=2 | Exact=0
K=1, n=100, m=300, rep=4 | Opt=196.00 | Pred=187.00 | Gap=0.0459 | Hamming=2 | Exact=0
K=1, n=100, m=300, rep=5 | Opt=284.00 | Pred=187.00 | Gap=0.3415 | Hamming=2 | Exact=0
K=1, n=100, m=300, rep=6 | Opt=412.00 | Pred=412.00 | Gap=0.0000 | Hamming=0 | Exact=1
K=1, n=100, m=300, rep=7 | Opt=416.00 | Pred=368.00 | Gap=0.1154 | Hamming=2 | Exact=0
K=1, n=100, m=300, rep=8 | Opt=328.00 | Pred=299.00 | Gap=0.0884 | Hamming=2 | Exact=0
K=1, n=100, m=300, rep=9 | Opt=246.00 | Pred=246.00 | Gap=0.0000 | Hamming=2 | Exact=0
K=1, n=100, m=300, rep=10 | Opt=534.00 | Pred=502.00 | Gap=0.0599 | Hamming=2 | Exact=0
K=1, n=100, m=300, rep=11 | Opt=124.00 | Pred=122.00 | Gap=0.0161 | Hamming=2 | Exact=0
K=1, n=100, m=300, rep=12 | Opt=366.00 | Pred=338.00 | Gap=0.0765 | Hamming=2 | Exact=0
K=1, n=100, m=300, rep=13 | Opt=388.00 | Pred=344.00 | Gap=0.1134 | Hamming=2 | Exact=0
K=1, n=100, m=300, rep=14 | Opt=234.00 | Pred=189.00 | Gap=0.1923 | Hamming=2 | Exact=0
K=1, n=100, m=300, rep=15 | Opt=280.00 | Pred=278.00 | Gap=0.0071 | Hamming=2 | Exact=0
K=1, n=100, m=300, rep=16 | Opt=27.00 | Pred=18.00 | Gap=0.3333 | Hamming=2 | Exact=0
K=1, n=100, m=300, rep=17 | Opt=206.00 | Pred=187.00 | Gap=0.0922 | Hamming=2 | Exact=0
K=1, n=100, m=300, rep=18 | Opt=121.00 | Pred=80.00 | Gap=0.3388 | Hamming=2 | Exact=0
K=1, n=100, m=300, rep=19 | Opt=612.00 | Pred=588.00 | Gap=0.0392 | Hamming=2 | Exact=0
K=1, n=100, m=400, rep=0 | Opt=92.00 | Pred=64.00 | Gap=0.3043 | Hamming=2 | Exact=0
K=1, n=100, m=400, rep=1 | Opt=326.00 | Pred=326.00 | Gap=0.0000 | Hamming=0 | Exact=1
K=1, n=100, m=400, rep=2 | Opt=39.00 | Pred=32.00 | Gap=0.1795 | Hamming=2 | Exact=0
K=1, n=100, m=400, rep=3 | Opt=306.00 | Pred=242.00 | Gap=0.2092 | Hamming=2 | Exact=0
K=1, n=100, m=400, rep=4 | Opt=505.00 | Pred=473.00 | Gap=0.0634 | Hamming=2 | Exact=0
K=1, n=100, m=400, rep=5 | Opt=268.00 | Pred=246.00 | Gap=0.0821 | Hamming=2 | Exact=0
K=1, n=100, m=400, rep=6 | Opt=289.00 | Pred=276.00 | Gap=0.0450 | Hamming=2 | Exact=0
K=1, n=100, m=400, rep=7 | Opt=623.00 | Pred=623.00 | Gap=0.0000 | Hamming=0 | Exact=1
K=1, n=100, m=400, rep=8 | Opt=288.00 | Pred=282.00 | Gap=0.0208 | Hamming=2 | Exact=0
K=1, n=100, m=400, rep=9 | Opt=325.00 | Pred=300.00 | Gap=0.0769 | Hamming=2 | Exact=0
K=1, n=100, m=400, rep=10 | Opt=68.00 | Pred=58.00 | Gap=0.1471 | Hamming=2 | Exact=0
K=1, n=100, m=400, rep=11 | Opt=446.00 | Pred=422.00 | Gap=0.0538 | Hamming=2 | Exact=0
K=1, n=100, m=400, rep=12 | Opt=546.00 | Pred=546.00 | Gap=0.0000 | Hamming=0 | Exact=1
K=1, n=100, m=400, rep=13 | Opt=183.00 | Pred=182.00 | Gap=0.0055 | Hamming=2 | Exact=0
K=1, n=100, m=400, rep=14 | Opt=479.00 | Pred=410.00 | Gap=0.1441 | Hamming=2 | Exact=0
K=1, n=100, m=400, rep=15 | Opt=339.00 | Pred=339.00 | Gap=0.0000 | Hamming=0 | Exact=1
K=1, n=100, m=400, rep=16 | Opt=294.00 | Pred=294.00 | Gap=0.0000 | Hamming=0 | Exact=1
K=1, n=100, m=400, rep=17 | Opt=268.00 | Pred=268.00 | Gap=0.0000 | Hamming=0 | Exact=1
K=1, n=100, m=400, rep=18 | Opt=314.00 | Pred=314.00 | Gap=0.0000 | Hamming=0 | Exact=1
K=1, n=100, m=400, rep=19 | Opt=291.00 | Pred=261.00 | Gap=0.1031 | Hamming=2 | Exact=0
K=1, n=100, m=500, rep=0 | Opt=123.00 | Pred=115.00 | Gap=0.0650 | Hamming=2 | Exact=0
K=1, n=100, m=500, rep=1 | Opt=539.00 | Pred=478.00 | Gap=0.1132 | Hamming=2 | Exact=0
K=1, n=100, m=500, rep=2 | Opt=476.00 | Pred=476.00 | Gap=0.0000 | Hamming=0 | Exact=1
K=1, n=100, m=500, rep=3 | Opt=178.00 | Pred=178.00 | Gap=0.0000 | Hamming=0 | Exact=1
K=1, n=100, m=500, rep=4 | Opt=205.00 | Pred=205.00 | Gap=0.0000 | Hamming=0 | Exact=1
K=1, n=100, m=500, rep=5 | Opt=42.00 | Pred=34.00 | Gap=0.1905 | Hamming=2 | Exact=0
K=1, n=100, m=500, rep=6 | Opt=212.00 | Pred=180.00 | Gap=0.1509 | Hamming=2 | Exact=0
K=1, n=100, m=500, rep=7 | Opt=84.00 | Pred=84.00 | Gap=0.0000 | Hamming=0 | Exact=1
K=1, n=100, m=500, rep=8 | Opt=430.00 | Pred=428.00 | Gap=0.0047 | Hamming=2 | Exact=0
K=1, n=100, m=500, rep=9 | Opt=654.00 | Pred=636.00 | Gap=0.0275 | Hamming=2 | Exact=0
K=1, n=100, m=500, rep=10 | Opt=410.00 | Pred=410.00 | Gap=0.0000 | Hamming=0 | Exact=1
K=1, n=100, m=500, rep=11 | Opt=175.00 | Pred=154.00 | Gap=0.1200 | Hamming=2 | Exact=0
K=1, n=100, m=500, rep=12 | Opt=674.00 | Pred=674.00 | Gap=0.0000 | Hamming=0 | Exact=1
K=1, n=100, m=500, rep=13 | Opt=186.00 | Pred=178.00 | Gap=0.0430 | Hamming=2 | Exact=0
K=1, n=100, m=500, rep=14 | Opt=308.00 | Pred=308.00 | Gap=0.0000 | Hamming=0 | Exact=1
K=1, n=100, m=500, rep=15 | Opt=216.00 | Pred=197.00 | Gap=0.0880 | Hamming=2 | Exact=0
K=1, n=100, m=500, rep=16 | Opt=246.00 | Pred=229.00 | Gap=0.0691 | Hamming=2 | Exact=0
K=1, n=100, m=500, rep=17 | Opt=154.00 | Pred=154.00 | Gap=0.0000 | Hamming=0 | Exact=1
K=1, n=100, m=500, rep=18 | Opt=247.00 | Pred=193.00 | Gap=0.2186 | Hamming=2 | Exact=0
K=1, n=100, m=500, rep=19 | Opt=253.00 | Pred=210.00 | Gap=0.1700 | Hamming=2 | Exact=0
K=1, n=100, m=600, rep=0 | Opt=423.00 | Pred=409.00 | Gap=0.0331 | Hamming=2 | Exact=0
K=1, n=100, m=600, rep=1 | Opt=441.00 | Pred=437.00 | Gap=0.0091 | Hamming=2 | Exact=0
K=1, n=100, m=600, rep=2 | Opt=409.00 | Pred=356.00 | Gap=0.1296 | Hamming=2 | Exact=0
K=1, n=100, m=600, rep=3 | Opt=320.00 | Pred=268.00 | Gap=0.1625 | Hamming=2 | Exact=0
K=1, n=100, m=600, rep=4 | Opt=74.00 | Pred=66.00 | Gap=0.1081 | Hamming=2 | Exact=0
K=1, n=100, m=600, rep=5 | Opt=631.00 | Pred=624.00 | Gap=0.0111 | Hamming=2 | Exact=0
K=1, n=100, m=600, rep=6 | Opt=366.00 | Pred=366.00 | Gap=0.0000 | Hamming=0 | Exact=1
K=1, n=100, m=600, rep=7 | Opt=469.00 | Pred=446.00 | Gap=0.0490 | Hamming=2 | Exact=0
K=1, n=100, m=600, rep=8 | Opt=214.00 | Pred=206.00 | Gap=0.0374 | Hamming=2 | Exact=0
K=1, n=100, m=600, rep=9 | Opt=176.00 | Pred=144.00 | Gap=0.1818 | Hamming=2 | Exact=0
K=1, n=100, m=600, rep=10 | Opt=200.00 | Pred=200.00 | Gap=0.0000 | Hamming=0 | Exact=1
K=1, n=100, m=600, rep=11 | Opt=264.00 | Pred=242.00 | Gap=0.0833 | Hamming=2 | Exact=0
K=1, n=100, m=600, rep=12 | Opt=355.00 | Pred=282.00 | Gap=0.2056 | Hamming=2 | Exact=0
K=1, n=100, m=600, rep=13 | Opt=251.00 | Pred=204.00 | Gap=0.1873 | Hamming=2 | Exact=0
K=1, n=100, m=600, rep=14 | Opt=500.00 | Pred=500.00 | Gap=0.0000 | Hamming=0 | Exact=1
K=1, n=100, m=600, rep=15 | Opt=346.00 | Pred=318.00 | Gap=0.0809 | Hamming=2 | Exact=0
K=1, n=100, m=600, rep=16 | Opt=607.00 | Pred=607.00 | Gap=0.0000 | Hamming=0 | Exact=1
K=1, n=100, m=600, rep=17 | Opt=422.00 | Pred=422.00 | Gap=0.0000 | Hamming=0 | Exact=1
K=1, n=100, m=600, rep=18 | Opt=151.00 | Pred=120.00 | Gap=0.2053 | Hamming=2 | Exact=0
K=1, n=100, m=600, rep=19 | Opt=334.00 | Pred=324.00 | Gap=0.0299 | Hamming=2 | Exact=0
K=1, n=100, m=800, rep=0 | Opt=535.00 | Pred=531.00 | Gap=0.0075 | Hamming=2 | Exact=0
K=1, n=100, m=800, rep=1 | Opt=273.00 | Pred=273.00 | Gap=0.0000 | Hamming=0 | Exact=1
K=1, n=100, m=800, rep=2 | Opt=541.00 | Pred=541.00 | Gap=0.0000 | Hamming=0 | Exact=1
K=1, n=100, m=800, rep=3 | Opt=348.00 | Pred=343.00 | Gap=0.0144 | Hamming=2 | Exact=0
K=1, n=100, m=800, rep=4 | Opt=493.00 | Pred=482.00 | Gap=0.0223 | Hamming=2 | Exact=0
K=1, n=100, m=800, rep=5 | Opt=610.00 | Pred=536.00 | Gap=0.1213 | Hamming=2 | Exact=0
K=1, n=100, m=800, rep=6 | Opt=419.00 | Pred=341.00 | Gap=0.1862 | Hamming=2 | Exact=0
K=1, n=100, m=800, rep=7 | Opt=478.00 | Pred=398.00 | Gap=0.1674 | Hamming=2 | Exact=0
K=1, n=100, m=800, rep=8 | Opt=456.00 | Pred=456.00 | Gap=0.0000 | Hamming=0 | Exact=1
K=1, n=100, m=800, rep=9 | Opt=459.00 | Pred=431.00 | Gap=0.0610 | Hamming=2 | Exact=0
K=1, n=100, m=800, rep=10 | Opt=351.00 | Pred=351.00 | Gap=0.0000 | Hamming=0 | Exact=1
K=1, n=100, m=800, rep=11 | Opt=410.00 | Pred=410.00 | Gap=0.0000 | Hamming=0 | Exact=1
K=1, n=100, m=800, rep=12 | Opt=635.00 | Pred=635.00 | Gap=0.0000 | Hamming=0 | Exact=1
K=1, n=100, m=800, rep=13 | Opt=303.00 | Pred=293.00 | Gap=0.0330 | Hamming=2 | Exact=0
K=1, n=100, m=800, rep=14 | Opt=848.00 | Pred=812.00 | Gap=0.0425 | Hamming=2 | Exact=0
K=1, n=100, m=800, rep=15 | Opt=473.00 | Pred=473.00 | Gap=0.0000 | Hamming=0 | Exact=1
K=1, n=100, m=800, rep=16 | Opt=431.00 | Pred=431.00 | Gap=0.0000 | Hamming=0 | Exact=1
K=1, n=100, m=800, rep=17 | Opt=521.00 | Pred=477.00 | Gap=0.0845 | Hamming=2 | Exact=0
K=1, n=100, m=800, rep=18 | Opt=530.00 | Pred=514.00 | Gap=0.0302 | Hamming=2 | Exact=0
K=1, n=100, m=800, rep=19 | Opt=474.00 | Pred=418.00 | Gap=0.1181 | Hamming=2 | Exact=0
K=1, n=200, m=400, rep=0 | Opt=366.00 | Pred=358.00 | Gap=0.0219 | Hamming=2 | Exact=0
K=1, n=200, m=400, rep=1 | Opt=501.00 | Pred=500.00 | Gap=0.0020 | Hamming=2 | Exact=0
K=1, n=200, m=400, rep=2 | Opt=215.00 | Pred=210.00 | Gap=0.0233 | Hamming=2 | Exact=0
K=1, n=200, m=400, rep=3 | Opt=172.00 | Pred=154.00 | Gap=0.1047 | Hamming=2 | Exact=0
K=1, n=200, m=400, rep=4 | Opt=156.00 | Pred=144.00 | Gap=0.0769 | Hamming=2 | Exact=0
K=1, n=200, m=400, rep=5 | Opt=62.00 | Pred=59.00 | Gap=0.0484 | Hamming=2 | Exact=0
K=1, n=200, m=400, rep=6 | Opt=150.00 | Pred=146.00 | Gap=0.0267 | Hamming=2 | Exact=0
K=1, n=200, m=400, rep=7 | Opt=225.00 | Pred=195.00 | Gap=0.1333 | Hamming=2 | Exact=0
K=1, n=200, m=400, rep=8 | Opt=41.00 | Pred=37.00 | Gap=0.0976 | Hamming=2 | Exact=0
K=1, n=200, m=400, rep=9 | Opt=406.00 | Pred=406.00 | Gap=0.0000 | Hamming=0 | Exact=1
K=1, n=200, m=400, rep=10 | Opt=497.00 | Pred=483.00 | Gap=0.0282 | Hamming=2 | Exact=0
K=1, n=200, m=400, rep=11 | Opt=41.00 | Pred=36.00 | Gap=0.1220 | Hamming=2 | Exact=0
K=1, n=200, m=400, rep=12 | Opt=195.00 | Pred=195.00 | Gap=0.0000 | Hamming=0 | Exact=1
K=1, n=200, m=400, rep=13 | Opt=108.00 | Pred=108.00 | Gap=0.0000 | Hamming=0 | Exact=1
K=1, n=200, m=400, rep=14 | Opt=404.00 | Pred=373.00 | Gap=0.0767 | Hamming=2 | Exact=0
K=1, n=200, m=400, rep=15 | Opt=69.00 | Pred=63.00 | Gap=0.0870 | Hamming=2 | Exact=0
K=1, n=200, m=400, rep=16 | Opt=54.00 | Pred=45.00 | Gap=0.1667 | Hamming=2 | Exact=0
K=1, n=200, m=400, rep=17 | Opt=142.00 | Pred=142.00 | Gap=0.0000 | Hamming=0 | Exact=1
K=1, n=200, m=400, rep=18 | Opt=160.00 | Pred=152.00 | Gap=0.0500 | Hamming=2 | Exact=0
K=1, n=200, m=400, rep=19 | Opt=270.00 | Pred=270.00 | Gap=0.0000 | Hamming=0 | Exact=1
K=1, n=200, m=500, rep=0 | Opt=409.00 | Pred=354.00 | Gap=0.1345 | Hamming=2 | Exact=0
K=1, n=200, m=500, rep=1 | Opt=409.00 | Pred=341.00 | Gap=0.1663 | Hamming=2 | Exact=0
K=1, n=200, m=500, rep=2 | Opt=84.00 | Pred=84.00 | Gap=0.0000 | Hamming=0 | Exact=1
K=1, n=200, m=500, rep=3 | Opt=322.00 | Pred=322.00 | Gap=0.0000 | Hamming=0 | Exact=1
K=1, n=200, m=500, rep=4 | Opt=228.00 | Pred=222.00 | Gap=0.0263 | Hamming=2 | Exact=0
K=1, n=200, m=500, rep=5 | Opt=110.00 | Pred=101.00 | Gap=0.0818 | Hamming=2 | Exact=0
K=1, n=200, m=500, rep=6 | Opt=60.00 | Pred=54.00 | Gap=0.1000 | Hamming=2 | Exact=0
K=1, n=200, m=500, rep=7 | Opt=378.00 | Pred=351.00 | Gap=0.0714 | Hamming=2 | Exact=0
K=1, n=200, m=500, rep=8 | Opt=350.00 | Pred=350.00 | Gap=0.0000 | Hamming=0 | Exact=1
K=1, n=200, m=500, rep=9 | Opt=536.00 | Pred=473.00 | Gap=0.1175 | Hamming=2 | Exact=0
K=1, n=200, m=500, rep=10 | Opt=349.00 | Pred=349.00 | Gap=0.0000 | Hamming=0 | Exact=1
K=1, n=200, m=500, rep=11 | Opt=319.00 | Pred=272.00 | Gap=0.1473 | Hamming=2 | Exact=0
K=1, n=200, m=500, rep=12 | Opt=182.00 | Pred=133.00 | Gap=0.2692 | Hamming=2 | Exact=0
K=1, n=200, m=500, rep=13 | Opt=110.00 | Pred=85.00 | Gap=0.2273 | Hamming=2 | Exact=0
K=1, n=200, m=500, rep=14 | Opt=632.00 | Pred=631.00 | Gap=0.0016 | Hamming=2 | Exact=0
K=1, n=200, m=500, rep=15 | Opt=130.00 | Pred=106.00 | Gap=0.1846 | Hamming=2 | Exact=0
K=1, n=200, m=500, rep=16 | Opt=71.00 | Pred=67.00 | Gap=0.0563 | Hamming=2 | Exact=0
K=1, n=200, m=500, rep=17 | Opt=413.00 | Pred=413.00 | Gap=0.0000 | Hamming=0 | Exact=1
K=1, n=200, m=500, rep=18 | Opt=67.00 | Pred=48.00 | Gap=0.2836 | Hamming=2 | Exact=0
K=1, n=200, m=500, rep=19 | Opt=153.00 | Pred=132.00 | Gap=0.1373 | Hamming=2 | Exact=0
K=1, n=200, m=600, rep=0 | Opt=198.00 | Pred=176.00 | Gap=0.1111 | Hamming=2 | Exact=0
K=1, n=200, m=600, rep=1 | Opt=112.00 | Pred=89.00 | Gap=0.2054 | Hamming=2 | Exact=0
K=1, n=200, m=600, rep=2 | Opt=335.00 | Pred=335.00 | Gap=0.0000 | Hamming=0 | Exact=1
K=1, n=200, m=600, rep=3 | Opt=512.00 | Pred=512.00 | Gap=0.0000 | Hamming=0 | Exact=1
K=1, n=200, m=600, rep=4 | Opt=147.00 | Pred=147.00 | Gap=0.0000 | Hamming=0 | Exact=1
K=1, n=200, m=600, rep=5 | Opt=57.00 | Pred=49.00 | Gap=0.1404 | Hamming=2 | Exact=0
K=1, n=200, m=600, rep=6 | Opt=279.00 | Pred=187.00 | Gap=0.3297 | Hamming=2 | Exact=0
K=1, n=200, m=600, rep=7 | Opt=467.00 | Pred=393.00 | Gap=0.1585 | Hamming=2 | Exact=0
K=1, n=200, m=600, rep=8 | Opt=229.00 | Pred=222.00 | Gap=0.0306 | Hamming=2 | Exact=0
K=1, n=200, m=600, rep=9 | Opt=260.00 | Pred=233.00 | Gap=0.1038 | Hamming=2 | Exact=0
K=1, n=200, m=600, rep=10 | Opt=590.00 | Pred=570.00 | Gap=0.0339 | Hamming=2 | Exact=0
K=1, n=200, m=600, rep=11 | Opt=176.00 | Pred=164.00 | Gap=0.0682 | Hamming=2 | Exact=0
K=1, n=200, m=600, rep=12 | Opt=136.00 | Pred=136.00 | Gap=0.0000 | Hamming=0 | Exact=1
K=1, n=200, m=600, rep=13 | Opt=432.00 | Pred=432.00 | Gap=0.0000 | Hamming=0 | Exact=1
K=1, n=200, m=600, rep=14 | Opt=320.00 | Pred=320.00 | Gap=0.0000 | Hamming=0 | Exact=1
K=1, n=200, m=600, rep=15 | Opt=218.00 | Pred=182.00 | Gap=0.1651 | Hamming=2 | Exact=0
K=1, n=200, m=600, rep=16 | Opt=427.00 | Pred=414.00 | Gap=0.0304 | Hamming=2 | Exact=0
K=1, n=200, m=600, rep=17 | Opt=458.00 | Pred=458.00 | Gap=0.0000 | Hamming=0 | Exact=1
K=1, n=200, m=600, rep=18 | Opt=68.00 | Pred=62.00 | Gap=0.0882 | Hamming=2 | Exact=0
K=1, n=200, m=600, rep=19 | Opt=491.00 | Pred=491.00 | Gap=0.0000 | Hamming=0 | Exact=1
K=1, n=200, m=800, rep=0 | Opt=212.00 | Pred=212.00 | Gap=0.0000 | Hamming=0 | Exact=1
K=1, n=200, m=800, rep=1 | Opt=410.00 | Pred=410.00 | Gap=0.0000 | Hamming=2 | Exact=0
K=1, n=200, m=800, rep=2 | Opt=464.00 | Pred=427.00 | Gap=0.0797 | Hamming=2 | Exact=0
K=1, n=200, m=800, rep=3 | Opt=362.00 | Pred=284.00 | Gap=0.2155 | Hamming=2 | Exact=0
K=1, n=200, m=800, rep=4 | Opt=84.00 | Pred=78.00 | Gap=0.0714 | Hamming=2 | Exact=0
K=1, n=200, m=800, rep=5 | Opt=441.00 | Pred=441.00 | Gap=0.0000 | Hamming=0 | Exact=1
K=1, n=200, m=800, rep=6 | Opt=184.00 | Pred=164.00 | Gap=0.1087 | Hamming=2 | Exact=0
K=1, n=200, m=800, rep=7 | Opt=193.00 | Pred=157.00 | Gap=0.1865 | Hamming=2 | Exact=0
K=1, n=200, m=800, rep=8 | Opt=234.00 | Pred=214.00 | Gap=0.0855 | Hamming=2 | Exact=0
K=1, n=200, m=800, rep=9 | Opt=312.00 | Pred=280.00 | Gap=0.1026 | Hamming=2 | Exact=0
K=1, n=200, m=800, rep=10 | Opt=487.00 | Pred=451.00 | Gap=0.0739 | Hamming=2 | Exact=0
K=1, n=200, m=800, rep=11 | Opt=446.00 | Pred=446.00 | Gap=0.0000 | Hamming=0 | Exact=1
K=1, n=200, m=800, rep=12 | Opt=635.00 | Pred=635.00 | Gap=0.0000 | Hamming=0 | Exact=1
K=1, n=200, m=800, rep=13 | Opt=140.00 | Pred=140.00 | Gap=0.0000 | Hamming=0 | Exact=1
K=1, n=200, m=800, rep=14 | Opt=502.00 | Pred=502.00 | Gap=0.0000 | Hamming=0 | Exact=1
K=1, n=200, m=800, rep=15 | Opt=253.00 | Pred=232.00 | Gap=0.0830 | Hamming=2 | Exact=0
K=1, n=200, m=800, rep=16 | Opt=241.00 | Pred=224.00 | Gap=0.0705 | Hamming=2 | Exact=0
K=1, n=200, m=800, rep=17 | Opt=207.00 | Pred=189.00 | Gap=0.0870 | Hamming=2 | Exact=0
K=1, n=200, m=800, rep=18 | Opt=328.00 | Pred=328.00 | Gap=0.0000 | Hamming=0 | Exact=1
K=1, n=200, m=800, rep=19 | Opt=273.00 | Pred=247.00 | Gap=0.0952 | Hamming=2 | Exact=0
K=1, n=200, m=1000, rep=0 | Opt=131.00 | Pred=131.00 | Gap=0.0000 | Hamming=0 | Exact=1
K=1, n=200, m=1000, rep=1 | Opt=168.00 | Pred=157.00 | Gap=0.0655 | Hamming=2 | Exact=0
K=1, n=200, m=1000, rep=2 | Opt=311.00 | Pred=305.00 | Gap=0.0193 | Hamming=2 | Exact=0
K=1, n=200, m=1000, rep=3 | Opt=820.00 | Pred=777.00 | Gap=0.0524 | Hamming=2 | Exact=0
K=1, n=200, m=1000, rep=4 | Opt=205.00 | Pred=173.00 | Gap=0.1561 | Hamming=2 | Exact=0
K=1, n=200, m=1000, rep=5 | Opt=811.00 | Pred=760.00 | Gap=0.0629 | Hamming=2 | Exact=0
K=1, n=200, m=1000, rep=6 | Opt=357.00 | Pred=357.00 | Gap=0.0000 | Hamming=0 | Exact=1
K=1, n=200, m=1000, rep=7 | Opt=312.00 | Pred=312.00 | Gap=0.0000 | Hamming=0 | Exact=1
K=1, n=200, m=1000, rep=8 | Opt=616.00 | Pred=607.00 | Gap=0.0146 | Hamming=2 | Exact=0
K=1, n=200, m=1000, rep=9 | Opt=366.00 | Pred=345.00 | Gap=0.0574 | Hamming=2 | Exact=0
K=1, n=200, m=1000, rep=10 | Opt=263.00 | Pred=245.00 | Gap=0.0684 | Hamming=2 | Exact=0
K=1, n=200, m=1000, rep=11 | Opt=120.00 | Pred=110.00 | Gap=0.0833 | Hamming=2 | Exact=0
K=1, n=200, m=1000, rep=12 | Opt=383.00 | Pred=383.00 | Gap=0.0000 | Hamming=0 | Exact=1
K=1, n=200, m=1000, rep=13 | Opt=386.00 | Pred=335.00 | Gap=0.1321 | Hamming=2 | Exact=0
K=1, n=200, m=1000, rep=14 | Opt=491.00 | Pred=491.00 | Gap=0.0000 | Hamming=0 | Exact=1
K=1, n=200, m=1000, rep=15 | Opt=402.00 | Pred=402.00 | Gap=0.0000 | Hamming=0 | Exact=1
K=1, n=200, m=1000, rep=16 | Opt=582.00 | Pred=582.00 | Gap=-0.0000 | Hamming=0 | Exact=1
K=1, n=200, m=1000, rep=17 | Opt=672.00 | Pred=672.00 | Gap=0.0000 | Hamming=0 | Exact=1
K=1, n=200, m=1000, rep=18 | Opt=166.00 | Pred=148.00 | Gap=0.1084 | Hamming=2 | Exact=0
K=1, n=200, m=1000, rep=19 | Opt=247.00 | Pred=209.00 | Gap=0.1538 | Hamming=2 | Exact=0
K=1, n=200, m=1200, rep=0 | Opt=193.00 | Pred=159.00 | Gap=0.1762 | Hamming=2 | Exact=0
K=1, n=200, m=1200, rep=1 | Opt=368.00 | Pred=363.00 | Gap=0.0136 | Hamming=2 | Exact=0
K=1, n=200, m=1200, rep=2 | Opt=154.00 | Pred=154.00 | Gap=0.0000 | Hamming=0 | Exact=1
K=1, n=200, m=1200, rep=3 | Opt=548.00 | Pred=506.00 | Gap=0.0766 | Hamming=2 | Exact=0
K=1, n=200, m=1200, rep=4 | Opt=599.00 | Pred=550.00 | Gap=0.0818 | Hamming=2 | Exact=0
K=1, n=200, m=1200, rep=5 | Opt=377.00 | Pred=373.00 | Gap=0.0106 | Hamming=2 | Exact=0
K=1, n=200, m=1200, rep=6 | Opt=324.00 | Pred=324.00 | Gap=0.0000 | Hamming=0 | Exact=1
K=1, n=200, m=1200, rep=7 | Opt=510.00 | Pred=510.00 | Gap=0.0000 | Hamming=0 | Exact=1
K=1, n=200, m=1200, rep=8 | Opt=451.00 | Pred=428.00 | Gap=0.0510 | Hamming=2 | Exact=0
K=1, n=200, m=1200, rep=9 | Opt=561.00 | Pred=526.00 | Gap=0.0624 | Hamming=2 | Exact=0
K=1, n=200, m=1200, rep=10 | Opt=530.00 | Pred=530.00 | Gap=0.0000 | Hamming=0 | Exact=1
K=1, n=200, m=1200, rep=11 | Opt=508.00 | Pred=508.00 | Gap=0.0000 | Hamming=0 | Exact=1
K=1, n=200, m=1200, rep=12 | Opt=617.00 | Pred=617.00 | Gap=0.0000 | Hamming=0 | Exact=1
K=1, n=200, m=1200, rep=13 | Opt=298.00 | Pred=298.00 | Gap=0.0000 | Hamming=0 | Exact=1
K=1, n=200, m=1200, rep=14 | Opt=299.00 | Pred=299.00 | Gap=0.0000 | Hamming=0 | Exact=1
K=1, n=200, m=1200, rep=15 | Opt=83.00 | Pred=73.00 | Gap=0.1205 | Hamming=2 | Exact=0
K=1, n=200, m=1200, rep=16 | Opt=925.00 | Pred=906.00 | Gap=0.0205 | Hamming=2 | Exact=0
K=1, n=200, m=1200, rep=17 | Opt=399.00 | Pred=387.00 | Gap=0.0301 | Hamming=2 | Exact=0
K=1, n=200, m=1200, rep=18 | Opt=460.00 | Pred=387.00 | Gap=0.1587 | Hamming=2 | Exact=0
K=1, n=200, m=1200, rep=19 | Opt=504.00 | Pred=503.00 | Gap=0.0020 | Hamming=2 | Exact=0
K=1, n=200, m=1600, rep=0 | Opt=882.00 | Pred=847.00 | Gap=0.0397 | Hamming=2 | Exact=0
K=1, n=200, m=1600, rep=1 | Opt=340.00 | Pred=292.00 | Gap=0.1412 | Hamming=2 | Exact=0
K=1, n=200, m=1600, rep=2 | Opt=487.00 | Pred=465.00 | Gap=0.0452 | Hamming=2 | Exact=0
K=1, n=200, m=1600, rep=3 | Opt=605.00 | Pred=538.00 | Gap=0.1107 | Hamming=2 | Exact=0
K=1, n=200, m=1600, rep=4 | Opt=223.00 | Pred=218.00 | Gap=0.0224 | Hamming=2 | Exact=0
K=1, n=200, m=1600, rep=5 | Opt=656.00 | Pred=656.00 | Gap=0.0000 | Hamming=0 | Exact=1
K=1, n=200, m=1600, rep=6 | Opt=703.00 | Pred=690.00 | Gap=0.0185 | Hamming=2 | Exact=0
K=1, n=200, m=1600, rep=7 | Opt=566.00 | Pred=507.00 | Gap=0.1042 | Hamming=2 | Exact=0
K=1, n=200, m=1600, rep=8 | Opt=436.00 | Pred=436.00 | Gap=0.0000 | Hamming=0 | Exact=1
K=1, n=200, m=1600, rep=9 | Opt=475.00 | Pred=443.00 | Gap=0.0674 | Hamming=2 | Exact=0
K=1, n=200, m=1600, rep=10 | Opt=604.00 | Pred=598.00 | Gap=0.0099 | Hamming=2 | Exact=0
K=1, n=200, m=1600, rep=11 | Opt=406.00 | Pred=382.00 | Gap=0.0591 | Hamming=2 | Exact=0
K=1, n=200, m=1600, rep=12 | Opt=367.00 | Pred=332.00 | Gap=0.0954 | Hamming=2 | Exact=0
K=1, n=200, m=1600, rep=13 | Opt=685.00 | Pred=685.00 | Gap=0.0000 | Hamming=0 | Exact=1
K=1, n=200, m=1600, rep=14 | Opt=559.00 | Pred=513.00 | Gap=0.0823 | Hamming=2 | Exact=0
K=1, n=200, m=1600, rep=15 | Opt=187.00 | Pred=183.00 | Gap=0.0214 | Hamming=2 | Exact=0
K=1, n=200, m=1600, rep=16 | Opt=366.00 | Pred=292.00 | Gap=0.2022 | Hamming=2 | Exact=0
K=1, n=200, m=1600, rep=17 | Opt=675.00 | Pred=674.00 | Gap=0.0015 | Hamming=2 | Exact=0
K=1, n=200, m=1600, rep=18 | Opt=455.00 | Pred=422.00 | Gap=0.0725 | Hamming=2 | Exact=0
K=1, n=200, m=1600, rep=19 | Opt=554.00 | Pred=550.00 | Gap=0.0072 | Hamming=2 | Exact=0
K=1, n=400, m=800, rep=0 | Opt=225.00 | Pred=187.00 | Gap=0.1689 | Hamming=2 | Exact=0
K=1, n=400, m=800, rep=1 | Opt=512.00 | Pred=473.00 | Gap=0.0762 | Hamming=2 | Exact=0
K=1, n=400, m=800, rep=2 | Opt=185.00 | Pred=173.00 | Gap=0.0649 | Hamming=2 | Exact=0
K=1, n=400, m=800, rep=3 | Opt=135.00 | Pred=123.00 | Gap=0.0889 | Hamming=2 | Exact=0
K=1, n=400, m=800, rep=4 | Opt=69.00 | Pred=69.00 | Gap=0.0000 | Hamming=0 | Exact=1
K=1, n=400, m=800, rep=5 | Opt=59.00 | Pred=50.00 | Gap=0.1525 | Hamming=2 | Exact=0
K=1, n=400, m=800, rep=6 | Opt=376.00 | Pred=332.00 | Gap=0.1170 | Hamming=2 | Exact=0
K=1, n=400, m=800, rep=7 | Opt=54.00 | Pred=51.00 | Gap=0.0556 | Hamming=2 | Exact=0
K=1, n=400, m=800, rep=8 | Opt=288.00 | Pred=264.00 | Gap=0.0833 | Hamming=2 | Exact=0
K=1, n=400, m=800, rep=9 | Opt=550.00 | Pred=534.00 | Gap=0.0291 | Hamming=2 | Exact=0
K=1, n=400, m=800, rep=10 | Opt=256.00 | Pred=226.00 | Gap=0.1172 | Hamming=2 | Exact=0
K=1, n=400, m=800, rep=11 | Opt=50.00 | Pred=49.00 | Gap=0.0200 | Hamming=2 | Exact=0
K=1, n=400, m=800, rep=12 | Opt=326.00 | Pred=326.00 | Gap=0.0000 | Hamming=0 | Exact=1
K=1, n=400, m=800, rep=13 | Opt=227.00 | Pred=222.00 | Gap=0.0220 | Hamming=2 | Exact=0
K=1, n=400, m=800, rep=14 | Opt=50.00 | Pred=40.00 | Gap=0.2000 | Hamming=2 | Exact=0
K=1, n=400, m=800, rep=15 | Opt=67.00 | Pred=67.00 | Gap=0.0000 | Hamming=0 | Exact=1
K=1, n=400, m=800, rep=16 | Opt=110.00 | Pred=104.00 | Gap=0.0545 | Hamming=2 | Exact=0
K=1, n=400, m=800, rep=17 | Opt=399.00 | Pred=399.00 | Gap=0.0000 | Hamming=0 | Exact=1
K=1, n=400, m=800, rep=18 | Opt=91.00 | Pred=90.00 | Gap=0.0110 | Hamming=2 | Exact=0
K=1, n=400, m=800, rep=19 | Opt=152.00 | Pred=141.00 | Gap=0.0724 | Hamming=2 | Exact=0
K=1, n=400, m=1000, rep=0 | Opt=478.00 | Pred=430.00 | Gap=0.1004 | Hamming=2 | Exact=0
K=1, n=400, m=1000, rep=1 | Opt=894.00 | Pred=837.00 | Gap=0.0638 | Hamming=2 | Exact=0
K=1, n=400, m=1000, rep=2 | Opt=198.00 | Pred=192.00 | Gap=0.0303 | Hamming=2 | Exact=0
K=1, n=400, m=1000, rep=3 | Opt=789.00 | Pred=773.00 | Gap=0.0203 | Hamming=2 | Exact=0
K=1, n=400, m=1000, rep=4 | Opt=267.00 | Pred=232.00 | Gap=0.1311 | Hamming=2 | Exact=0
K=1, n=400, m=1000, rep=5 | Opt=539.00 | Pred=539.00 | Gap=0.0000 | Hamming=0 | Exact=1
K=1, n=400, m=1000, rep=6 | Opt=593.00 | Pred=579.00 | Gap=0.0236 | Hamming=2 | Exact=0
K=1, n=400, m=1000, rep=7 | Opt=148.00 | Pred=120.00 | Gap=0.1892 | Hamming=2 | Exact=0
K=1, n=400, m=1000, rep=8 | Opt=40.00 | Pred=40.00 | Gap=0.0000 | Hamming=0 | Exact=1
K=1, n=400, m=1000, rep=9 | Opt=316.00 | Pred=316.00 | Gap=0.0000 | Hamming=2 | Exact=0
K=1, n=400, m=1000, rep=10 | Opt=232.00 | Pred=232.00 | Gap=0.0000 | Hamming=0 | Exact=1
K=1, n=400, m=1000, rep=11 | Opt=762.00 | Pred=762.00 | Gap=0.0000 | Hamming=0 | Exact=1
K=1, n=400, m=1000, rep=12 | Opt=626.00 | Pred=574.00 | Gap=0.0831 | Hamming=2 | Exact=0
K=1, n=400, m=1000, rep=13 | Opt=514.00 | Pred=432.00 | Gap=0.1595 | Hamming=2 | Exact=0
K=1, n=400, m=1000, rep=14 | Opt=327.00 | Pred=295.00 | Gap=0.0979 | Hamming=2 | Exact=0
K=1, n=400, m=1000, rep=15 | Opt=146.00 | Pred=137.00 | Gap=0.0616 | Hamming=2 | Exact=0
K=1, n=400, m=1000, rep=16 | Opt=160.00 | Pred=160.00 | Gap=0.0000 | Hamming=0 | Exact=1
K=1, n=400, m=1000, rep=17 | Opt=172.00 | Pred=158.00 | Gap=0.0814 | Hamming=2 | Exact=0
K=1, n=400, m=1000, rep=18 | Opt=579.00 | Pred=550.00 | Gap=0.0501 | Hamming=2 | Exact=0
K=1, n=400, m=1000, rep=19 | Opt=499.00 | Pred=430.00 | Gap=0.1383 | Hamming=2 | Exact=0
K=1, n=400, m=1200, rep=0 | Opt=569.00 | Pred=528.00 | Gap=0.0721 | Hamming=2 | Exact=0
K=1, n=400, m=1200, rep=1 | Opt=40.00 | Pred=31.00 | Gap=0.2250 | Hamming=2 | Exact=0
K=1, n=400, m=1200, rep=2 | Opt=426.00 | Pred=426.00 | Gap=0.0000 | Hamming=0 | Exact=1
K=1, n=400, m=1200, rep=3 | Opt=58.00 | Pred=58.00 | Gap=0.0000 | Hamming=0 | Exact=1
K=1, n=400, m=1200, rep=4 | Opt=473.00 | Pred=455.00 | Gap=0.0381 | Hamming=2 | Exact=0
K=1, n=400, m=1200, rep=5 | Opt=265.00 | Pred=244.00 | Gap=0.0792 | Hamming=2 | Exact=0
K=1, n=400, m=1200, rep=6 | Opt=338.00 | Pred=315.00 | Gap=0.0680 | Hamming=2 | Exact=0
K=1, n=400, m=1200, rep=7 | Opt=378.00 | Pred=378.00 | Gap=0.0000 | Hamming=0 | Exact=1
K=1, n=400, m=1200, rep=8 | Opt=377.00 | Pred=317.00 | Gap=0.1592 | Hamming=2 | Exact=0
K=1, n=400, m=1200, rep=9 | Opt=315.00 | Pred=290.00 | Gap=0.0794 | Hamming=2 | Exact=0
K=1, n=400, m=1200, rep=10 | Opt=331.00 | Pred=302.00 | Gap=0.0876 | Hamming=2 | Exact=0
K=1, n=400, m=1200, rep=11 | Opt=223.00 | Pred=191.00 | Gap=0.1435 | Hamming=2 | Exact=0
K=1, n=400, m=1200, rep=12 | Opt=343.00 | Pred=343.00 | Gap=0.0000 | Hamming=0 | Exact=1
K=1, n=400, m=1200, rep=13 | Opt=698.00 | Pred=698.00 | Gap=0.0000 | Hamming=0 | Exact=1
K=1, n=400, m=1200, rep=14 | Opt=81.00 | Pred=63.00 | Gap=0.2222 | Hamming=2 | Exact=0
K=1, n=400, m=1200, rep=15 | Opt=142.00 | Pred=115.00 | Gap=0.1901 | Hamming=2 | Exact=0
K=1, n=400, m=1200, rep=16 | Opt=372.00 | Pred=372.00 | Gap=0.0000 | Hamming=0 | Exact=1
K=1, n=400, m=1200, rep=17 | Opt=34.00 | Pred=34.00 | Gap=0.0000 | Hamming=0 | Exact=1
K=1, n=400, m=1200, rep=18 | Opt=35.00 | Pred=33.00 | Gap=0.0571 | Hamming=2 | Exact=0
K=1, n=400, m=1200, rep=19 | Opt=104.00 | Pred=64.00 | Gap=0.3846 | Hamming=2 | Exact=0
K=1, n=400, m=1600, rep=0 | Opt=346.00 | Pred=346.00 | Gap=0.0000 | Hamming=0 | Exact=1
K=1, n=400, m=1600, rep=1 | Opt=324.00 | Pred=303.00 | Gap=0.0648 | Hamming=2 | Exact=0
K=1, n=400, m=1600, rep=2 | Opt=302.00 | Pred=290.00 | Gap=0.0397 | Hamming=2 | Exact=0
K=1, n=400, m=1600, rep=3 | Opt=153.00 | Pred=139.00 | Gap=0.0915 | Hamming=2 | Exact=0
K=1, n=400, m=1600, rep=4 | Opt=871.00 | Pred=849.00 | Gap=0.0253 | Hamming=2 | Exact=0
K=1, n=400, m=1600, rep=5 | Opt=537.00 | Pred=510.00 | Gap=0.0503 | Hamming=2 | Exact=0
K=1, n=400, m=1600, rep=6 | Opt=646.00 | Pred=625.00 | Gap=0.0325 | Hamming=2 | Exact=0
K=1, n=400, m=1600, rep=7 | Opt=516.00 | Pred=464.00 | Gap=0.1008 | Hamming=2 | Exact=0
K=1, n=400, m=1600, rep=8 | Opt=405.00 | Pred=366.00 | Gap=0.0963 | Hamming=2 | Exact=0
K=1, n=400, m=1600, rep=9 | Opt=119.00 | Pred=107.00 | Gap=0.1008 | Hamming=2 | Exact=0
K=1, n=400, m=1600, rep=10 | Opt=473.00 | Pred=384.00 | Gap=0.1882 | Hamming=2 | Exact=0
K=1, n=400, m=1600, rep=11 | Opt=214.00 | Pred=211.00 | Gap=0.0140 | Hamming=2 | Exact=0
K=1, n=400, m=1600, rep=12 | Opt=377.00 | Pred=377.00 | Gap=0.0000 | Hamming=0 | Exact=1
K=1, n=400, m=1600, rep=13 | Opt=489.00 | Pred=479.00 | Gap=0.0204 | Hamming=2 | Exact=0
K=1, n=400, m=1600, rep=14 | Opt=434.00 | Pred=434.00 | Gap=0.0000 | Hamming=0 | Exact=1
K=1, n=400, m=1600, rep=15 | Opt=46.00 | Pred=46.00 | Gap=0.0000 | Hamming=2 | Exact=0
K=1, n=400, m=1600, rep=16 | Opt=84.00 | Pred=73.00 | Gap=0.1310 | Hamming=2 | Exact=0
K=1, n=400, m=1600, rep=17 | Opt=605.00 | Pred=605.00 | Gap=0.0000 | Hamming=0 | Exact=1
K=1, n=400, m=1600, rep=18 | Opt=517.00 | Pred=476.00 | Gap=0.0793 | Hamming=2 | Exact=0
K=1, n=400, m=1600, rep=19 | Opt=667.00 | Pred=667.00 | Gap=0.0000 | Hamming=0 | Exact=1
K=1, n=400, m=2000, rep=0 | Opt=813.00 | Pred=807.00 | Gap=0.0074 | Hamming=2 | Exact=0
K=1, n=400, m=2000, rep=1 | Opt=557.00 | Pred=557.00 | Gap=0.0000 | Hamming=0 | Exact=1
K=1, n=400, m=2000, rep=2 | Opt=328.00 | Pred=299.00 | Gap=0.0884 | Hamming=2 | Exact=0
K=1, n=400, m=2000, rep=3 | Opt=389.00 | Pred=389.00 | Gap=0.0000 | Hamming=0 | Exact=1
K=1, n=400, m=2000, rep=4 | Opt=253.00 | Pred=243.00 | Gap=0.0395 | Hamming=2 | Exact=0
K=1, n=400, m=2000, rep=5 | Opt=250.00 | Pred=250.00 | Gap=0.0000 | Hamming=0 | Exact=1
K=1, n=400, m=2000, rep=6 | Opt=316.00 | Pred=287.00 | Gap=0.0918 | Hamming=2 | Exact=0
K=1, n=400, m=2000, rep=7 | Opt=343.00 | Pred=317.00 | Gap=0.0758 | Hamming=2 | Exact=0
K=1, n=400, m=2000, rep=8 | Opt=375.00 | Pred=346.00 | Gap=0.0773 | Hamming=2 | Exact=0
K=1, n=400, m=2000, rep=9 | Opt=515.00 | Pred=512.00 | Gap=0.0058 | Hamming=2 | Exact=0
K=1, n=400, m=2000, rep=10 | Opt=729.00 | Pred=729.00 | Gap=0.0000 | Hamming=0 | Exact=1
K=1, n=400, m=2000, rep=11 | Opt=310.00 | Pred=310.00 | Gap=0.0000 | Hamming=0 | Exact=1
K=1, n=400, m=2000, rep=12 | Opt=466.00 | Pred=426.00 | Gap=0.0858 | Hamming=2 | Exact=0
K=1, n=400, m=2000, rep=13 | Opt=180.00 | Pred=168.00 | Gap=0.0667 | Hamming=2 | Exact=0
K=1, n=400, m=2000, rep=14 | Opt=549.00 | Pred=549.00 | Gap=0.0000 | Hamming=0 | Exact=1
K=1, n=400, m=2000, rep=15 | Opt=281.00 | Pred=276.00 | Gap=0.0178 | Hamming=2 | Exact=0
K=1, n=400, m=2000, rep=16 | Opt=281.00 | Pred=252.00 | Gap=0.1032 | Hamming=2 | Exact=0
K=1, n=400, m=2000, rep=17 | Opt=81.00 | Pred=81.00 | Gap=0.0000 | Hamming=0 | Exact=1
K=1, n=400, m=2000, rep=18 | Opt=415.00 | Pred=374.00 | Gap=0.0988 | Hamming=2 | Exact=0
K=1, n=400, m=2000, rep=19 | Opt=722.00 | Pred=678.00 | Gap=0.0609 | Hamming=2 | Exact=0
K=1, n=400, m=2400, rep=0 | Opt=199.00 | Pred=149.00 | Gap=0.2513 | Hamming=2 | Exact=0
K=1, n=400, m=2400, rep=1 | Opt=476.00 | Pred=426.00 | Gap=0.1050 | Hamming=2 | Exact=0
K=1, n=400, m=2400, rep=2 | Opt=337.00 | Pred=337.00 | Gap=0.0000 | Hamming=0 | Exact=1
K=1, n=400, m=2400, rep=3 | Opt=222.00 | Pred=222.00 | Gap=0.0000 | Hamming=0 | Exact=1
K=1, n=400, m=2400, rep=4 | Opt=600.00 | Pred=582.00 | Gap=0.0300 | Hamming=2 | Exact=0
K=1, n=400, m=2400, rep=5 | Opt=73.00 | Pred=66.00 | Gap=0.0959 | Hamming=2 | Exact=0
K=1, n=400, m=2400, rep=6 | Opt=927.00 | Pred=927.00 | Gap=0.0000 | Hamming=0 | Exact=1
K=1, n=400, m=2400, rep=7 | Opt=602.00 | Pred=602.00 | Gap=0.0000 | Hamming=0 | Exact=1
K=1, n=400, m=2400, rep=8 | Opt=277.00 | Pred=230.00 | Gap=0.1697 | Hamming=2 | Exact=0
K=1, n=400, m=2400, rep=9 | Opt=700.00 | Pred=658.00 | Gap=0.0600 | Hamming=2 | Exact=0
K=1, n=400, m=2400, rep=10 | Opt=453.00 | Pred=453.00 | Gap=0.0000 | Hamming=0 | Exact=1
K=1, n=400, m=2400, rep=11 | Opt=241.00 | Pred=241.00 | Gap=0.0000 | Hamming=0 | Exact=1
K=1, n=400, m=2400, rep=12 | Opt=356.00 | Pred=334.00 | Gap=0.0618 | Hamming=2 | Exact=0
K=1, n=400, m=2400, rep=13 | Opt=325.00 | Pred=300.00 | Gap=0.0769 | Hamming=2 | Exact=0
K=1, n=400, m=2400, rep=14 | Opt=536.00 | Pred=489.00 | Gap=0.0877 | Hamming=2 | Exact=0
K=1, n=400, m=2400, rep=15 | Opt=698.00 | Pred=673.00 | Gap=0.0358 | Hamming=2 | Exact=0
K=1, n=400, m=2400, rep=16 | Opt=739.00 | Pred=739.00 | Gap=0.0000 | Hamming=0 | Exact=1
K=1, n=400, m=2400, rep=17 | Opt=571.00 | Pred=571.00 | Gap=0.0000 | Hamming=0 | Exact=1
K=1, n=400, m=2400, rep=18 | Opt=342.00 | Pred=342.00 | Gap=0.0000 | Hamming=0 | Exact=1
K=1, n=400, m=2400, rep=19 | Opt=337.00 | Pred=336.00 | Gap=0.0030 | Hamming=2 | Exact=0
K=1, n=400, m=3200, rep=0 | Opt=561.00 | Pred=561.00 | Gap=0.0000 | Hamming=0 | Exact=1
K=1, n=400, m=3200, rep=1 | Opt=497.00 | Pred=485.00 | Gap=0.0241 | Hamming=2 | Exact=0
K=1, n=400, m=3200, rep=2 | Opt=229.00 | Pred=197.00 | Gap=0.1397 | Hamming=2 | Exact=0
K=1, n=400, m=3200, rep=3 | Opt=753.00 | Pred=722.00 | Gap=0.0412 | Hamming=2 | Exact=0
K=1, n=400, m=3200, rep=4 | Opt=504.00 | Pred=419.00 | Gap=0.1687 | Hamming=2 | Exact=0
K=1, n=400, m=3200, rep=5 | Opt=1023.00 | Pred=1023.00 | Gap=0.0000 | Hamming=0 | Exact=1
K=1, n=400, m=3200, rep=6 | Opt=270.00 | Pred=253.00 | Gap=0.0630 | Hamming=2 | Exact=0
K=1, n=400, m=3200, rep=7 | Opt=811.00 | Pred=811.00 | Gap=0.0000 | Hamming=0 | Exact=1
K=1, n=400, m=3200, rep=8 | Opt=547.00 | Pred=544.00 | Gap=0.0055 | Hamming=2 | Exact=0
K=1, n=400, m=3200, rep=9 | Opt=703.00 | Pred=639.00 | Gap=0.0910 | Hamming=2 | Exact=0
K=1, n=400, m=3200, rep=10 | Opt=397.00 | Pred=397.00 | Gap=0.0000 | Hamming=0 | Exact=1
K=1, n=400, m=3200, rep=11 | Opt=183.00 | Pred=183.00 | Gap=0.0000 | Hamming=0 | Exact=1
K=1, n=400, m=3200, rep=12 | Opt=571.00 | Pred=565.00 | Gap=0.0105 | Hamming=2 | Exact=0
K=1, n=400, m=3200, rep=13 | Opt=390.00 | Pred=372.00 | Gap=0.0462 | Hamming=2 | Exact=0
K=1, n=400, m=3200, rep=14 | Opt=427.00 | Pred=423.00 | Gap=0.0094 | Hamming=2 | Exact=0
K=1, n=400, m=3200, rep=15 | Opt=334.00 | Pred=309.00 | Gap=0.0749 | Hamming=2 | Exact=0
K=1, n=400, m=3200, rep=16 | Opt=441.00 | Pred=428.00 | Gap=0.0295 | Hamming=2 | Exact=0
K=1, n=400, m=3200, rep=17 | Opt=724.00 | Pred=705.00 | Gap=0.0262 | Hamming=2 | Exact=0
K=1, n=400, m=3200, rep=18 | Opt=635.00 | Pred=559.00 | Gap=0.1197 | Hamming=2 | Exact=0
K=1, n=400, m=3200, rep=19 | Opt=712.00 | Pred=668.00 | Gap=0.0618 | Hamming=2 | Exact=0
K=1, n=600, m=1200, rep=0 | Opt=491.00 | Pred=488.00 | Gap=0.0061 | Hamming=2 | Exact=0
K=1, n=600, m=1200, rep=1 | Opt=52.00 | Pred=47.00 | Gap=0.0962 | Hamming=2 | Exact=0
K=1, n=600, m=1200, rep=2 | Opt=338.00 | Pred=338.00 | Gap=0.0000 | Hamming=0 | Exact=1
K=1, n=600, m=1200, rep=3 | Opt=294.00 | Pred=294.00 | Gap=0.0000 | Hamming=0 | Exact=1
K=1, n=600, m=1200, rep=4 | Opt=302.00 | Pred=242.00 | Gap=0.1987 | Hamming=2 | Exact=0
K=1, n=600, m=1200, rep=5 | Opt=210.00 | Pred=210.00 | Gap=0.0000 | Hamming=0 | Exact=1
K=1, n=600, m=1200, rep=6 | Opt=197.00 | Pred=180.00 | Gap=0.0863 | Hamming=2 | Exact=0
K=1, n=600, m=1200, rep=7 | Opt=357.00 | Pred=356.00 | Gap=0.0028 | Hamming=2 | Exact=0
K=1, n=600, m=1200, rep=8 | Opt=183.00 | Pred=159.00 | Gap=0.1311 | Hamming=2 | Exact=0
K=1, n=600, m=1200, rep=9 | Opt=620.00 | Pred=612.00 | Gap=0.0129 | Hamming=2 | Exact=0
K=1, n=600, m=1200, rep=10 | Opt=714.00 | Pred=686.00 | Gap=0.0392 | Hamming=2 | Exact=0
K=1, n=600, m=1200, rep=11 | Opt=161.00 | Pred=132.00 | Gap=0.1801 | Hamming=2 | Exact=0
K=1, n=600, m=1200, rep=12 | Opt=300.00 | Pred=201.00 | Gap=0.3300 | Hamming=2 | Exact=0
K=1, n=600, m=1200, rep=13 | Opt=205.00 | Pred=150.00 | Gap=0.2683 | Hamming=2 | Exact=0
K=1, n=600, m=1200, rep=14 | Opt=73.00 | Pred=73.00 | Gap=0.0000 | Hamming=0 | Exact=1
K=1, n=600, m=1200, rep=15 | Opt=53.00 | Pred=52.00 | Gap=0.0189 | Hamming=2 | Exact=0
K=1, n=600, m=1200, rep=16 | Opt=289.00 | Pred=289.00 | Gap=0.0000 | Hamming=0 | Exact=1
K=1, n=600, m=1200, rep=17 | Opt=132.00 | Pred=112.00 | Gap=0.1515 | Hamming=2 | Exact=0
K=1, n=600, m=1200, rep=18 | Opt=332.00 | Pred=306.00 | Gap=0.0783 | Hamming=2 | Exact=0
K=1, n=600, m=1200, rep=19 | Opt=564.00 | Pred=564.00 | Gap=0.0000 | Hamming=0 | Exact=1
K=1, n=600, m=1500, rep=0 | Opt=189.00 | Pred=178.00 | Gap=0.0582 | Hamming=2 | Exact=0
K=1, n=600, m=1500, rep=1 | Opt=220.00 | Pred=170.00 | Gap=0.2273 | Hamming=2 | Exact=0
K=1, n=600, m=1500, rep=2 | Opt=217.00 | Pred=192.00 | Gap=0.1152 | Hamming=2 | Exact=0
K=1, n=600, m=1500, rep=3 | Opt=178.00 | Pred=138.00 | Gap=0.2247 | Hamming=2 | Exact=0
K=1, n=600, m=1500, rep=4 | Opt=476.00 | Pred=468.00 | Gap=0.0168 | Hamming=2 | Exact=0
K=1, n=600, m=1500, rep=5 | Opt=56.00 | Pred=56.00 | Gap=0.0000 | Hamming=0 | Exact=1
K=1, n=600, m=1500, rep=6 | Opt=235.00 | Pred=235.00 | Gap=0.0000 | Hamming=0 | Exact=1
K=1, n=600, m=1500, rep=7 | Opt=133.00 | Pred=133.00 | Gap=0.0000 | Hamming=2 | Exact=0
K=1, n=600, m=1500, rep=8 | Opt=40.00 | Pred=40.00 | Gap=0.0000 | Hamming=2 | Exact=0
K=1, n=600, m=1500, rep=9 | Opt=41.00 | Pred=34.00 | Gap=0.1707 | Hamming=2 | Exact=0
K=1, n=600, m=1500, rep=10 | Opt=361.00 | Pred=306.00 | Gap=0.1524 | Hamming=2 | Exact=0
K=1, n=600, m=1500, rep=11 | Opt=491.00 | Pred=469.00 | Gap=0.0448 | Hamming=2 | Exact=0
K=1, n=600, m=1500, rep=12 | Opt=503.00 | Pred=501.00 | Gap=0.0040 | Hamming=2 | Exact=0
K=1, n=600, m=1500, rep=13 | Opt=102.00 | Pred=92.00 | Gap=0.0980 | Hamming=2 | Exact=0
K=1, n=600, m=1500, rep=14 | Opt=263.00 | Pred=223.00 | Gap=0.1521 | Hamming=2 | Exact=0
K=1, n=600, m=1500, rep=15 | Opt=475.00 | Pred=355.00 | Gap=0.2526 | Hamming=2 | Exact=0
K=1, n=600, m=1500, rep=16 | Opt=155.00 | Pred=155.00 | Gap=0.0000 | Hamming=0 | Exact=1
K=1, n=600, m=1500, rep=17 | Opt=244.00 | Pred=199.00 | Gap=0.1844 | Hamming=2 | Exact=0
K=1, n=600, m=1500, rep=18 | Opt=240.00 | Pred=210.00 | Gap=0.1250 | Hamming=2 | Exact=0
K=1, n=600, m=1500, rep=19 | Opt=592.00 | Pred=570.00 | Gap=0.0372 | Hamming=2 | Exact=0
K=1, n=600, m=1800, rep=0 | Opt=176.00 | Pred=171.00 | Gap=0.0284 | Hamming=2 | Exact=0
K=1, n=600, m=1800, rep=1 | Opt=72.00 | Pred=48.00 | Gap=0.3333 | Hamming=2 | Exact=0
K=1, n=600, m=1800, rep=2 | Opt=382.00 | Pred=382.00 | Gap=0.0000 | Hamming=0 | Exact=1
K=1, n=600, m=1800, rep=3 | Opt=340.00 | Pred=340.00 | Gap=0.0000 | Hamming=0 | Exact=1
K=1, n=600, m=1800, rep=4 | Opt=247.00 | Pred=241.00 | Gap=0.0243 | Hamming=2 | Exact=0
K=1, n=600, m=1800, rep=5 | Opt=291.00 | Pred=284.00 | Gap=0.0241 | Hamming=2 | Exact=0
K=1, n=600, m=1800, rep=6 | Opt=350.00 | Pred=328.00 | Gap=0.0629 | Hamming=2 | Exact=0
K=1, n=600, m=1800, rep=7 | Opt=147.00 | Pred=127.00 | Gap=0.1361 | Hamming=2 | Exact=0
K=1, n=600, m=1800, rep=8 | Opt=103.00 | Pred=99.00 | Gap=0.0388 | Hamming=2 | Exact=0
K=1, n=600, m=1800, rep=9 | Opt=30.00 | Pred=26.00 | Gap=0.1333 | Hamming=2 | Exact=0
K=1, n=600, m=1800, rep=10 | Opt=620.00 | Pred=584.00 | Gap=0.0581 | Hamming=2 | Exact=0
K=1, n=600, m=1800, rep=11 | Opt=82.00 | Pred=78.00 | Gap=0.0488 | Hamming=2 | Exact=0
K=1, n=600, m=1800, rep=12 | Opt=828.00 | Pred=828.00 | Gap=0.0000 | Hamming=0 | Exact=1
K=1, n=600, m=1800, rep=13 | Opt=123.00 | Pred=111.00 | Gap=0.0976 | Hamming=2 | Exact=0
K=1, n=600, m=1800, rep=14 | Opt=181.00 | Pred=171.00 | Gap=0.0552 | Hamming=2 | Exact=0
K=1, n=600, m=1800, rep=15 | Opt=426.00 | Pred=426.00 | Gap=0.0000 | Hamming=0 | Exact=1
K=1, n=600, m=1800, rep=16 | Opt=361.00 | Pred=356.00 | Gap=0.0139 | Hamming=2 | Exact=0
K=1, n=600, m=1800, rep=17 | Opt=205.00 | Pred=205.00 | Gap=0.0000 | Hamming=0 | Exact=1
K=1, n=600, m=1800, rep=18 | Opt=482.00 | Pred=447.00 | Gap=0.0726 | Hamming=2 | Exact=0
K=1, n=600, m=1800, rep=19 | Opt=282.00 | Pred=246.00 | Gap=0.1277 | Hamming=2 | Exact=0
K=1, n=600, m=2400, rep=0 | Opt=120.00 | Pred=88.00 | Gap=0.2667 | Hamming=2 | Exact=0
K=1, n=600, m=2400, rep=1 | Opt=196.00 | Pred=186.00 | Gap=0.0510 | Hamming=2 | Exact=0
K=1, n=600, m=2400, rep=2 | Opt=267.00 | Pred=237.00 | Gap=0.1124 | Hamming=2 | Exact=0
K=1, n=600, m=2400, rep=3 | Opt=412.00 | Pred=412.00 | Gap=0.0000 | Hamming=0 | Exact=1
K=1, n=600, m=2400, rep=4 | Opt=393.00 | Pred=392.00 | Gap=0.0025 | Hamming=2 | Exact=0
K=1, n=600, m=2400, rep=5 | Opt=295.00 | Pred=295.00 | Gap=0.0000 | Hamming=0 | Exact=1
K=1, n=600, m=2400, rep=6 | Opt=270.00 | Pred=270.00 | Gap=0.0000 | Hamming=0 | Exact=1
K=1, n=600, m=2400, rep=7 | Opt=348.00 | Pred=305.00 | Gap=0.1236 | Hamming=2 | Exact=0
K=1, n=600, m=2400, rep=8 | Opt=448.00 | Pred=425.00 | Gap=0.0513 | Hamming=2 | Exact=0
K=1, n=600, m=2400, rep=9 | Opt=365.00 | Pred=325.00 | Gap=0.1096 | Hamming=2 | Exact=0
K=1, n=600, m=2400, rep=10 | Opt=156.00 | Pred=122.00 | Gap=0.2179 | Hamming=2 | Exact=0
K=1, n=600, m=2400, rep=11 | Opt=374.00 | Pred=353.00 | Gap=0.0561 | Hamming=2 | Exact=0
K=1, n=600, m=2400, rep=12 | Opt=26.00 | Pred=18.00 | Gap=0.3077 | Hamming=2 | Exact=0
K=1, n=600, m=2400, rep=13 | Opt=252.00 | Pred=252.00 | Gap=0.0000 | Hamming=0 | Exact=1
K=1, n=600, m=2400, rep=14 | Opt=281.00 | Pred=255.00 | Gap=0.0925 | Hamming=2 | Exact=0
K=1, n=600, m=2400, rep=15 | Opt=742.00 | Pred=742.00 | Gap=0.0000 | Hamming=2 | Exact=0
K=1, n=600, m=2400, rep=16 | Opt=362.00 | Pred=340.00 | Gap=0.0608 | Hamming=2 | Exact=0
K=1, n=600, m=2400, rep=17 | Opt=352.00 | Pred=320.00 | Gap=0.0909 | Hamming=2 | Exact=0
K=1, n=600, m=2400, rep=18 | Opt=597.00 | Pred=530.00 | Gap=0.1122 | Hamming=2 | Exact=0
K=1, n=600, m=2400, rep=19 | Opt=295.00 | Pred=247.00 | Gap=0.1627 | Hamming=2 | Exact=0
K=1, n=600, m=3000, rep=0 | Opt=394.00 | Pred=394.00 | Gap=0.0000 | Hamming=0 | Exact=1
K=1, n=600, m=3000, rep=1 | Opt=220.00 | Pred=220.00 | Gap=0.0000 | Hamming=0 | Exact=1
K=1, n=600, m=3000, rep=2 | Opt=351.00 | Pred=351.00 | Gap=0.0000 | Hamming=0 | Exact=1
K=1, n=600, m=3000, rep=3 | Opt=320.00 | Pred=286.00 | Gap=0.1062 | Hamming=2 | Exact=0
K=1, n=600, m=3000, rep=4 | Opt=336.00 | Pred=321.00 | Gap=0.0446 | Hamming=2 | Exact=0
K=1, n=600, m=3000, rep=5 | Opt=430.00 | Pred=412.00 | Gap=0.0419 | Hamming=2 | Exact=0
K=1, n=600, m=3000, rep=6 | Opt=147.00 | Pred=130.00 | Gap=0.1156 | Hamming=2 | Exact=0
K=1, n=600, m=3000, rep=7 | Opt=561.00 | Pred=487.00 | Gap=0.1319 | Hamming=2 | Exact=0
K=1, n=600, m=3000, rep=8 | Opt=271.00 | Pred=249.00 | Gap=0.0812 | Hamming=2 | Exact=0
K=1, n=600, m=3000, rep=9 | Opt=115.00 | Pred=100.00 | Gap=0.1304 | Hamming=2 | Exact=0
K=1, n=600, m=3000, rep=10 | Opt=498.00 | Pred=469.00 | Gap=0.0582 | Hamming=2 | Exact=0
K=1, n=600, m=3000, rep=11 | Opt=748.00 | Pred=748.00 | Gap=0.0000 | Hamming=0 | Exact=1
K=1, n=600, m=3000, rep=12 | Opt=284.00 | Pred=278.00 | Gap=0.0211 | Hamming=2 | Exact=0
K=1, n=600, m=3000, rep=13 | Opt=377.00 | Pred=377.00 | Gap=0.0000 | Hamming=0 | Exact=1
K=1, n=600, m=3000, rep=14 | Opt=978.00 | Pred=954.00 | Gap=0.0245 | Hamming=2 | Exact=0
K=1, n=600, m=3000, rep=15 | Opt=697.00 | Pred=683.00 | Gap=0.0201 | Hamming=2 | Exact=0
K=1, n=600, m=3000, rep=16 | Opt=487.00 | Pred=487.00 | Gap=0.0000 | Hamming=0 | Exact=1
K=1, n=600, m=3000, rep=17 | Opt=389.00 | Pred=353.00 | Gap=0.0925 | Hamming=2 | Exact=0
K=1, n=600, m=3000, rep=18 | Opt=420.00 | Pred=420.00 | Gap=0.0000 | Hamming=0 | Exact=1
K=1, n=600, m=3000, rep=19 | Opt=615.00 | Pred=613.00 | Gap=0.0033 | Hamming=2 | Exact=0
K=1, n=600, m=3600, rep=0 | Opt=644.00 | Pred=644.00 | Gap=0.0000 | Hamming=0 | Exact=1
K=1, n=600, m=3600, rep=1 | Opt=532.00 | Pred=496.00 | Gap=0.0677 | Hamming=2 | Exact=0
K=1, n=600, m=3600, rep=2 | Opt=809.00 | Pred=719.00 | Gap=0.1112 | Hamming=2 | Exact=0
K=1, n=600, m=3600, rep=3 | Opt=618.00 | Pred=618.00 | Gap=0.0000 | Hamming=0 | Exact=1
K=1, n=600, m=3600, rep=4 | Opt=592.00 | Pred=516.00 | Gap=0.1284 | Hamming=2 | Exact=0
K=1, n=600, m=3600, rep=5 | Opt=577.00 | Pred=558.00 | Gap=0.0329 | Hamming=2 | Exact=0
K=1, n=600, m=3600, rep=6 | Opt=269.00 | Pred=262.00 | Gap=0.0260 | Hamming=2 | Exact=0
K=1, n=600, m=3600, rep=7 | Opt=803.00 | Pred=803.00 | Gap=0.0000 | Hamming=0 | Exact=1
K=1, n=600, m=3600, rep=8 | Opt=298.00 | Pred=294.00 | Gap=0.0134 | Hamming=2 | Exact=0
K=1, n=600, m=3600, rep=9 | Opt=626.00 | Pred=626.00 | Gap=0.0000 | Hamming=0 | Exact=1
K=1, n=600, m=3600, rep=10 | Opt=323.00 | Pred=272.00 | Gap=0.1579 | Hamming=2 | Exact=0
K=1, n=600, m=3600, rep=11 | Opt=461.00 | Pred=431.00 | Gap=0.0651 | Hamming=2 | Exact=0
K=1, n=600, m=3600, rep=12 | Opt=288.00 | Pred=288.00 | Gap=0.0000 | Hamming=0 | Exact=1
K=1, n=600, m=3600, rep=13 | Opt=297.00 | Pred=297.00 | Gap=0.0000 | Hamming=0 | Exact=1
K=1, n=600, m=3600, rep=14 | Opt=890.00 | Pred=825.00 | Gap=0.0730 | Hamming=2 | Exact=0
K=1, n=600, m=3600, rep=15 | Opt=338.00 | Pred=338.00 | Gap=0.0000 | Hamming=0 | Exact=1
K=1, n=600, m=3600, rep=16 | Opt=599.00 | Pred=599.00 | Gap=0.0000 | Hamming=0 | Exact=1
K=1, n=600, m=3600, rep=17 | Opt=180.00 | Pred=180.00 | Gap=0.0000 | Hamming=0 | Exact=1
K=1, n=600, m=3600, rep=18 | Opt=864.00 | Pred=852.00 | Gap=0.0139 | Hamming=2 | Exact=0
K=1, n=600, m=3600, rep=19 | Opt=565.00 | Pred=507.00 | Gap=0.1027 | Hamming=2 | Exact=0
K=1, n=600, m=4800, rep=0 | Opt=477.00 | Pred=455.00 | Gap=0.0461 | Hamming=2 | Exact=0
K=1, n=600, m=4800, rep=1 | Opt=561.00 | Pred=535.00 | Gap=0.0463 | Hamming=2 | Exact=0
K=1, n=600, m=4800, rep=2 | Opt=207.00 | Pred=201.00 | Gap=0.0290 | Hamming=2 | Exact=0
K=1, n=600, m=4800, rep=3 | Opt=410.00 | Pred=410.00 | Gap=0.0000 | Hamming=0 | Exact=1
K=1, n=600, m=4800, rep=4 | Opt=652.00 | Pred=634.00 | Gap=0.0276 | Hamming=2 | Exact=0
K=1, n=600, m=4800, rep=5 | Opt=403.00 | Pred=403.00 | Gap=0.0000 | Hamming=0 | Exact=1
K=1, n=600, m=4800, rep=6 | Opt=700.00 | Pred=692.00 | Gap=0.0114 | Hamming=2 | Exact=0
K=1, n=600, m=4800, rep=7 | Opt=524.00 | Pred=451.00 | Gap=0.1393 | Hamming=2 | Exact=0
K=1, n=600, m=4800, rep=8 | Opt=290.00 | Pred=229.00 | Gap=0.2103 | Hamming=2 | Exact=0
K=1, n=600, m=4800, rep=9 | Opt=669.00 | Pred=640.00 | Gap=0.0433 | Hamming=2 | Exact=0
K=1, n=600, m=4800, rep=10 | Opt=857.00 | Pred=857.00 | Gap=0.0000 | Hamming=0 | Exact=1
K=1, n=600, m=4800, rep=11 | Opt=321.00 | Pred=321.00 | Gap=0.0000 | Hamming=0 | Exact=1
K=1, n=600, m=4800, rep=12 | Opt=316.00 | Pred=316.00 | Gap=0.0000 | Hamming=0 | Exact=1
K=1, n=600, m=4800, rep=13 | Opt=499.00 | Pred=499.00 | Gap=0.0000 | Hamming=0 | Exact=1
K=1, n=600, m=4800, rep=14 | Opt=702.00 | Pred=683.00 | Gap=0.0271 | Hamming=2 | Exact=0
K=1, n=600, m=4800, rep=15 | Opt=667.00 | Pred=667.00 | Gap=0.0000 | Hamming=2 | Exact=0
K=1, n=600, m=4800, rep=16 | Opt=725.00 | Pred=725.00 | Gap=0.0000 | Hamming=0 | Exact=1
K=1, n=600, m=4800, rep=17 | Opt=418.00 | Pred=379.00 | Gap=0.0933 | Hamming=2 | Exact=0
K=1, n=600, m=4800, rep=18 | Opt=743.00 | Pred=697.00 | Gap=0.0619 | Hamming=2 | Exact=0
K=1, n=600, m=4800, rep=19 | Opt=467.00 | Pred=445.00 | Gap=0.0471 | Hamming=2 | Exact=0

FINAL TEST RESULTS FOR K=1
Instances evaluated: 560
Exact match rate: 0.3054
Average Hamming distance: 1.3893
Average objective gap: 0.0662
Average MIP solve time: 1.043810 seconds
Average model inference time: 0.016156 seconds

Evaluating attack limit K=2
K=2, n=100, m=200, rep=0 | Opt=198.00 | Pred=150.00 | Gap=0.2424 | Hamming=4 | Exact=0
K=2, n=100, m=200, rep=1 | Opt=222.00 | Pred=166.00 | Gap=0.2523 | Hamming=4 | Exact=0
K=2, n=100, m=200, rep=2 | Opt=84.00 | Pred=68.00 | Gap=0.1905 | Hamming=2 | Exact=0
K=2, n=100, m=200, rep=3 | Opt=90.00 | Pred=70.00 | Gap=0.2222 | Hamming=4 | Exact=0
K=2, n=100, m=200, rep=4 | Opt=32.00 | Pred=28.00 | Gap=0.1250 | Hamming=2 | Exact=0
K=2, n=100, m=200, rep=5 | Opt=153.00 | Pred=146.00 | Gap=0.0458 | Hamming=2 | Exact=0
K=2, n=100, m=200, rep=6 | Opt=42.00 | Pred=33.00 | Gap=0.2143 | Hamming=2 | Exact=0
K=2, n=100, m=200, rep=7 | Opt=112.00 | Pred=76.00 | Gap=0.3214 | Hamming=2 | Exact=0
K=2, n=100, m=200, rep=8 | Opt=102.00 | Pred=94.00 | Gap=0.0784 | Hamming=4 | Exact=0
K=2, n=100, m=200, rep=9 | Opt=339.00 | Pred=291.00 | Gap=0.1416 | Hamming=2 | Exact=0
K=2, n=100, m=200, rep=10 | Opt=26.00 | Pred=21.00 | Gap=0.1923 | Hamming=2 | Exact=0
K=2, n=100, m=200, rep=11 | Opt=240.00 | Pred=225.00 | Gap=0.0625 | Hamming=2 | Exact=0
K=2, n=100, m=200, rep=12 | Opt=45.00 | Pred=37.00 | Gap=0.1778 | Hamming=4 | Exact=0
K=2, n=100, m=200, rep=13 | Opt=149.00 | Pred=145.00 | Gap=0.0268 | Hamming=2 | Exact=0
K=2, n=100, m=200, rep=14 | Opt=147.00 | Pred=126.00 | Gap=0.1429 | Hamming=2 | Exact=0
K=2, n=100, m=200, rep=15 | Opt=61.00 | Pred=52.00 | Gap=0.1475 | Hamming=2 | Exact=0
K=2, n=100, m=200, rep=16 | Opt=144.00 | Pred=114.00 | Gap=0.2083 | Hamming=4 | Exact=0
K=2, n=100, m=200, rep=17 | Opt=10.00 | Pred=10.00 | Gap=0.0000 | Hamming=1 | Exact=0
K=2, n=100, m=200, rep=18 | Opt=103.00 | Pred=91.00 | Gap=0.1165 | Hamming=2 | Exact=0
K=2, n=100, m=200, rep=19 | Opt=49.00 | Pred=36.00 | Gap=0.2653 | Hamming=4 | Exact=0
K=2, n=100, m=250, rep=0 | Opt=39.00 | Pred=39.00 | Gap=0.0000 | Hamming=1 | Exact=0
K=2, n=100, m=250, rep=1 | Opt=254.00 | Pred=215.00 | Gap=0.1535 | Hamming=4 | Exact=0
K=2, n=100, m=250, rep=2 | Opt=310.00 | Pred=310.00 | Gap=0.0000 | Hamming=0 | Exact=1
K=2, n=100, m=250, rep=3 | Opt=238.00 | Pred=206.00 | Gap=0.1345 | Hamming=4 | Exact=0
K=2, n=100, m=250, rep=4 | Opt=149.00 | Pred=145.00 | Gap=0.0268 | Hamming=4 | Exact=0
K=2, n=100, m=250, rep=5 | Opt=90.00 | Pred=66.00 | Gap=0.2667 | Hamming=4 | Exact=0
K=2, n=100, m=250, rep=6 | Opt=390.00 | Pred=374.00 | Gap=0.0410 | Hamming=2 | Exact=0
K=2, n=100, m=250, rep=7 | Opt=209.00 | Pred=181.00 | Gap=0.1340 | Hamming=2 | Exact=0
K=2, n=100, m=250, rep=8 | Opt=223.00 | Pred=215.00 | Gap=0.0359 | Hamming=2 | Exact=0
K=2, n=100, m=250, rep=9 | Opt=292.00 | Pred=265.00 | Gap=0.0925 | Hamming=2 | Exact=0
K=2, n=100, m=250, rep=10 | Opt=286.00 | Pred=277.00 | Gap=0.0315 | Hamming=2 | Exact=0
K=2, n=100, m=250, rep=11 | Opt=68.00 | Pred=36.00 | Gap=0.4706 | Hamming=4 | Exact=0
K=2, n=100, m=250, rep=12 | Opt=171.00 | Pred=112.00 | Gap=0.3450 | Hamming=4 | Exact=0
K=2, n=100, m=250, rep=13 | Opt=467.00 | Pred=467.00 | Gap=0.0000 | Hamming=0 | Exact=1
K=2, n=100, m=250, rep=14 | Opt=104.00 | Pred=104.00 | Gap=0.0000 | Hamming=0 | Exact=1
K=2, n=100, m=250, rep=15 | Opt=424.00 | Pred=399.00 | Gap=0.0590 | Hamming=2 | Exact=0
K=2, n=100, m=250, rep=16 | Opt=449.00 | Pred=378.00 | Gap=0.1581 | Hamming=4 | Exact=0
K=2, n=100, m=250, rep=17 | Opt=101.00 | Pred=68.00 | Gap=0.3267 | Hamming=4 | Exact=0
K=2, n=100, m=250, rep=18 | Opt=158.00 | Pred=124.00 | Gap=0.2152 | Hamming=4 | Exact=0
K=2, n=100, m=250, rep=19 | Opt=39.00 | Pred=22.00 | Gap=0.4359 | Hamming=4 | Exact=0
K=2, n=100, m=300, rep=0 | Opt=460.00 | Pred=344.00 | Gap=0.2522 | Hamming=4 | Exact=0
K=2, n=100, m=300, rep=1 | Opt=153.00 | Pred=129.00 | Gap=0.1569 | Hamming=2 | Exact=0
K=2, n=100, m=300, rep=2 | Opt=467.00 | Pred=402.00 | Gap=0.1392 | Hamming=4 | Exact=0
K=2, n=100, m=300, rep=3 | Opt=305.00 | Pred=226.00 | Gap=0.2590 | Hamming=4 | Exact=0
K=2, n=100, m=300, rep=4 | Opt=214.00 | Pred=191.00 | Gap=0.1075 | Hamming=4 | Exact=0
K=2, n=100, m=300, rep=5 | Opt=295.00 | Pred=187.00 | Gap=0.3661 | Hamming=4 | Exact=0
K=2, n=100, m=300, rep=6 | Opt=436.00 | Pred=357.00 | Gap=0.1812 | Hamming=4 | Exact=0
K=2, n=100, m=300, rep=7 | Opt=476.00 | Pred=376.00 | Gap=0.2101 | Hamming=2 | Exact=0
K=2, n=100, m=300, rep=8 | Opt=361.00 | Pred=361.00 | Gap=0.0000 | Hamming=0 | Exact=1
K=2, n=100, m=300, rep=9 | Opt=266.00 | Pred=266.00 | Gap=0.0000 | Hamming=0 | Exact=1
K=2, n=100, m=300, rep=10 | Opt=604.00 | Pred=508.00 | Gap=0.1589 | Hamming=2 | Exact=0
K=2, n=100, m=300, rep=11 | Opt=141.00 | Pred=141.00 | Gap=0.0000 | Hamming=0 | Exact=1
K=2, n=100, m=300, rep=12 | Opt=405.00 | Pred=353.00 | Gap=0.1284 | Hamming=4 | Exact=0
K=2, n=100, m=300, rep=13 | Opt=434.00 | Pred=344.00 | Gap=0.2074 | Hamming=4 | Exact=0
K=2, n=100, m=300, rep=14 | Opt=246.00 | Pred=203.00 | Gap=0.1748 | Hamming=4 | Exact=0
K=2, n=100, m=300, rep=15 | Opt=314.00 | Pred=298.00 | Gap=0.0510 | Hamming=2 | Exact=0
K=2, n=100, m=300, rep=16 | Opt=34.00 | Pred=18.00 | Gap=0.4706 | Hamming=4 | Exact=0
K=2, n=100, m=300, rep=17 | Opt=230.00 | Pred=200.00 | Gap=0.1304 | Hamming=4 | Exact=0
K=2, n=100, m=300, rep=18 | Opt=139.00 | Pred=98.00 | Gap=0.2950 | Hamming=2 | Exact=0
K=2, n=100, m=300, rep=19 | Opt=649.00 | Pred=642.00 | Gap=0.0108 | Hamming=2 | Exact=0
K=2, n=100, m=400, rep=0 | Opt=101.00 | Pred=64.00 | Gap=0.3663 | Hamming=4 | Exact=0
K=2, n=100, m=400, rep=1 | Opt=382.00 | Pred=326.00 | Gap=0.1466 | Hamming=2 | Exact=0
K=2, n=100, m=400, rep=2 | Opt=47.00 | Pred=42.00 | Gap=0.1064 | Hamming=4 | Exact=0
K=2, n=100, m=400, rep=3 | Opt=331.00 | Pred=261.00 | Gap=0.2115 | Hamming=2 | Exact=0
K=2, n=100, m=400, rep=4 | Opt=565.00 | Pred=473.00 | Gap=0.1628 | Hamming=2 | Exact=0
K=2, n=100, m=400, rep=5 | Opt=313.00 | Pred=294.00 | Gap=0.0607 | Hamming=2 | Exact=0
K=2, n=100, m=400, rep=6 | Opt=313.00 | Pred=313.00 | Gap=0.0000 | Hamming=0 | Exact=1
K=2, n=100, m=400, rep=7 | Opt=685.00 | Pred=655.00 | Gap=0.0438 | Hamming=2 | Exact=0
K=2, n=100, m=400, rep=8 | Opt=339.00 | Pred=282.00 | Gap=0.1681 | Hamming=2 | Exact=0
K=2, n=100, m=400, rep=9 | Opt=340.00 | Pred=316.00 | Gap=0.0706 | Hamming=2 | Exact=0
K=2, n=100, m=400, rep=10 | Opt=82.00 | Pred=58.00 | Gap=0.2927 | Hamming=4 | Exact=0
K=2, n=100, m=400, rep=11 | Opt=504.00 | Pred=502.00 | Gap=0.0040 | Hamming=2 | Exact=0
K=2, n=100, m=400, rep=12 | Opt=620.00 | Pred=586.00 | Gap=0.0548 | Hamming=2 | Exact=0
K=2, n=100, m=400, rep=13 | Opt=208.00 | Pred=187.00 | Gap=0.1010 | Hamming=2 | Exact=0
K=2, n=100, m=400, rep=14 | Opt=514.00 | Pred=514.00 | Gap=0.0000 | Hamming=0 | Exact=1
K=2, n=100, m=400, rep=15 | Opt=413.00 | Pred=339.00 | Gap=0.1792 | Hamming=2 | Exact=0
K=2, n=100, m=400, rep=16 | Opt=308.00 | Pred=306.00 | Gap=0.0065 | Hamming=2 | Exact=0
K=2, n=100, m=400, rep=17 | Opt=320.00 | Pred=272.00 | Gap=0.1500 | Hamming=2 | Exact=0
K=2, n=100, m=400, rep=18 | Opt=348.00 | Pred=344.00 | Gap=0.0115 | Hamming=2 | Exact=0
K=2, n=100, m=400, rep=19 | Opt=317.00 | Pred=305.00 | Gap=0.0379 | Hamming=2 | Exact=0
K=2, n=100, m=500, rep=0 | Opt=145.00 | Pred=115.00 | Gap=0.2069 | Hamming=2 | Exact=0
K=2, n=100, m=500, rep=1 | Opt=563.00 | Pred=485.00 | Gap=0.1385 | Hamming=4 | Exact=0
K=2, n=100, m=500, rep=2 | Opt=554.00 | Pred=530.00 | Gap=0.0433 | Hamming=4 | Exact=0
K=2, n=100, m=500, rep=3 | Opt=183.00 | Pred=178.00 | Gap=0.0273 | Hamming=2 | Exact=0
K=2, n=100, m=500, rep=4 | Opt=210.00 | Pred=205.00 | Gap=0.0238 | Hamming=2 | Exact=0
K=2, n=100, m=500, rep=5 | Opt=46.00 | Pred=34.00 | Gap=0.2609 | Hamming=4 | Exact=0
K=2, n=100, m=500, rep=6 | Opt=252.00 | Pred=250.00 | Gap=0.0079 | Hamming=2 | Exact=0
K=2, n=100, m=500, rep=7 | Opt=92.00 | Pred=84.00 | Gap=0.0870 | Hamming=2 | Exact=0
K=2, n=100, m=500, rep=8 | Opt=480.00 | Pred=428.00 | Gap=0.1083 | Hamming=2 | Exact=0
K=2, n=100, m=500, rep=9 | Opt=697.00 | Pred=646.00 | Gap=0.0732 | Hamming=2 | Exact=0
K=2, n=100, m=500, rep=10 | Opt=512.00 | Pred=512.00 | Gap=0.0000 | Hamming=0 | Exact=1
K=2, n=100, m=500, rep=11 | Opt=214.00 | Pred=210.00 | Gap=0.0187 | Hamming=4 | Exact=0
K=2, n=100, m=500, rep=12 | Opt=748.00 | Pred=748.00 | Gap=0.0000 | Hamming=0 | Exact=1
K=2, n=100, m=500, rep=13 | Opt=245.00 | Pred=217.00 | Gap=0.1143 | Hamming=2 | Exact=0
K=2, n=100, m=500, rep=14 | Opt=329.00 | Pred=308.00 | Gap=0.0638 | Hamming=2 | Exact=0
K=2, n=100, m=500, rep=15 | Opt=237.00 | Pred=227.00 | Gap=0.0422 | Hamming=2 | Exact=0
K=2, n=100, m=500, rep=16 | Opt=284.00 | Pred=248.00 | Gap=0.1268 | Hamming=2 | Exact=0
K=2, n=100, m=500, rep=17 | Opt=154.00 | Pred=154.00 | Gap=0.0000 | Hamming=1 | Exact=0
K=2, n=100, m=500, rep=18 | Opt=274.00 | Pred=226.00 | Gap=0.1752 | Hamming=4 | Exact=0
K=2, n=100, m=500, rep=19 | Opt=274.00 | Pred=218.00 | Gap=0.2044 | Hamming=4 | Exact=0
K=2, n=100, m=600, rep=0 | Opt=499.00 | Pred=469.00 | Gap=0.0601 | Hamming=2 | Exact=0
K=2, n=100, m=600, rep=1 | Opt=480.00 | Pred=439.00 | Gap=0.0854 | Hamming=4 | Exact=0
K=2, n=100, m=600, rep=2 | Opt=435.00 | Pred=429.00 | Gap=0.0138 | Hamming=2 | Exact=0
K=2, n=100, m=600, rep=3 | Opt=337.00 | Pred=324.00 | Gap=0.0386 | Hamming=2 | Exact=0
K=2, n=100, m=600, rep=4 | Opt=78.00 | Pred=70.00 | Gap=0.1026 | Hamming=4 | Exact=0
K=2, n=100, m=600, rep=5 | Opt=704.00 | Pred=667.00 | Gap=0.0526 | Hamming=2 | Exact=0
K=2, n=100, m=600, rep=6 | Opt=387.00 | Pred=368.00 | Gap=0.0491 | Hamming=2 | Exact=0
K=2, n=100, m=600, rep=7 | Opt=507.00 | Pred=458.00 | Gap=0.0966 | Hamming=2 | Exact=0
K=2, n=100, m=600, rep=8 | Opt=258.00 | Pred=255.00 | Gap=0.0116 | Hamming=2 | Exact=0
K=2, n=100, m=600, rep=9 | Opt=190.00 | Pred=176.00 | Gap=0.0737 | Hamming=4 | Exact=0
K=2, n=100, m=600, rep=10 | Opt=213.00 | Pred=200.00 | Gap=0.0610 | Hamming=2 | Exact=0
K=2, n=100, m=600, rep=11 | Opt=300.00 | Pred=246.00 | Gap=0.1800 | Hamming=4 | Exact=0
K=2, n=100, m=600, rep=12 | Opt=382.00 | Pred=362.00 | Gap=0.0524 | Hamming=2 | Exact=0
K=2, n=100, m=600, rep=13 | Opt=274.00 | Pred=274.00 | Gap=0.0000 | Hamming=0 | Exact=1
K=2, n=100, m=600, rep=14 | Opt=568.00 | Pred=501.00 | Gap=0.1180 | Hamming=2 | Exact=0
K=2, n=100, m=600, rep=15 | Opt=365.00 | Pred=328.00 | Gap=0.1014 | Hamming=4 | Exact=0
K=2, n=100, m=600, rep=16 | Opt=647.00 | Pred=637.00 | Gap=0.0155 | Hamming=2 | Exact=0
K=2, n=100, m=600, rep=17 | Opt=436.00 | Pred=436.00 | Gap=0.0000 | Hamming=0 | Exact=1
K=2, n=100, m=600, rep=18 | Opt=175.00 | Pred=151.00 | Gap=0.1371 | Hamming=2 | Exact=0
K=2, n=100, m=600, rep=19 | Opt=394.00 | Pred=343.00 | Gap=0.1294 | Hamming=2 | Exact=0
K=2, n=100, m=800, rep=0 | Opt=590.00 | Pred=536.00 | Gap=0.0915 | Hamming=2 | Exact=0
K=2, n=100, m=800, rep=1 | Opt=347.00 | Pred=347.00 | Gap=0.0000 | Hamming=0 | Exact=1
K=2, n=100, m=800, rep=2 | Opt=573.00 | Pred=553.00 | Gap=0.0349 | Hamming=2 | Exact=0
K=2, n=100, m=800, rep=3 | Opt=467.00 | Pred=370.00 | Gap=0.2077 | Hamming=2 | Exact=0
K=2, n=100, m=800, rep=4 | Opt=533.00 | Pred=522.00 | Gap=0.0206 | Hamming=2 | Exact=0
K=2, n=100, m=800, rep=5 | Opt=648.00 | Pred=634.00 | Gap=0.0216 | Hamming=2 | Exact=0
K=2, n=100, m=800, rep=6 | Opt=471.00 | Pred=422.00 | Gap=0.1040 | Hamming=2 | Exact=0
K=2, n=100, m=800, rep=7 | Opt=534.00 | Pred=442.00 | Gap=0.1723 | Hamming=4 | Exact=0
K=2, n=100, m=800, rep=8 | Opt=489.00 | Pred=489.00 | Gap=0.0000 | Hamming=0 | Exact=1
K=2, n=100, m=800, rep=9 | Opt=496.00 | Pred=455.00 | Gap=0.0827 | Hamming=4 | Exact=0
K=2, n=100, m=800, rep=10 | Opt=401.00 | Pred=401.00 | Gap=0.0000 | Hamming=0 | Exact=1
K=2, n=100, m=800, rep=11 | Opt=436.00 | Pred=410.00 | Gap=0.0596 | Hamming=2 | Exact=0
K=2, n=100, m=800, rep=12 | Opt=705.00 | Pred=705.00 | Gap=0.0000 | Hamming=0 | Exact=1
K=2, n=100, m=800, rep=13 | Opt=365.00 | Pred=365.00 | Gap=0.0000 | Hamming=0 | Exact=1
K=2, n=100, m=800, rep=14 | Opt=903.00 | Pred=903.00 | Gap=0.0000 | Hamming=0 | Exact=1
K=2, n=100, m=800, rep=15 | Opt=519.00 | Pred=495.00 | Gap=0.0462 | Hamming=2 | Exact=0
K=2, n=100, m=800, rep=16 | Opt=519.00 | Pred=470.00 | Gap=0.0944 | Hamming=2 | Exact=0
K=2, n=100, m=800, rep=17 | Opt=599.00 | Pred=599.00 | Gap=0.0000 | Hamming=0 | Exact=1
K=2, n=100, m=800, rep=18 | Opt=557.00 | Pred=552.00 | Gap=0.0090 | Hamming=2 | Exact=0
K=2, n=100, m=800, rep=19 | Opt=489.00 | Pred=418.00 | Gap=0.1452 | Hamming=4 | Exact=0
K=2, n=200, m=400, rep=0 | Opt=438.00 | Pred=372.00 | Gap=0.1507 | Hamming=2 | Exact=0
K=2, n=200, m=400, rep=1 | Opt=534.00 | Pred=516.00 | Gap=0.0337 | Hamming=2 | Exact=0
K=2, n=200, m=400, rep=2 | Opt=260.00 | Pred=255.00 | Gap=0.0192 | Hamming=2 | Exact=0
K=2, n=200, m=400, rep=3 | Opt=199.00 | Pred=181.00 | Gap=0.0905 | Hamming=2 | Exact=0
K=2, n=200, m=400, rep=4 | Opt=181.00 | Pred=153.00 | Gap=0.1547 | Hamming=4 | Exact=0
K=2, n=200, m=400, rep=5 | Opt=72.00 | Pred=64.00 | Gap=0.1111 | Hamming=4 | Exact=0
K=2, n=200, m=400, rep=6 | Opt=166.00 | Pred=164.00 | Gap=0.0120 | Hamming=4 | Exact=0
K=2, n=200, m=400, rep=7 | Opt=252.00 | Pred=195.00 | Gap=0.2262 | Hamming=4 | Exact=0
K=2, n=200, m=400, rep=8 | Opt=45.00 | Pred=37.00 | Gap=0.1778 | Hamming=4 | Exact=0
K=2, n=200, m=400, rep=9 | Opt=462.00 | Pred=406.00 | Gap=0.1212 | Hamming=2 | Exact=0
K=2, n=200, m=400, rep=10 | Opt=539.00 | Pred=507.00 | Gap=0.0594 | Hamming=2 | Exact=0
K=2, n=200, m=400, rep=11 | Opt=46.00 | Pred=36.00 | Gap=0.2174 | Hamming=2 | Exact=0
K=2, n=200, m=400, rep=12 | Opt=215.00 | Pred=210.00 | Gap=0.0233 | Hamming=2 | Exact=0
K=2, n=200, m=400, rep=13 | Opt=116.00 | Pred=116.00 | Gap=0.0000 | Hamming=0 | Exact=1
K=2, n=200, m=400, rep=14 | Opt=420.00 | Pred=373.00 | Gap=0.1119 | Hamming=4 | Exact=0
K=2, n=200, m=400, rep=15 | Opt=75.00 | Pred=69.00 | Gap=0.0800 | Hamming=2 | Exact=0
K=2, n=200, m=400, rep=16 | Opt=61.00 | Pred=52.00 | Gap=0.1475 | Hamming=2 | Exact=0
K=2, n=200, m=400, rep=17 | Opt=152.00 | Pred=144.00 | Gap=0.0526 | Hamming=2 | Exact=0
K=2, n=200, m=400, rep=18 | Opt=174.00 | Pred=162.00 | Gap=0.0690 | Hamming=4 | Exact=0
K=2, n=200, m=400, rep=19 | Opt=284.00 | Pred=284.00 | Gap=0.0000 | Hamming=0 | Exact=1
K=2, n=200, m=500, rep=0 | Opt=458.00 | Pred=420.00 | Gap=0.0830 | Hamming=2 | Exact=0
K=2, n=200, m=500, rep=1 | Opt=441.00 | Pred=352.00 | Gap=0.2018 | Hamming=4 | Exact=0
K=2, n=200, m=500, rep=2 | Opt=100.00 | Pred=100.00 | Gap=0.0000 | Hamming=0 | Exact=1
K=2, n=200, m=500, rep=3 | Opt=365.00 | Pred=340.00 | Gap=0.0685 | Hamming=2 | Exact=0
K=2, n=200, m=500, rep=4 | Opt=252.00 | Pred=238.00 | Gap=0.0556 | Hamming=2 | Exact=0
K=2, n=200, m=500, rep=5 | Opt=130.00 | Pred=121.00 | Gap=0.0692 | Hamming=2 | Exact=0
K=2, n=200, m=500, rep=6 | Opt=68.00 | Pred=68.00 | Gap=0.0000 | Hamming=0 | Exact=1
K=2, n=200, m=500, rep=7 | Opt=405.00 | Pred=354.00 | Gap=0.1259 | Hamming=4 | Exact=0
K=2, n=200, m=500, rep=8 | Opt=400.00 | Pred=400.00 | Gap=0.0000 | Hamming=0 | Exact=1
K=2, n=200, m=500, rep=9 | Opt=595.00 | Pred=525.00 | Gap=0.1176 | Hamming=4 | Exact=0
K=2, n=200, m=500, rep=10 | Opt=391.00 | Pred=386.00 | Gap=0.0128 | Hamming=2 | Exact=0
K=2, n=200, m=500, rep=11 | Opt=361.00 | Pred=321.00 | Gap=0.1108 | Hamming=2 | Exact=0
K=2, n=200, m=500, rep=12 | Opt=206.00 | Pred=182.00 | Gap=0.1165 | Hamming=2 | Exact=0
K=2, n=200, m=500, rep=13 | Opt=128.00 | Pred=110.00 | Gap=0.1406 | Hamming=2 | Exact=0
K=2, n=200, m=500, rep=14 | Opt=688.00 | Pred=637.00 | Gap=0.0741 | Hamming=4 | Exact=0
K=2, n=200, m=500, rep=15 | Opt=146.00 | Pred=122.00 | Gap=0.1644 | Hamming=2 | Exact=0
K=2, n=200, m=500, rep=16 | Opt=80.00 | Pred=67.00 | Gap=0.1625 | Hamming=4 | Exact=0
K=2, n=200, m=500, rep=17 | Opt=478.00 | Pred=413.00 | Gap=0.1360 | Hamming=2 | Exact=0
K=2, n=200, m=500, rep=18 | Opt=79.00 | Pred=60.00 | Gap=0.2405 | Hamming=2 | Exact=0
K=2, n=200, m=500, rep=19 | Opt=168.00 | Pred=153.00 | Gap=0.0893 | Hamming=2 | Exact=0
K=2, n=200, m=600, rep=0 | Opt=216.00 | Pred=176.00 | Gap=0.1852 | Hamming=4 | Exact=0
K=2, n=200, m=600, rep=1 | Opt=131.00 | Pred=112.00 | Gap=0.1450 | Hamming=2 | Exact=0
K=2, n=200, m=600, rep=2 | Opt=363.00 | Pred=356.00 | Gap=0.0193 | Hamming=2 | Exact=0
K=2, n=200, m=600, rep=3 | Opt=570.00 | Pred=532.00 | Gap=0.0667 | Hamming=2 | Exact=0
K=2, n=200, m=600, rep=4 | Opt=154.00 | Pred=147.00 | Gap=0.0455 | Hamming=2 | Exact=0
K=2, n=200, m=600, rep=5 | Opt=64.00 | Pred=57.00 | Gap=0.1094 | Hamming=4 | Exact=0
K=2, n=200, m=600, rep=6 | Opt=312.00 | Pred=187.00 | Gap=0.4006 | Hamming=4 | Exact=0
K=2, n=200, m=600, rep=7 | Opt=489.00 | Pred=485.00 | Gap=0.0082 | Hamming=2 | Exact=0
K=2, n=200, m=600, rep=8 | Opt=245.00 | Pred=222.00 | Gap=0.0939 | Hamming=4 | Exact=0
K=2, n=200, m=600, rep=9 | Opt=305.00 | Pred=297.00 | Gap=0.0262 | Hamming=2 | Exact=0
K=2, n=200, m=600, rep=10 | Opt=640.00 | Pred=635.00 | Gap=0.0078 | Hamming=2 | Exact=0
K=2, n=200, m=600, rep=11 | Opt=204.00 | Pred=176.00 | Gap=0.1373 | Hamming=4 | Exact=0
K=2, n=200, m=600, rep=12 | Opt=150.00 | Pred=142.00 | Gap=0.0533 | Hamming=2 | Exact=0
K=2, n=200, m=600, rep=13 | Opt=473.00 | Pred=456.00 | Gap=0.0359 | Hamming=2 | Exact=0
K=2, n=200, m=600, rep=14 | Opt=344.00 | Pred=335.00 | Gap=0.0262 | Hamming=2 | Exact=0
K=2, n=200, m=600, rep=15 | Opt=242.00 | Pred=192.00 | Gap=0.2066 | Hamming=4 | Exact=0
K=2, n=200, m=600, rep=16 | Opt=455.00 | Pred=417.00 | Gap=0.0835 | Hamming=4 | Exact=0
K=2, n=200, m=600, rep=17 | Opt=474.00 | Pred=458.00 | Gap=0.0338 | Hamming=2 | Exact=0
K=2, n=200, m=600, rep=18 | Opt=71.00 | Pred=62.00 | Gap=0.1268 | Hamming=4 | Exact=0
K=2, n=200, m=600, rep=19 | Opt=540.00 | Pred=492.00 | Gap=0.0889 | Hamming=2 | Exact=0
K=2, n=200, m=800, rep=0 | Opt=260.00 | Pred=227.00 | Gap=0.1269 | Hamming=2 | Exact=0
K=2, n=200, m=800, rep=1 | Opt=451.00 | Pred=413.00 | Gap=0.0843 | Hamming=4 | Exact=0
K=2, n=200, m=800, rep=2 | Opt=480.00 | Pred=480.00 | Gap=0.0000 | Hamming=0 | Exact=1
K=2, n=200, m=800, rep=3 | Opt=424.00 | Pred=284.00 | Gap=0.3302 | Hamming=4 | Exact=0
K=2, n=200, m=800, rep=4 | Opt=109.00 | Pred=78.00 | Gap=0.2844 | Hamming=4 | Exact=0
K=2, n=200, m=800, rep=5 | Opt=470.00 | Pred=441.00 | Gap=0.0617 | Hamming=2 | Exact=0
K=2, n=200, m=800, rep=6 | Opt=191.00 | Pred=165.00 | Gap=0.1361 | Hamming=2 | Exact=0
K=2, n=200, m=800, rep=7 | Opt=207.00 | Pred=178.00 | Gap=0.1401 | Hamming=4 | Exact=0
K=2, n=200, m=800, rep=8 | Opt=247.00 | Pred=214.00 | Gap=0.1336 | Hamming=4 | Exact=0
K=2, n=200, m=800, rep=9 | Opt=354.00 | Pred=290.00 | Gap=0.1808 | Hamming=2 | Exact=0
K=2, n=200, m=800, rep=10 | Opt=528.00 | Pred=458.00 | Gap=0.1326 | Hamming=2 | Exact=0
K=2, n=200, m=800, rep=11 | Opt=559.00 | Pred=559.00 | Gap=0.0000 | Hamming=0 | Exact=1
K=2, n=200, m=800, rep=12 | Opt=664.00 | Pred=637.00 | Gap=0.0407 | Hamming=2 | Exact=0
K=2, n=200, m=800, rep=13 | Opt=156.00 | Pred=140.00 | Gap=0.1026 | Hamming=2 | Exact=0
K=2, n=200, m=800, rep=14 | Opt=546.00 | Pred=533.00 | Gap=0.0238 | Hamming=2 | Exact=0
K=2, n=200, m=800, rep=15 | Opt=284.00 | Pred=242.00 | Gap=0.1479 | Hamming=2 | Exact=0
K=2, n=200, m=800, rep=16 | Opt=269.00 | Pred=269.00 | Gap=0.0000 | Hamming=0 | Exact=1
K=2, n=200, m=800, rep=17 | Opt=243.00 | Pred=189.00 | Gap=0.2222 | Hamming=2 | Exact=0
K=2, n=200, m=800, rep=18 | Opt=364.00 | Pred=328.00 | Gap=0.0989 | Hamming=2 | Exact=0
K=2, n=200, m=800, rep=19 | Opt=324.00 | Pred=273.00 | Gap=0.1574 | Hamming=2 | Exact=0
K=2, n=200, m=1000, rep=0 | Opt=143.00 | Pred=105.00 | Gap=0.2657 | Hamming=4 | Exact=0
K=2, n=200, m=1000, rep=1 | Opt=180.00 | Pred=157.00 | Gap=0.1278 | Hamming=4 | Exact=0
K=2, n=200, m=1000, rep=2 | Opt=354.00 | Pred=312.00 | Gap=0.1186 | Hamming=2 | Exact=0
K=2, n=200, m=1000, rep=3 | Opt=880.00 | Pred=837.00 | Gap=0.0489 | Hamming=2 | Exact=0
K=2, n=200, m=1000, rep=4 | Opt=235.00 | Pred=193.00 | Gap=0.1787 | Hamming=4 | Exact=0
K=2, n=200, m=1000, rep=5 | Opt=853.00 | Pred=762.00 | Gap=0.1067 | Hamming=4 | Exact=0
K=2, n=200, m=1000, rep=6 | Opt=395.00 | Pred=363.00 | Gap=0.0810 | Hamming=2 | Exact=0
K=2, n=200, m=1000, rep=7 | Opt=356.00 | Pred=356.00 | Gap=0.0000 | Hamming=0 | Exact=1
K=2, n=200, m=1000, rep=8 | Opt=656.00 | Pred=646.00 | Gap=0.0152 | Hamming=2 | Exact=0
K=2, n=200, m=1000, rep=9 | Opt=400.00 | Pred=367.00 | Gap=0.0825 | Hamming=4 | Exact=0
K=2, n=200, m=1000, rep=10 | Opt=275.00 | Pred=265.00 | Gap=0.0364 | Hamming=2 | Exact=0
K=2, n=200, m=1000, rep=11 | Opt=131.00 | Pred=116.00 | Gap=0.1145 | Hamming=4 | Exact=0
K=2, n=200, m=1000, rep=12 | Opt=434.00 | Pred=434.00 | Gap=0.0000 | Hamming=0 | Exact=1
K=2, n=200, m=1000, rep=13 | Opt=421.00 | Pred=407.00 | Gap=0.0333 | Hamming=2 | Exact=0
K=2, n=200, m=1000, rep=14 | Opt=549.00 | Pred=549.00 | Gap=0.0000 | Hamming=0 | Exact=1
K=2, n=200, m=1000, rep=15 | Opt=469.00 | Pred=469.00 | Gap=0.0000 | Hamming=0 | Exact=1
K=2, n=200, m=1000, rep=16 | Opt=624.00 | Pred=624.00 | Gap=0.0000 | Hamming=0 | Exact=1
K=2, n=200, m=1000, rep=17 | Opt=710.00 | Pred=683.00 | Gap=0.0380 | Hamming=2 | Exact=0
K=2, n=200, m=1000, rep=18 | Opt=190.00 | Pred=166.00 | Gap=0.1263 | Hamming=2 | Exact=0
K=2, n=200, m=1000, rep=19 | Opt=265.00 | Pred=213.00 | Gap=0.1962 | Hamming=4 | Exact=0
K=2, n=200, m=1200, rep=0 | Opt=218.00 | Pred=186.00 | Gap=0.1468 | Hamming=4 | Exact=0
K=2, n=200, m=1200, rep=1 | Opt=404.00 | Pred=375.00 | Gap=0.0718 | Hamming=2 | Exact=0
K=2, n=200, m=1200, rep=2 | Opt=154.00 | Pred=154.00 | Gap=0.0000 | Hamming=1 | Exact=0
K=2, n=200, m=1200, rep=3 | Opt=591.00 | Pred=527.00 | Gap=0.1083 | Hamming=4 | Exact=0
K=2, n=200, m=1200, rep=4 | Opt=646.00 | Pred=552.00 | Gap=0.1455 | Hamming=4 | Exact=0
K=2, n=200, m=1200, rep=5 | Opt=406.00 | Pred=373.00 | Gap=0.0813 | Hamming=2 | Exact=0
K=2, n=200, m=1200, rep=6 | Opt=356.00 | Pred=324.00 | Gap=0.0899 | Hamming=2 | Exact=0
K=2, n=200, m=1200, rep=7 | Opt=591.00 | Pred=523.00 | Gap=0.1151 | Hamming=2 | Exact=0
K=2, n=200, m=1200, rep=8 | Opt=482.00 | Pred=430.00 | Gap=0.1079 | Hamming=2 | Exact=0
K=2, n=200, m=1200, rep=9 | Opt=609.00 | Pred=596.00 | Gap=0.0213 | Hamming=2 | Exact=0
K=2, n=200, m=1200, rep=10 | Opt=598.00 | Pred=592.00 | Gap=0.0100 | Hamming=2 | Exact=0
K=2, n=200, m=1200, rep=11 | Opt=587.00 | Pred=587.00 | Gap=0.0000 | Hamming=0 | Exact=1
K=2, n=200, m=1200, rep=12 | Opt=703.00 | Pred=703.00 | Gap=0.0000 | Hamming=0 | Exact=1
K=2, n=200, m=1200, rep=13 | Opt=329.00 | Pred=329.00 | Gap=0.0000 | Hamming=0 | Exact=1
K=2, n=200, m=1200, rep=14 | Opt=331.00 | Pred=306.00 | Gap=0.0755 | Hamming=2 | Exact=0
K=2, n=200, m=1200, rep=15 | Opt=88.00 | Pred=73.00 | Gap=0.1705 | Hamming=4 | Exact=0
K=2, n=200, m=1200, rep=16 | Opt=972.00 | Pred=971.00 | Gap=0.0010 | Hamming=4 | Exact=0
K=2, n=200, m=1200, rep=17 | Opt=478.00 | Pred=478.00 | Gap=0.0000 | Hamming=0 | Exact=1
K=2, n=200, m=1200, rep=18 | Opt=512.00 | Pred=467.00 | Gap=0.0879 | Hamming=2 | Exact=0
K=2, n=200, m=1200, rep=19 | Opt=534.00 | Pred=526.00 | Gap=0.0150 | Hamming=4 | Exact=0
K=2, n=200, m=1600, rep=0 | Opt=961.00 | Pred=961.00 | Gap=0.0000 | Hamming=0 | Exact=1
K=2, n=200, m=1600, rep=1 | Opt=387.00 | Pred=373.00 | Gap=0.0362 | Hamming=2 | Exact=0
K=2, n=200, m=1600, rep=2 | Opt=518.00 | Pred=485.00 | Gap=0.0637 | Hamming=4 | Exact=0
K=2, n=200, m=1600, rep=3 | Opt=632.00 | Pred=632.00 | Gap=0.0000 | Hamming=0 | Exact=1
K=2, n=200, m=1600, rep=4 | Opt=259.00 | Pred=238.00 | Gap=0.0811 | Hamming=2 | Exact=0
K=2, n=200, m=1600, rep=5 | Opt=736.00 | Pred=736.00 | Gap=0.0000 | Hamming=0 | Exact=1
K=2, n=200, m=1600, rep=6 | Opt=773.00 | Pred=773.00 | Gap=0.0000 | Hamming=0 | Exact=1
K=2, n=200, m=1600, rep=7 | Opt=610.00 | Pred=610.00 | Gap=0.0000 | Hamming=0 | Exact=1
K=2, n=200, m=1600, rep=8 | Opt=461.00 | Pred=450.00 | Gap=0.0239 | Hamming=4 | Exact=0
K=2, n=200, m=1600, rep=9 | Opt=517.00 | Pred=494.00 | Gap=0.0445 | Hamming=2 | Exact=0
K=2, n=200, m=1600, rep=10 | Opt=628.00 | Pred=598.00 | Gap=0.0478 | Hamming=4 | Exact=0
K=2, n=200, m=1600, rep=11 | Opt=452.00 | Pred=452.00 | Gap=0.0000 | Hamming=0 | Exact=1
K=2, n=200, m=1600, rep=12 | Opt=412.00 | Pred=403.00 | Gap=0.0218 | Hamming=2 | Exact=0
K=2, n=200, m=1600, rep=13 | Opt=759.00 | Pred=718.00 | Gap=0.0540 | Hamming=2 | Exact=0
K=2, n=200, m=1600, rep=14 | Opt=593.00 | Pred=550.00 | Gap=0.0725 | Hamming=2 | Exact=0
K=2, n=200, m=1600, rep=15 | Opt=208.00 | Pred=208.00 | Gap=0.0000 | Hamming=2 | Exact=0
K=2, n=200, m=1600, rep=16 | Opt=400.00 | Pred=366.00 | Gap=0.0850 | Hamming=2 | Exact=0
K=2, n=200, m=1600, rep=17 | Opt=723.00 | Pred=675.00 | Gap=0.0664 | Hamming=4 | Exact=0
K=2, n=200, m=1600, rep=18 | Opt=499.00 | Pred=422.00 | Gap=0.1543 | Hamming=4 | Exact=0
K=2, n=200, m=1600, rep=19 | Opt=572.00 | Pred=560.00 | Gap=0.0210 | Hamming=4 | Exact=0
K=2, n=400, m=800, rep=0 | Opt=249.00 | Pred=211.00 | Gap=0.1526 | Hamming=2 | Exact=0
K=2, n=400, m=800, rep=1 | Opt=547.00 | Pred=500.00 | Gap=0.0859 | Hamming=4 | Exact=0
K=2, n=400, m=800, rep=2 | Opt=201.00 | Pred=185.00 | Gap=0.0796 | Hamming=4 | Exact=0
K=2, n=400, m=800, rep=3 | Opt=144.00 | Pred=123.00 | Gap=0.1458 | Hamming=4 | Exact=0
K=2, n=400, m=800, rep=4 | Opt=76.00 | Pred=69.00 | Gap=0.0921 | Hamming=2 | Exact=0
K=2, n=400, m=800, rep=5 | Opt=62.00 | Pred=59.00 | Gap=0.0484 | Hamming=2 | Exact=0
K=2, n=400, m=800, rep=6 | Opt=411.00 | Pred=332.00 | Gap=0.1922 | Hamming=4 | Exact=0
K=2, n=400, m=800, rep=7 | Opt=62.00 | Pred=60.00 | Gap=0.0323 | Hamming=2 | Exact=0
K=2, n=400, m=800, rep=8 | Opt=316.00 | Pred=292.00 | Gap=0.0759 | Hamming=2 | Exact=0
K=2, n=400, m=800, rep=9 | Opt=598.00 | Pred=582.00 | Gap=0.0268 | Hamming=2 | Exact=0
K=2, n=400, m=800, rep=10 | Opt=283.00 | Pred=253.00 | Gap=0.1060 | Hamming=2 | Exact=0
K=2, n=400, m=800, rep=11 | Opt=59.00 | Pred=53.00 | Gap=0.1017 | Hamming=2 | Exact=0
K=2, n=400, m=800, rep=12 | Opt=340.00 | Pred=340.00 | Gap=0.0000 | Hamming=0 | Exact=1
K=2, n=400, m=800, rep=13 | Opt=242.00 | Pred=237.00 | Gap=0.0207 | Hamming=2 | Exact=0
K=2, n=400, m=800, rep=14 | Opt=60.00 | Pred=50.00 | Gap=0.1667 | Hamming=2 | Exact=0
K=2, n=400, m=800, rep=15 | Opt=75.00 | Pred=72.00 | Gap=0.0400 | Hamming=2 | Exact=0
K=2, n=400, m=800, rep=16 | Opt=120.00 | Pred=112.00 | Gap=0.0667 | Hamming=4 | Exact=0
K=2, n=400, m=800, rep=17 | Opt=434.00 | Pred=399.00 | Gap=0.0806 | Hamming=2 | Exact=0
K=2, n=400, m=800, rep=18 | Opt=100.00 | Pred=96.00 | Gap=0.0400 | Hamming=2 | Exact=0
K=2, n=400, m=800, rep=19 | Opt=168.00 | Pred=150.00 | Gap=0.1071 | Hamming=4 | Exact=0
K=2, n=400, m=1000, rep=0 | Opt=514.00 | Pred=466.00 | Gap=0.0934 | Hamming=2 | Exact=0
K=2, n=400, m=1000, rep=1 | Opt=950.00 | Pred=837.00 | Gap=0.1189 | Hamming=4 | Exact=0
K=2, n=400, m=1000, rep=2 | Opt=207.00 | Pred=205.00 | Gap=0.0097 | Hamming=2 | Exact=0
K=2, n=400, m=1000, rep=3 | Opt=839.00 | Pred=775.00 | Gap=0.0763 | Hamming=2 | Exact=0
K=2, n=400, m=1000, rep=4 | Opt=279.00 | Pred=232.00 | Gap=0.1685 | Hamming=4 | Exact=0
K=2, n=400, m=1000, rep=5 | Opt=614.00 | Pred=539.00 | Gap=0.1221 | Hamming=2 | Exact=0
K=2, n=400, m=1000, rep=6 | Opt=635.00 | Pred=635.00 | Gap=0.0000 | Hamming=2 | Exact=0
K=2, n=400, m=1000, rep=7 | Opt=164.00 | Pred=148.00 | Gap=0.0976 | Hamming=2 | Exact=0
K=2, n=400, m=1000, rep=8 | Opt=46.00 | Pred=40.00 | Gap=0.1304 | Hamming=2 | Exact=0
K=2, n=400, m=1000, rep=9 | Opt=386.00 | Pred=386.00 | Gap=0.0000 | Hamming=0 | Exact=1
K=2, n=400, m=1000, rep=10 | Opt=244.00 | Pred=240.00 | Gap=0.0164 | Hamming=2 | Exact=0
K=2, n=400, m=1000, rep=11 | Opt=813.00 | Pred=784.00 | Gap=0.0357 | Hamming=2 | Exact=0
K=2, n=400, m=1000, rep=12 | Opt=675.00 | Pred=581.00 | Gap=0.1393 | Hamming=4 | Exact=0
K=2, n=400, m=1000, rep=13 | Opt=538.00 | Pred=536.00 | Gap=0.0037 | Hamming=2 | Exact=0
K=2, n=400, m=1000, rep=14 | Opt=346.00 | Pred=295.00 | Gap=0.1474 | Hamming=4 | Exact=0
K=2, n=400, m=1000, rep=15 | Opt=164.00 | Pred=137.00 | Gap=0.1646 | Hamming=2 | Exact=0
K=2, n=400, m=1000, rep=16 | Opt=192.00 | Pred=188.00 | Gap=0.0208 | Hamming=2 | Exact=0
K=2, n=400, m=1000, rep=17 | Opt=188.00 | Pred=158.00 | Gap=0.1596 | Hamming=4 | Exact=0
K=2, n=400, m=1000, rep=18 | Opt=617.00 | Pred=592.00 | Gap=0.0405 | Hamming=2 | Exact=0
K=2, n=400, m=1000, rep=19 | Opt=524.00 | Pred=502.00 | Gap=0.0420 | Hamming=4 | Exact=0
K=2, n=400, m=1200, rep=0 | Opt=601.00 | Pred=558.00 | Gap=0.0715 | Hamming=4 | Exact=0
K=2, n=400, m=1200, rep=1 | Opt=46.00 | Pred=40.00 | Gap=0.1304 | Hamming=2 | Exact=0
K=2, n=400, m=1200, rep=2 | Opt=454.00 | Pred=440.00 | Gap=0.0308 | Hamming=2 | Exact=0
K=2, n=400, m=1200, rep=3 | Opt=70.00 | Pred=58.00 | Gap=0.1714 | Hamming=2 | Exact=0
K=2, n=400, m=1200, rep=4 | Opt=512.00 | Pred=455.00 | Gap=0.1113 | Hamming=4 | Exact=0
K=2, n=400, m=1200, rep=5 | Opt=286.00 | Pred=244.00 | Gap=0.1469 | Hamming=4 | Exact=0
K=2, n=400, m=1200, rep=6 | Opt=362.00 | Pred=358.00 | Gap=0.0110 | Hamming=2 | Exact=0
K=2, n=400, m=1200, rep=7 | Opt=406.00 | Pred=406.00 | Gap=0.0000 | Hamming=2 | Exact=0
K=2, n=400, m=1200, rep=8 | Opt=404.00 | Pred=347.00 | Gap=0.1411 | Hamming=4 | Exact=0
K=2, n=400, m=1200, rep=9 | Opt=340.00 | Pred=340.00 | Gap=0.0000 | Hamming=0 | Exact=1
K=2, n=400, m=1200, rep=10 | Opt=351.00 | Pred=302.00 | Gap=0.1396 | Hamming=2 | Exact=0
K=2, n=400, m=1200, rep=11 | Opt=251.00 | Pred=192.00 | Gap=0.2351 | Hamming=2 | Exact=0
K=2, n=400, m=1200, rep=12 | Opt=363.00 | Pred=359.00 | Gap=0.0110 | Hamming=2 | Exact=0
K=2, n=400, m=1200, rep=13 | Opt=764.00 | Pred=764.00 | Gap=0.0000 | Hamming=0 | Exact=1
K=2, n=400, m=1200, rep=14 | Opt=87.00 | Pred=63.00 | Gap=0.2759 | Hamming=4 | Exact=0
K=2, n=400, m=1200, rep=15 | Opt=157.00 | Pred=142.00 | Gap=0.0955 | Hamming=2 | Exact=0
K=2, n=400, m=1200, rep=16 | Opt=402.00 | Pred=372.00 | Gap=0.0746 | Hamming=2 | Exact=0
K=2, n=400, m=1200, rep=17 | Opt=39.00 | Pred=35.00 | Gap=0.1026 | Hamming=2 | Exact=0
K=2, n=400, m=1200, rep=18 | Opt=42.00 | Pred=42.00 | Gap=0.0000 | Hamming=0 | Exact=1
K=2, n=400, m=1200, rep=19 | Opt=116.00 | Pred=64.00 | Gap=0.4483 | Hamming=4 | Exact=0
K=2, n=400, m=1600, rep=0 | Opt=374.00 | Pred=347.00 | Gap=0.0722 | Hamming=2 | Exact=0
K=2, n=400, m=1600, rep=1 | Opt=335.00 | Pred=313.00 | Gap=0.0657 | Hamming=4 | Exact=0
K=2, n=400, m=1600, rep=2 | Opt=322.00 | Pred=290.00 | Gap=0.0994 | Hamming=4 | Exact=0
K=2, n=400, m=1600, rep=3 | Opt=159.00 | Pred=139.00 | Gap=0.1258 | Hamming=4 | Exact=0
K=2, n=400, m=1600, rep=4 | Opt=929.00 | Pred=861.00 | Gap=0.0732 | Hamming=4 | Exact=0
K=2, n=400, m=1600, rep=5 | Opt=607.00 | Pred=512.00 | Gap=0.1565 | Hamming=4 | Exact=0
K=2, n=400, m=1600, rep=6 | Opt=678.00 | Pred=659.00 | Gap=0.0280 | Hamming=2 | Exact=0
K=2, n=400, m=1600, rep=7 | Opt=579.00 | Pred=527.00 | Gap=0.0898 | Hamming=2 | Exact=0
K=2, n=400, m=1600, rep=8 | Opt=432.00 | Pred=366.00 | Gap=0.1528 | Hamming=4 | Exact=0
K=2, n=400, m=1600, rep=9 | Opt=131.00 | Pred=107.00 | Gap=0.1832 | Hamming=2 | Exact=0
K=2, n=400, m=1600, rep=10 | Opt=510.00 | Pred=456.00 | Gap=0.1059 | Hamming=2 | Exact=0
K=2, n=400, m=1600, rep=11 | Opt=221.00 | Pred=214.00 | Gap=0.0317 | Hamming=4 | Exact=0
K=2, n=400, m=1600, rep=12 | Opt=431.00 | Pred=423.00 | Gap=0.0186 | Hamming=2 | Exact=0
K=2, n=400, m=1600, rep=13 | Opt=533.00 | Pred=499.00 | Gap=0.0638 | Hamming=4 | Exact=0
K=2, n=400, m=1600, rep=14 | Opt=498.00 | Pred=459.00 | Gap=0.0783 | Hamming=2 | Exact=0
K=2, n=400, m=1600, rep=15 | Opt=48.00 | Pred=46.00 | Gap=0.0417 | Hamming=4 | Exact=0
K=2, n=400, m=1600, rep=16 | Opt=88.00 | Pred=84.00 | Gap=0.0455 | Hamming=2 | Exact=0
K=2, n=400, m=1600, rep=17 | Opt=654.00 | Pred=654.00 | Gap=0.0000 | Hamming=0 | Exact=1
K=2, n=400, m=1600, rep=18 | Opt=547.00 | Pred=488.00 | Gap=0.1079 | Hamming=2 | Exact=0
K=2, n=400, m=1600, rep=19 | Opt=712.00 | Pred=670.00 | Gap=0.0590 | Hamming=2 | Exact=0
K=2, n=400, m=2000, rep=0 | Opt=837.00 | Pred=818.00 | Gap=0.0227 | Hamming=2 | Exact=0
K=2, n=400, m=2000, rep=1 | Opt=587.00 | Pred=567.00 | Gap=0.0341 | Hamming=2 | Exact=0
K=2, n=400, m=2000, rep=2 | Opt=349.00 | Pred=328.00 | Gap=0.0602 | Hamming=2 | Exact=0
K=2, n=400, m=2000, rep=3 | Opt=445.00 | Pred=438.00 | Gap=0.0157 | Hamming=2 | Exact=0
K=2, n=400, m=2000, rep=4 | Opt=282.00 | Pred=243.00 | Gap=0.1383 | Hamming=2 | Exact=0
K=2, n=400, m=2000, rep=5 | Opt=272.00 | Pred=250.00 | Gap=0.0809 | Hamming=2 | Exact=0
K=2, n=400, m=2000, rep=6 | Opt=356.00 | Pred=356.00 | Gap=0.0000 | Hamming=0 | Exact=1
K=2, n=400, m=2000, rep=7 | Opt=397.00 | Pred=339.00 | Gap=0.1461 | Hamming=2 | Exact=0
K=2, n=400, m=2000, rep=8 | Opt=393.00 | Pred=346.00 | Gap=0.1196 | Hamming=4 | Exact=0
K=2, n=400, m=2000, rep=9 | Opt=587.00 | Pred=555.00 | Gap=0.0545 | Hamming=2 | Exact=0
K=2, n=400, m=2000, rep=10 | Opt=782.00 | Pred=731.00 | Gap=0.0652 | Hamming=2 | Exact=0
K=2, n=400, m=2000, rep=11 | Opt=322.00 | Pred=322.00 | Gap=0.0000 | Hamming=0 | Exact=1
K=2, n=400, m=2000, rep=12 | Opt=509.00 | Pred=426.00 | Gap=0.1631 | Hamming=4 | Exact=0
K=2, n=400, m=2000, rep=13 | Opt=198.00 | Pred=189.00 | Gap=0.0455 | Hamming=2 | Exact=0
K=2, n=400, m=2000, rep=14 | Opt=589.00 | Pred=553.00 | Gap=0.0611 | Hamming=2 | Exact=0
K=2, n=400, m=2000, rep=15 | Opt=299.00 | Pred=281.00 | Gap=0.0602 | Hamming=4 | Exact=0
K=2, n=400, m=2000, rep=16 | Opt=299.00 | Pred=299.00 | Gap=0.0000 | Hamming=0 | Exact=1
K=2, n=400, m=2000, rep=17 | Opt=92.00 | Pred=92.00 | Gap=0.0000 | Hamming=0 | Exact=1
K=2, n=400, m=2000, rep=18 | Opt=478.00 | Pred=437.00 | Gap=0.0858 | Hamming=4 | Exact=0
K=2, n=400, m=2000, rep=19 | Opt=763.00 | Pred=681.00 | Gap=0.1075 | Hamming=4 | Exact=0
K=2, n=400, m=2400, rep=0 | Opt=209.00 | Pred=199.00 | Gap=0.0478 | Hamming=2 | Exact=0
K=2, n=400, m=2400, rep=1 | Opt=535.00 | Pred=487.00 | Gap=0.0897 | Hamming=2 | Exact=0
K=2, n=400, m=2400, rep=2 | Opt=405.00 | Pred=405.00 | Gap=0.0000 | Hamming=0 | Exact=1
K=2, n=400, m=2400, rep=3 | Opt=248.00 | Pred=222.00 | Gap=0.1048 | Hamming=2 | Exact=0
K=2, n=400, m=2400, rep=4 | Opt=630.00 | Pred=606.00 | Gap=0.0381 | Hamming=4 | Exact=0
K=2, n=400, m=2400, rep=5 | Opt=82.00 | Pred=75.00 | Gap=0.0854 | Hamming=2 | Exact=0
K=2, n=400, m=2400, rep=6 | Opt=984.00 | Pred=939.00 | Gap=0.0457 | Hamming=2 | Exact=0
K=2, n=400, m=2400, rep=7 | Opt=656.00 | Pred=616.00 | Gap=0.0610 | Hamming=2 | Exact=0
K=2, n=400, m=2400, rep=8 | Opt=290.00 | Pred=290.00 | Gap=0.0000 | Hamming=0 | Exact=1
K=2, n=400, m=2400, rep=9 | Opt=738.00 | Pred=673.00 | Gap=0.0881 | Hamming=4 | Exact=0
K=2, n=400, m=2400, rep=10 | Opt=481.00 | Pred=456.00 | Gap=0.0520 | Hamming=2 | Exact=0
K=2, n=400, m=2400, rep=11 | Opt=290.00 | Pred=290.00 | Gap=0.0000 | Hamming=0 | Exact=1
K=2, n=400, m=2400, rep=12 | Opt=382.00 | Pred=338.00 | Gap=0.1152 | Hamming=4 | Exact=0
K=2, n=400, m=2400, rep=13 | Opt=358.00 | Pred=304.00 | Gap=0.1508 | Hamming=4 | Exact=0
K=2, n=400, m=2400, rep=14 | Opt=571.00 | Pred=550.00 | Gap=0.0368 | Hamming=2 | Exact=0
K=2, n=400, m=2400, rep=15 | Opt=728.00 | Pred=703.00 | Gap=0.0343 | Hamming=4 | Exact=0
K=2, n=400, m=2400, rep=16 | Opt=777.00 | Pred=739.00 | Gap=0.0489 | Hamming=2 | Exact=0
K=2, n=400, m=2400, rep=17 | Opt=605.00 | Pred=591.00 | Gap=0.0231 | Hamming=2 | Exact=0
K=2, n=400, m=2400, rep=18 | Opt=391.00 | Pred=385.00 | Gap=0.0153 | Hamming=2 | Exact=0
K=2, n=400, m=2400, rep=19 | Opt=373.00 | Pred=373.00 | Gap=0.0000 | Hamming=0 | Exact=1
K=2, n=400, m=3200, rep=0 | Opt=613.00 | Pred=602.00 | Gap=0.0179 | Hamming=2 | Exact=0
K=2, n=400, m=3200, rep=1 | Opt=571.00 | Pred=571.00 | Gap=0.0000 | Hamming=0 | Exact=1
K=2, n=400, m=3200, rep=2 | Opt=247.00 | Pred=203.00 | Gap=0.1781 | Hamming=4 | Exact=0
K=2, n=400, m=3200, rep=3 | Opt=833.00 | Pred=833.00 | Gap=0.0000 | Hamming=0 | Exact=1
K=2, n=400, m=3200, rep=4 | Opt=576.00 | Pred=437.00 | Gap=0.2413 | Hamming=4 | Exact=0
K=2, n=400, m=3200, rep=5 | Opt=1062.00 | Pred=1054.00 | Gap=0.0075 | Hamming=2 | Exact=0
K=2, n=400, m=3200, rep=6 | Opt=307.00 | Pred=298.00 | Gap=0.0293 | Hamming=2 | Exact=0
K=2, n=400, m=3200, rep=7 | Opt=871.00 | Pred=849.00 | Gap=0.0253 | Hamming=2 | Exact=0
K=2, n=400, m=3200, rep=8 | Opt=590.00 | Pred=552.00 | Gap=0.0644 | Hamming=2 | Exact=0
K=2, n=400, m=3200, rep=9 | Opt=736.00 | Pred=712.00 | Gap=0.0326 | Hamming=4 | Exact=0
K=2, n=400, m=3200, rep=10 | Opt=429.00 | Pred=412.00 | Gap=0.0396 | Hamming=2 | Exact=0
K=2, n=400, m=3200, rep=11 | Opt=232.00 | Pred=200.00 | Gap=0.1379 | Hamming=4 | Exact=0
K=2, n=400, m=3200, rep=12 | Opt=628.00 | Pred=565.00 | Gap=0.1003 | Hamming=2 | Exact=0
K=2, n=400, m=3200, rep=13 | Opt=422.00 | Pred=372.00 | Gap=0.1185 | Hamming=4 | Exact=0
K=2, n=400, m=3200, rep=14 | Opt=493.00 | Pred=493.00 | Gap=0.0000 | Hamming=0 | Exact=1
K=2, n=400, m=3200, rep=15 | Opt=352.00 | Pred=340.00 | Gap=0.0341 | Hamming=2 | Exact=0
K=2, n=400, m=3200, rep=16 | Opt=491.00 | Pred=491.00 | Gap=0.0000 | Hamming=0 | Exact=1
K=2, n=400, m=3200, rep=17 | Opt=791.00 | Pred=750.00 | Gap=0.0518 | Hamming=4 | Exact=0
K=2, n=400, m=3200, rep=18 | Opt=666.00 | Pred=666.00 | Gap=0.0000 | Hamming=0 | Exact=1
K=2, n=400, m=3200, rep=19 | Opt=784.00 | Pred=772.00 | Gap=0.0153 | Hamming=2 | Exact=0
K=2, n=600, m=1200, rep=0 | Opt=520.00 | Pred=488.00 | Gap=0.0615 | Hamming=2 | Exact=0
K=2, n=600, m=1200, rep=1 | Opt=55.00 | Pred=47.00 | Gap=0.1455 | Hamming=4 | Exact=0
K=2, n=600, m=1200, rep=2 | Opt=350.00 | Pred=341.00 | Gap=0.0257 | Hamming=2 | Exact=0
K=2, n=600, m=1200, rep=3 | Opt=322.00 | Pred=315.00 | Gap=0.0217 | Hamming=2 | Exact=0
K=2, n=600, m=1200, rep=4 | Opt=318.00 | Pred=242.00 | Gap=0.2390 | Hamming=4 | Exact=0
K=2, n=600, m=1200, rep=5 | Opt=270.00 | Pred=270.00 | Gap=0.0000 | Hamming=0 | Exact=1
K=2, n=600, m=1200, rep=6 | Opt=220.00 | Pred=190.00 | Gap=0.1364 | Hamming=4 | Exact=0
K=2, n=600, m=1200, rep=7 | Opt=404.00 | Pred=404.00 | Gap=0.0000 | Hamming=0 | Exact=1
K=2, n=600, m=1200, rep=8 | Opt=198.00 | Pred=186.00 | Gap=0.0606 | Hamming=2 | Exact=0
K=2, n=600, m=1200, rep=9 | Opt=678.00 | Pred=618.00 | Gap=0.0885 | Hamming=2 | Exact=0
K=2, n=600, m=1200, rep=10 | Opt=758.00 | Pred=702.00 | Gap=0.0739 | Hamming=4 | Exact=0
K=2, n=600, m=1200, rep=11 | Opt=179.00 | Pred=132.00 | Gap=0.2626 | Hamming=4 | Exact=0
K=2, n=600, m=1200, rep=12 | Opt=333.00 | Pred=201.00 | Gap=0.3964 | Hamming=4 | Exact=0
K=2, n=600, m=1200, rep=13 | Opt=245.00 | Pred=186.00 | Gap=0.2408 | Hamming=4 | Exact=0
K=2, n=600, m=1200, rep=14 | Opt=80.00 | Pred=78.00 | Gap=0.0250 | Hamming=2 | Exact=0
K=2, n=600, m=1200, rep=15 | Opt=62.00 | Pred=61.00 | Gap=0.0161 | Hamming=2 | Exact=0
K=2, n=600, m=1200, rep=16 | Opt=313.00 | Pred=294.00 | Gap=0.0607 | Hamming=2 | Exact=0
K=2, n=600, m=1200, rep=17 | Opt=144.00 | Pred=112.00 | Gap=0.2222 | Hamming=4 | Exact=0
K=2, n=600, m=1200, rep=18 | Opt=348.00 | Pred=336.00 | Gap=0.0345 | Hamming=2 | Exact=0
K=2, n=600, m=1200, rep=19 | Opt=620.00 | Pred=596.00 | Gap=0.0387 | Hamming=2 | Exact=0
K=2, n=600, m=1500, rep=0 | Opt=211.00 | Pred=178.00 | Gap=0.1564 | Hamming=4 | Exact=0
K=2, n=600, m=1500, rep=1 | Opt=240.00 | Pred=220.00 | Gap=0.0833 | Hamming=2 | Exact=0
K=2, n=600, m=1500, rep=2 | Opt=235.00 | Pred=192.00 | Gap=0.1830 | Hamming=4 | Exact=0
K=2, n=600, m=1500, rep=3 | Opt=201.00 | Pred=178.00 | Gap=0.1144 | Hamming=2 | Exact=0
K=2, n=600, m=1500, rep=4 | Opt=528.00 | Pred=477.00 | Gap=0.0966 | Hamming=2 | Exact=0
K=2, n=600, m=1500, rep=5 | Opt=65.00 | Pred=56.00 | Gap=0.1385 | Hamming=2 | Exact=0
K=2, n=600, m=1500, rep=6 | Opt=246.00 | Pred=235.00 | Gap=0.0447 | Hamming=2 | Exact=0
K=2, n=600, m=1500, rep=7 | Opt=157.00 | Pred=157.00 | Gap=0.0000 | Hamming=0 | Exact=1
K=2, n=600, m=1500, rep=8 | Opt=46.00 | Pred=40.00 | Gap=0.1304 | Hamming=4 | Exact=0
K=2, n=600, m=1500, rep=9 | Opt=43.00 | Pred=36.00 | Gap=0.1628 | Hamming=4 | Exact=0
K=2, n=600, m=1500, rep=10 | Opt=409.00 | Pred=353.00 | Gap=0.1369 | Hamming=4 | Exact=0
K=2, n=600, m=1500, rep=11 | Opt=518.00 | Pred=518.00 | Gap=0.0000 | Hamming=0 | Exact=1
K=2, n=600, m=1500, rep=12 | Opt=540.00 | Pred=501.00 | Gap=0.0722 | Hamming=2 | Exact=0
K=2, n=600, m=1500, rep=13 | Opt=120.00 | Pred=110.00 | Gap=0.0833 | Hamming=2 | Exact=0
K=2, n=600, m=1500, rep=14 | Opt=281.00 | Pred=239.00 | Gap=0.1495 | Hamming=4 | Exact=0
K=2, n=600, m=1500, rep=15 | Opt=535.00 | Pred=363.00 | Gap=0.3215 | Hamming=4 | Exact=0
K=2, n=600, m=1500, rep=16 | Opt=181.00 | Pred=174.00 | Gap=0.0387 | Hamming=2 | Exact=0
K=2, n=600, m=1500, rep=17 | Opt=253.00 | Pred=200.00 | Gap=0.2095 | Hamming=4 | Exact=0
K=2, n=600, m=1500, rep=18 | Opt=250.00 | Pred=240.00 | Gap=0.0400 | Hamming=2 | Exact=0
K=2, n=600, m=1500, rep=19 | Opt=622.00 | Pred=600.00 | Gap=0.0354 | Hamming=2 | Exact=0
K=2, n=600, m=1800, rep=0 | Opt=206.00 | Pred=206.00 | Gap=0.0000 | Hamming=0 | Exact=1
K=2, n=600, m=1800, rep=1 | Opt=93.00 | Pred=72.00 | Gap=0.2258 | Hamming=2 | Exact=0
K=2, n=600, m=1800, rep=2 | Opt=415.00 | Pred=382.00 | Gap=0.0795 | Hamming=2 | Exact=0
K=2, n=600, m=1800, rep=3 | Opt=380.00 | Pred=360.00 | Gap=0.0526 | Hamming=2 | Exact=0
K=2, n=600, m=1800, rep=4 | Opt=259.00 | Pred=241.00 | Gap=0.0695 | Hamming=2 | Exact=0
K=2, n=600, m=1800, rep=5 | Opt=333.00 | Pred=290.00 | Gap=0.1291 | Hamming=2 | Exact=0
K=2, n=600, m=1800, rep=6 | Opt=384.00 | Pred=363.00 | Gap=0.0547 | Hamming=2 | Exact=0
K=2, n=600, m=1800, rep=7 | Opt=166.00 | Pred=147.00 | Gap=0.1145 | Hamming=2 | Exact=0
K=2, n=600, m=1800, rep=8 | Opt=111.00 | Pred=103.00 | Gap=0.0721 | Hamming=4 | Exact=0
K=2, n=600, m=1800, rep=9 | Opt=34.00 | Pred=26.00 | Gap=0.2353 | Hamming=4 | Exact=0
K=2, n=600, m=1800, rep=10 | Opt=704.00 | Pred=584.00 | Gap=0.1705 | Hamming=2 | Exact=0
K=2, n=600, m=1800, rep=11 | Opt=96.00 | Pred=78.00 | Gap=0.1875 | Hamming=4 | Exact=0
K=2, n=600, m=1800, rep=12 | Opt=883.00 | Pred=883.00 | Gap=0.0000 | Hamming=0 | Exact=1
K=2, n=600, m=1800, rep=13 | Opt=135.00 | Pred=126.00 | Gap=0.0667 | Hamming=2 | Exact=0
K=2, n=600, m=1800, rep=14 | Opt=207.00 | Pred=199.00 | Gap=0.0386 | Hamming=2 | Exact=0
K=2, n=600, m=1800, rep=15 | Opt=462.00 | Pred=434.00 | Gap=0.0606 | Hamming=2 | Exact=0
K=2, n=600, m=1800, rep=16 | Opt=400.00 | Pred=384.00 | Gap=0.0400 | Hamming=2 | Exact=0
K=2, n=600, m=1800, rep=17 | Opt=232.00 | Pred=207.00 | Gap=0.1078 | Hamming=2 | Exact=0
K=2, n=600, m=1800, rep=18 | Opt=538.00 | Pred=518.00 | Gap=0.0372 | Hamming=2 | Exact=0
K=2, n=600, m=1800, rep=19 | Opt=309.00 | Pred=303.00 | Gap=0.0194 | Hamming=4 | Exact=0
K=2, n=600, m=2400, rep=0 | Opt=142.00 | Pred=104.00 | Gap=0.2676 | Hamming=4 | Exact=0
K=2, n=600, m=2400, rep=1 | Opt=241.00 | Pred=196.00 | Gap=0.1867 | Hamming=2 | Exact=0
K=2, n=600, m=2400, rep=2 | Opt=288.00 | Pred=243.00 | Gap=0.1562 | Hamming=4 | Exact=0
K=2, n=600, m=2400, rep=3 | Opt=442.00 | Pred=414.00 | Gap=0.0633 | Hamming=2 | Exact=0
K=2, n=600, m=2400, rep=4 | Opt=421.00 | Pred=392.00 | Gap=0.0689 | Hamming=4 | Exact=0
K=2, n=600, m=2400, rep=5 | Opt=327.00 | Pred=299.00 | Gap=0.0856 | Hamming=2 | Exact=0
K=2, n=600, m=2400, rep=6 | Opt=302.00 | Pred=270.00 | Gap=0.1060 | Hamming=2 | Exact=0
K=2, n=600, m=2400, rep=7 | Opt=379.00 | Pred=305.00 | Gap=0.1953 | Hamming=4 | Exact=0
K=2, n=600, m=2400, rep=8 | Opt=478.00 | Pred=430.00 | Gap=0.1004 | Hamming=4 | Exact=0
K=2, n=600, m=2400, rep=9 | Opt=388.00 | Pred=332.00 | Gap=0.1443 | Hamming=4 | Exact=0
K=2, n=600, m=2400, rep=10 | Opt=176.00 | Pred=126.00 | Gap=0.2841 | Hamming=4 | Exact=0
K=2, n=600, m=2400, rep=11 | Opt=420.00 | Pred=353.00 | Gap=0.1595 | Hamming=2 | Exact=0
K=2, n=600, m=2400, rep=12 | Opt=28.00 | Pred=18.00 | Gap=0.3571 | Hamming=4 | Exact=0
K=2, n=600, m=2400, rep=13 | Opt=287.00 | Pred=252.00 | Gap=0.1220 | Hamming=2 | Exact=0
K=2, n=600, m=2400, rep=14 | Opt=302.00 | Pred=255.00 | Gap=0.1556 | Hamming=4 | Exact=0
K=2, n=600, m=2400, rep=15 | Opt=795.00 | Pred=743.00 | Gap=0.0654 | Hamming=2 | Exact=0
K=2, n=600, m=2400, rep=16 | Opt=403.00 | Pred=403.00 | Gap=0.0000 | Hamming=0 | Exact=1
K=2, n=600, m=2400, rep=17 | Opt=361.00 | Pred=339.00 | Gap=0.0609 | Hamming=4 | Exact=0
K=2, n=600, m=2400, rep=18 | Opt=660.00 | Pred=604.00 | Gap=0.0848 | Hamming=2 | Exact=0
K=2, n=600, m=2400, rep=19 | Opt=321.00 | Pred=295.00 | Gap=0.0810 | Hamming=4 | Exact=0
K=2, n=600, m=3000, rep=0 | Opt=422.00 | Pred=396.00 | Gap=0.0616 | Hamming=2 | Exact=0
K=2, n=600, m=3000, rep=1 | Opt=252.00 | Pred=237.00 | Gap=0.0595 | Hamming=2 | Exact=0
K=2, n=600, m=3000, rep=2 | Opt=396.00 | Pred=367.00 | Gap=0.0732 | Hamming=2 | Exact=0
K=2, n=600, m=3000, rep=3 | Opt=340.00 | Pred=291.00 | Gap=0.1441 | Hamming=4 | Exact=0
K=2, n=600, m=3000, rep=4 | Opt=353.00 | Pred=334.00 | Gap=0.0538 | Hamming=4 | Exact=0
K=2, n=600, m=3000, rep=5 | Opt=470.00 | Pred=412.00 | Gap=0.1234 | Hamming=2 | Exact=0
K=2, n=600, m=3000, rep=6 | Opt=186.00 | Pred=186.00 | Gap=0.0000 | Hamming=0 | Exact=1
K=2, n=600, m=3000, rep=7 | Opt=603.00 | Pred=508.00 | Gap=0.1575 | Hamming=2 | Exact=0
K=2, n=600, m=3000, rep=8 | Opt=296.00 | Pred=274.00 | Gap=0.0743 | Hamming=2 | Exact=0
K=2, n=600, m=3000, rep=9 | Opt=158.00 | Pred=150.00 | Gap=0.0506 | Hamming=2 | Exact=0
K=2, n=600, m=3000, rep=10 | Opt=529.00 | Pred=521.00 | Gap=0.0151 | Hamming=2 | Exact=0
K=2, n=600, m=3000, rep=11 | Opt=798.00 | Pred=772.00 | Gap=0.0326 | Hamming=2 | Exact=0
K=2, n=600, m=3000, rep=12 | Opt=318.00 | Pred=278.00 | Gap=0.1258 | Hamming=2 | Exact=0
K=2, n=600, m=3000, rep=13 | Opt=437.00 | Pred=407.00 | Gap=0.0686 | Hamming=2 | Exact=0
K=2, n=600, m=3000, rep=14 | Opt=1035.00 | Pred=960.00 | Gap=0.0725 | Hamming=4 | Exact=0
K=2, n=600, m=3000, rep=15 | Opt=785.00 | Pred=785.00 | Gap=0.0000 | Hamming=0 | Exact=1
K=2, n=600, m=3000, rep=16 | Opt=573.00 | Pred=573.00 | Gap=0.0000 | Hamming=0 | Exact=1
K=2, n=600, m=3000, rep=17 | Opt=410.00 | Pred=392.00 | Gap=0.0439 | Hamming=2 | Exact=0
K=2, n=600, m=3000, rep=18 | Opt=458.00 | Pred=458.00 | Gap=0.0000 | Hamming=0 | Exact=1
K=2, n=600, m=3000, rep=19 | Opt=672.00 | Pred=618.00 | Gap=0.0804 | Hamming=2 | Exact=0
K=2, n=600, m=3600, rep=0 | Opt=695.00 | Pred=692.00 | Gap=0.0043 | Hamming=2 | Exact=0
K=2, n=600, m=3600, rep=1 | Opt=578.00 | Pred=503.00 | Gap=0.1298 | Hamming=4 | Exact=0
K=2, n=600, m=3600, rep=2 | Opt=855.00 | Pred=744.00 | Gap=0.1298 | Hamming=4 | Exact=0
K=2, n=600, m=3600, rep=3 | Opt=692.00 | Pred=656.00 | Gap=0.0520 | Hamming=2 | Exact=0
K=2, n=600, m=3600, rep=4 | Opt=645.00 | Pred=590.00 | Gap=0.0853 | Hamming=2 | Exact=0
K=2, n=600, m=3600, rep=5 | Opt=643.00 | Pred=564.00 | Gap=0.1229 | Hamming=4 | Exact=0
K=2, n=600, m=3600, rep=6 | Opt=299.00 | Pred=262.00 | Gap=0.1237 | Hamming=4 | Exact=0
K=2, n=600, m=3600, rep=7 | Opt=834.00 | Pred=815.00 | Gap=0.0228 | Hamming=2 | Exact=0
K=2, n=600, m=3600, rep=8 | Opt=342.00 | Pred=294.00 | Gap=0.1404 | Hamming=2 | Exact=0
K=2, n=600, m=3600, rep=9 | Opt=681.00 | Pred=670.00 | Gap=0.0162 | Hamming=2 | Exact=0
K=2, n=600, m=3600, rep=10 | Opt=353.00 | Pred=324.00 | Gap=0.0822 | Hamming=2 | Exact=0
K=2, n=600, m=3600, rep=11 | Opt=512.00 | Pred=490.00 | Gap=0.0430 | Hamming=2 | Exact=0
K=2, n=600, m=3600, rep=12 | Opt=349.00 | Pred=295.00 | Gap=0.1547 | Hamming=2 | Exact=0
K=2, n=600, m=3600, rep=13 | Opt=338.00 | Pred=303.00 | Gap=0.1036 | Hamming=4 | Exact=0
K=2, n=600, m=3600, rep=14 | Opt=945.00 | Pred=890.00 | Gap=0.0582 | Hamming=2 | Exact=0
K=2, n=600, m=3600, rep=15 | Opt=360.00 | Pred=338.00 | Gap=0.0611 | Hamming=2 | Exact=0
K=2, n=600, m=3600, rep=16 | Opt=653.00 | Pred=653.00 | Gap=0.0000 | Hamming=0 | Exact=1
K=2, n=600, m=3600, rep=17 | Opt=196.00 | Pred=196.00 | Gap=0.0000 | Hamming=0 | Exact=1
K=2, n=600, m=3600, rep=18 | Opt=938.00 | Pred=870.00 | Gap=0.0725 | Hamming=2 | Exact=0
K=2, n=600, m=3600, rep=19 | Opt=592.00 | Pred=507.00 | Gap=0.1436 | Hamming=4 | Exact=0
K=2, n=600, m=4800, rep=0 | Opt=528.00 | Pred=493.00 | Gap=0.0663 | Hamming=4 | Exact=0
K=2, n=600, m=4800, rep=1 | Opt=589.00 | Pred=542.00 | Gap=0.0798 | Hamming=4 | Exact=0
K=2, n=600, m=4800, rep=2 | Opt=257.00 | Pred=257.00 | Gap=0.0000 | Hamming=0 | Exact=1
K=2, n=600, m=4800, rep=3 | Opt=423.00 | Pred=419.00 | Gap=0.0095 | Hamming=2 | Exact=0
K=2, n=600, m=4800, rep=4 | Opt=700.00 | Pred=636.00 | Gap=0.0914 | Hamming=4 | Exact=0
K=2, n=600, m=4800, rep=5 | Opt=434.00 | Pred=415.00 | Gap=0.0438 | Hamming=2 | Exact=0
K=2, n=600, m=4800, rep=6 | Opt=722.00 | Pred=714.00 | Gap=0.0111 | Hamming=2 | Exact=0
K=2, n=600, m=4800, rep=7 | Opt=564.00 | Pred=475.00 | Gap=0.1578 | Hamming=4 | Exact=0
K=2, n=600, m=4800, rep=8 | Opt=314.00 | Pred=264.00 | Gap=0.1592 | Hamming=2 | Exact=0
K=2, n=600, m=4800, rep=9 | Opt=698.00 | Pred=669.00 | Gap=0.0415 | Hamming=2 | Exact=0
K=2, n=600, m=4800, rep=10 | Opt=928.00 | Pred=864.00 | Gap=0.0690 | Hamming=2 | Exact=0
K=2, n=600, m=4800, rep=11 | Opt=349.00 | Pred=338.00 | Gap=0.0315 | Hamming=2 | Exact=0
K=2, n=600, m=4800, rep=12 | Opt=337.00 | Pred=316.00 | Gap=0.0623 | Hamming=2 | Exact=0
K=2, n=600, m=4800, rep=13 | Opt=552.00 | Pred=552.00 | Gap=0.0000 | Hamming=0 | Exact=1
K=2, n=600, m=4800, rep=14 | Opt=749.00 | Pred=749.00 | Gap=0.0000 | Hamming=0 | Exact=1
K=2, n=600, m=4800, rep=15 | Opt=713.00 | Pred=688.00 | Gap=0.0351 | Hamming=4 | Exact=0
K=2, n=600, m=4800, rep=16 | Opt=776.00 | Pred=776.00 | Gap=0.0000 | Hamming=0 | Exact=1
K=2, n=600, m=4800, rep=17 | Opt=463.00 | Pred=380.00 | Gap=0.1793 | Hamming=4 | Exact=0
K=2, n=600, m=4800, rep=18 | Opt=793.00 | Pred=729.00 | Gap=0.0807 | Hamming=4 | Exact=0
K=2, n=600, m=4800, rep=19 | Opt=509.00 | Pred=495.00 | Gap=0.0275 | Hamming=2 | Exact=0

FINAL TEST RESULTS FOR K=2
Instances evaluated: 560
Exact match rate: 0.1393
Average Hamming distance: 2.3536
Average objective gap: 0.0905
Average MIP solve time: 1.094539 seconds
Average model inference time: 0.014752 seconds

Evaluating attack limit K=3
K=3, n=100, m=200, rep=0 | Opt=222.00 | Pred=168.00 | Gap=0.2432 | Hamming=6 | Exact=0
K=3, n=100, m=200, rep=1 | Opt=236.00 | Pred=194.00 | Gap=0.1780 | Hamming=4 | Exact=0
K=3, n=100, m=200, rep=2 | Opt=86.00 | Pred=70.00 | Gap=0.1860 | Hamming=4 | Exact=0
K=3, n=100, m=200, rep=3 | Opt=102.00 | Pred=84.00 | Gap=0.1765 | Hamming=4 | Exact=0
K=3, n=100, m=200, rep=4 | Opt=35.00 | Pred=31.00 | Gap=0.1143 | Hamming=2 | Exact=0
K=3, n=100, m=200, rep=5 | Opt=167.00 | Pred=167.00 | Gap=0.0000 | Hamming=0 | Exact=1
K=3, n=100, m=200, rep=6 | Opt=51.00 | Pred=42.00 | Gap=0.1765 | Hamming=2 | Exact=0
K=3, n=100, m=200, rep=7 | Opt=112.00 | Pred=112.00 | Gap=0.0000 | Hamming=1 | Exact=0
K=3, n=100, m=200, rep=8 | Opt=111.00 | Pred=108.00 | Gap=0.0270 | Hamming=4 | Exact=0
K=3, n=100, m=200, rep=9 | Opt=363.00 | Pred=347.00 | Gap=0.0441 | Hamming=2 | Exact=0
K=3, n=100, m=200, rep=10 | Opt=30.00 | Pred=21.00 | Gap=0.3000 | Hamming=4 | Exact=0
K=3, n=100, m=200, rep=11 | Opt=266.00 | Pred=225.00 | Gap=0.1541 | Hamming=4 | Exact=0
K=3, n=100, m=200, rep=12 | Opt=49.00 | Pred=37.00 | Gap=0.2449 | Hamming=6 | Exact=0
K=3, n=100, m=200, rep=13 | Opt=161.00 | Pred=157.00 | Gap=0.0248 | Hamming=2 | Exact=0
K=3, n=100, m=200, rep=14 | Opt=165.00 | Pred=135.00 | Gap=0.1818 | Hamming=4 | Exact=0
K=3, n=100, m=200, rep=15 | Opt=68.00 | Pred=58.00 | Gap=0.1471 | Hamming=4 | Exact=0
K=3, n=100, m=200, rep=16 | Opt=156.00 | Pred=114.00 | Gap=0.2692 | Hamming=6 | Exact=0
K=3, n=100, m=200, rep=17 | Opt=10.00 | Pred=10.00 | Gap=0.0000 | Hamming=2 | Exact=0
K=3, n=100, m=200, rep=18 | Opt=107.00 | Pred=103.00 | Gap=0.0374 | Hamming=2 | Exact=0
K=3, n=100, m=200, rep=19 | Opt=55.00 | Pred=37.00 | Gap=0.3273 | Hamming=4 | Exact=0
K=3, n=100, m=250, rep=0 | Opt=39.00 | Pred=39.00 | Gap=0.0000 | Hamming=4 | Exact=0
K=3, n=100, m=250, rep=1 | Opt=273.00 | Pred=245.00 | Gap=0.1026 | Hamming=2 | Exact=0
K=3, n=100, m=250, rep=2 | Opt=331.00 | Pred=317.00 | Gap=0.0423 | Hamming=4 | Exact=0
K=3, n=100, m=250, rep=3 | Opt=266.00 | Pred=242.00 | Gap=0.0902 | Hamming=4 | Exact=0
K=3, n=100, m=250, rep=4 | Opt=161.00 | Pred=145.00 | Gap=0.0994 | Hamming=4 | Exact=0
K=3, n=100, m=250, rep=5 | Opt=99.00 | Pred=66.00 | Gap=0.3333 | Hamming=6 | Exact=0
K=3, n=100, m=250, rep=6 | Opt=429.00 | Pred=413.00 | Gap=0.0373 | Hamming=2 | Exact=0
K=3, n=100, m=250, rep=7 | Opt=223.00 | Pred=186.00 | Gap=0.1659 | Hamming=4 | Exact=0
K=3, n=100, m=250, rep=8 | Opt=250.00 | Pred=215.00 | Gap=0.1400 | Hamming=2 | Exact=0
K=3, n=100, m=250, rep=9 | Opt=308.00 | Pred=265.00 | Gap=0.1396 | Hamming=4 | Exact=0
K=3, n=100, m=250, rep=10 | Opt=306.00 | Pred=295.00 | Gap=0.0359 | Hamming=4 | Exact=0
K=3, n=100, m=250, rep=11 | Opt=76.00 | Pred=36.00 | Gap=0.5263 | Hamming=6 | Exact=0
K=3, n=100, m=250, rep=12 | Opt=183.00 | Pred=152.00 | Gap=0.1694 | Hamming=4 | Exact=0
K=3, n=100, m=250, rep=13 | Opt=502.00 | Pred=502.00 | Gap=0.0000 | Hamming=0 | Exact=1
K=3, n=100, m=250, rep=14 | Opt=114.00 | Pred=104.00 | Gap=0.0877 | Hamming=2 | Exact=0
K=3, n=100, m=250, rep=15 | Opt=436.00 | Pred=436.00 | Gap=0.0000 | Hamming=0 | Exact=1
K=3, n=100, m=250, rep=16 | Opt=465.00 | Pred=394.00 | Gap=0.1527 | Hamming=4 | Exact=0
K=3, n=100, m=250, rep=17 | Opt=109.00 | Pred=76.00 | Gap=0.3028 | Hamming=4 | Exact=0
K=3, n=100, m=250, rep=18 | Opt=166.00 | Pred=124.00 | Gap=0.2530 | Hamming=6 | Exact=0
K=3, n=100, m=250, rep=19 | Opt=41.00 | Pred=25.00 | Gap=0.3902 | Hamming=4 | Exact=0
K=3, n=100, m=300, rep=0 | Opt=495.00 | Pred=400.00 | Gap=0.1919 | Hamming=4 | Exact=0
K=3, n=100, m=300, rep=1 | Opt=153.00 | Pred=131.00 | Gap=0.1438 | Hamming=3 | Exact=0
K=3, n=100, m=300, rep=2 | Opt=494.00 | Pred=408.00 | Gap=0.1741 | Hamming=6 | Exact=0
K=3, n=100, m=300, rep=3 | Opt=348.00 | Pred=314.00 | Gap=0.0977 | Hamming=2 | Exact=0
K=3, n=100, m=300, rep=4 | Opt=232.00 | Pred=203.00 | Gap=0.1250 | Hamming=4 | Exact=0
K=3, n=100, m=300, rep=5 | Opt=315.00 | Pred=209.00 | Gap=0.3365 | Hamming=4 | Exact=0
K=3, n=100, m=300, rep=6 | Opt=465.00 | Pred=399.00 | Gap=0.1419 | Hamming=2 | Exact=0
K=3, n=100, m=300, rep=7 | Opt=512.00 | Pred=430.00 | Gap=0.1602 | Hamming=4 | Exact=0
K=3, n=100, m=300, rep=8 | Opt=393.00 | Pred=393.00 | Gap=0.0000 | Hamming=2 | Exact=0
K=3, n=100, m=300, rep=9 | Opt=284.00 | Pred=266.00 | Gap=0.0634 | Hamming=2 | Exact=0
K=3, n=100, m=300, rep=10 | Opt=652.00 | Pred=588.00 | Gap=0.0982 | Hamming=2 | Exact=0
K=3, n=100, m=300, rep=11 | Opt=155.00 | Pred=145.00 | Gap=0.0645 | Hamming=2 | Exact=0
K=3, n=100, m=300, rep=12 | Opt=421.00 | Pred=383.00 | Gap=0.0903 | Hamming=4 | Exact=0
K=3, n=100, m=300, rep=13 | Opt=469.00 | Pred=364.00 | Gap=0.2239 | Hamming=6 | Exact=0
K=3, n=100, m=300, rep=14 | Opt=255.00 | Pred=203.00 | Gap=0.2039 | Hamming=6 | Exact=0
K=3, n=100, m=300, rep=15 | Opt=344.00 | Pred=309.00 | Gap=0.1017 | Hamming=2 | Exact=0
K=3, n=100, m=300, rep=16 | Opt=39.00 | Pred=25.00 | Gap=0.3590 | Hamming=4 | Exact=0
K=3, n=100, m=300, rep=17 | Opt=254.00 | Pred=206.00 | Gap=0.1890 | Hamming=4 | Exact=0
K=3, n=100, m=300, rep=18 | Opt=154.00 | Pred=104.00 | Gap=0.3247 | Hamming=4 | Exact=0
K=3, n=100, m=300, rep=19 | Opt=685.00 | Pred=656.00 | Gap=0.0423 | Hamming=4 | Exact=0
K=3, n=100, m=400, rep=0 | Opt=108.00 | Pred=72.00 | Gap=0.3333 | Hamming=4 | Exact=0
K=3, n=100, m=400, rep=1 | Opt=414.00 | Pred=326.00 | Gap=0.2126 | Hamming=4 | Exact=0
K=3, n=100, m=400, rep=2 | Opt=49.00 | Pred=42.00 | Gap=0.1429 | Hamming=2 | Exact=0
K=3, n=100, m=400, rep=3 | Opt=362.00 | Pred=261.00 | Gap=0.2790 | Hamming=4 | Exact=0
K=3, n=100, m=400, rep=4 | Opt=624.00 | Pred=521.00 | Gap=0.1651 | Hamming=4 | Exact=0
K=3, n=100, m=400, rep=5 | Opt=339.00 | Pred=303.00 | Gap=0.1062 | Hamming=2 | Exact=0
K=3, n=100, m=400, rep=6 | Opt=331.00 | Pred=327.00 | Gap=0.0121 | Hamming=2 | Exact=0
K=3, n=100, m=400, rep=7 | Opt=736.00 | Pred=667.00 | Gap=0.0938 | Hamming=4 | Exact=0
K=3, n=100, m=400, rep=8 | Opt=363.00 | Pred=342.00 | Gap=0.0579 | Hamming=2 | Exact=0
K=3, n=100, m=400, rep=9 | Opt=365.00 | Pred=337.00 | Gap=0.0767 | Hamming=2 | Exact=0
K=3, n=100, m=400, rep=10 | Opt=92.00 | Pred=72.00 | Gap=0.2174 | Hamming=2 | Exact=0
K=3, n=100, m=400, rep=11 | Opt=560.00 | Pred=560.00 | Gap=0.0000 | Hamming=0 | Exact=1
K=3, n=100, m=400, rep=12 | Opt=652.00 | Pred=630.00 | Gap=0.0337 | Hamming=2 | Exact=0
K=3, n=100, m=400, rep=13 | Opt=234.00 | Pred=234.00 | Gap=0.0000 | Hamming=2 | Exact=0
K=3, n=100, m=400, rep=14 | Opt=560.00 | Pred=522.00 | Gap=0.0679 | Hamming=2 | Exact=0
K=3, n=100, m=400, rep=15 | Opt=449.00 | Pred=339.00 | Gap=0.2450 | Hamming=4 | Exact=0
K=3, n=100, m=400, rep=16 | Opt=342.00 | Pred=306.00 | Gap=0.1053 | Hamming=2 | Exact=0
K=3, n=100, m=400, rep=17 | Opt=332.00 | Pred=276.00 | Gap=0.1687 | Hamming=4 | Exact=0
K=3, n=100, m=400, rep=18 | Opt=373.00 | Pred=369.00 | Gap=0.0107 | Hamming=2 | Exact=0
K=3, n=100, m=400, rep=19 | Opt=342.00 | Pred=330.00 | Gap=0.0351 | Hamming=2 | Exact=0
K=3, n=100, m=500, rep=0 | Opt=161.00 | Pred=121.00 | Gap=0.2484 | Hamming=4 | Exact=0
K=3, n=100, m=500, rep=1 | Opt=599.00 | Pred=569.00 | Gap=0.0501 | Hamming=2 | Exact=0
K=3, n=100, m=500, rep=2 | Opt=610.00 | Pred=606.00 | Gap=0.0066 | Hamming=2 | Exact=0
K=3, n=100, m=500, rep=3 | Opt=185.00 | Pred=183.00 | Gap=0.0108 | Hamming=4 | Exact=0
K=3, n=100, m=500, rep=4 | Opt=210.00 | Pred=210.00 | Gap=0.0000 | Hamming=3 | Exact=0
K=3, n=100, m=500, rep=5 | Opt=52.00 | Pred=42.00 | Gap=0.1923 | Hamming=2 | Exact=0
K=3, n=100, m=500, rep=6 | Opt=304.00 | Pred=290.00 | Gap=0.0461 | Hamming=2 | Exact=0
K=3, n=100, m=500, rep=7 | Opt=100.00 | Pred=88.00 | Gap=0.1200 | Hamming=4 | Exact=0
K=3, n=100, m=500, rep=8 | Opt=517.00 | Pred=445.00 | Gap=0.1393 | Hamming=4 | Exact=0
K=3, n=100, m=500, rep=9 | Opt=735.00 | Pred=712.00 | Gap=0.0313 | Hamming=2 | Exact=0
K=3, n=100, m=500, rep=10 | Opt=536.00 | Pred=513.00 | Gap=0.0429 | Hamming=2 | Exact=0
K=3, n=100, m=500, rep=11 | Opt=242.00 | Pred=242.00 | Gap=0.0000 | Hamming=0 | Exact=1
K=3, n=100, m=500, rep=12 | Opt=796.00 | Pred=760.00 | Gap=0.0452 | Hamming=2 | Exact=0
K=3, n=100, m=500, rep=13 | Opt=270.00 | Pred=220.00 | Gap=0.1852 | Hamming=4 | Exact=0
K=3, n=100, m=500, rep=14 | Opt=335.00 | Pred=314.00 | Gap=0.0627 | Hamming=4 | Exact=0
K=3, n=100, m=500, rep=15 | Opt=257.00 | Pred=232.00 | Gap=0.0973 | Hamming=4 | Exact=0
K=3, n=100, m=500, rep=16 | Opt=297.00 | Pred=248.00 | Gap=0.1650 | Hamming=4 | Exact=0
K=3, n=100, m=500, rep=17 | Opt=154.00 | Pred=154.00 | Gap=0.0000 | Hamming=2 | Exact=0
K=3, n=100, m=500, rep=18 | Opt=286.00 | Pred=228.00 | Gap=0.2028 | Hamming=6 | Exact=0
K=3, n=100, m=500, rep=19 | Opt=294.00 | Pred=218.00 | Gap=0.2585 | Hamming=4 | Exact=0
K=3, n=100, m=600, rep=0 | Opt=550.00 | Pred=508.00 | Gap=0.0764 | Hamming=2 | Exact=0
K=3, n=100, m=600, rep=1 | Opt=498.00 | Pred=451.00 | Gap=0.0944 | Hamming=4 | Exact=0
K=3, n=100, m=600, rep=2 | Opt=458.00 | Pred=447.00 | Gap=0.0240 | Hamming=4 | Exact=0
K=3, n=100, m=600, rep=3 | Opt=347.00 | Pred=332.00 | Gap=0.0432 | Hamming=4 | Exact=0
K=3, n=100, m=600, rep=4 | Opt=88.00 | Pred=72.00 | Gap=0.1818 | Hamming=6 | Exact=0
K=3, n=100, m=600, rep=5 | Opt=754.00 | Pred=743.00 | Gap=0.0146 | Hamming=2 | Exact=0
K=3, n=100, m=600, rep=6 | Opt=407.00 | Pred=368.00 | Gap=0.0958 | Hamming=4 | Exact=0
K=3, n=100, m=600, rep=7 | Opt=559.00 | Pred=522.00 | Gap=0.0662 | Hamming=2 | Exact=0
K=3, n=100, m=600, rep=8 | Opt=275.00 | Pred=273.00 | Gap=0.0073 | Hamming=4 | Exact=0
K=3, n=100, m=600, rep=9 | Opt=199.00 | Pred=183.00 | Gap=0.0804 | Hamming=6 | Exact=0
K=3, n=100, m=600, rep=10 | Opt=221.00 | Pred=220.00 | Gap=0.0045 | Hamming=2 | Exact=0
K=3, n=100, m=600, rep=11 | Opt=316.00 | Pred=298.00 | Gap=0.0570 | Hamming=2 | Exact=0
K=3, n=100, m=600, rep=12 | Opt=401.00 | Pred=389.00 | Gap=0.0299 | Hamming=2 | Exact=0
K=3, n=100, m=600, rep=13 | Opt=305.00 | Pred=274.00 | Gap=0.1016 | Hamming=4 | Exact=0
K=3, n=100, m=600, rep=14 | Opt=620.00 | Pred=549.00 | Gap=0.1145 | Hamming=4 | Exact=0
K=3, n=100, m=600, rep=15 | Opt=398.00 | Pred=361.00 | Gap=0.0930 | Hamming=2 | Exact=0
K=3, n=100, m=600, rep=16 | Opt=693.00 | Pred=692.00 | Gap=0.0014 | Hamming=2 | Exact=0
K=3, n=100, m=600, rep=17 | Opt=457.00 | Pred=446.00 | Gap=0.0241 | Hamming=2 | Exact=0
K=3, n=100, m=600, rep=18 | Opt=181.00 | Pred=153.00 | Gap=0.1547 | Hamming=4 | Exact=0
K=3, n=100, m=600, rep=19 | Opt=425.00 | Pred=351.00 | Gap=0.1741 | Hamming=4 | Exact=0
K=3, n=100, m=800, rep=0 | Opt=635.00 | Pred=562.00 | Gap=0.1150 | Hamming=4 | Exact=0
K=3, n=100, m=800, rep=1 | Opt=362.00 | Pred=354.00 | Gap=0.0221 | Hamming=2 | Exact=0
K=3, n=100, m=800, rep=2 | Opt=609.00 | Pred=553.00 | Gap=0.0920 | Hamming=4 | Exact=0
K=3, n=100, m=800, rep=3 | Opt=497.00 | Pred=496.00 | Gap=0.0020 | Hamming=2 | Exact=0
K=3, n=100, m=800, rep=4 | Opt=573.00 | Pred=573.00 | Gap=0.0000 | Hamming=0 | Exact=1
K=3, n=100, m=800, rep=5 | Opt=695.00 | Pred=634.00 | Gap=0.0878 | Hamming=4 | Exact=0
K=3, n=100, m=800, rep=6 | Opt=486.00 | Pred=475.00 | Gap=0.0226 | Hamming=2 | Exact=0
K=3, n=100, m=800, rep=7 | Opt=608.00 | Pred=533.00 | Gap=0.1234 | Hamming=4 | Exact=0
K=3, n=100, m=800, rep=8 | Opt=508.00 | Pred=500.00 | Gap=0.0157 | Hamming=2 | Exact=0
K=3, n=100, m=800, rep=9 | Opt=516.00 | Pred=466.00 | Gap=0.0969 | Hamming=4 | Exact=0
K=3, n=100, m=800, rep=10 | Opt=446.00 | Pred=446.00 | Gap=0.0000 | Hamming=0 | Exact=1
K=3, n=100, m=800, rep=11 | Opt=464.00 | Pred=430.00 | Gap=0.0733 | Hamming=4 | Exact=0
K=3, n=100, m=800, rep=12 | Opt=753.00 | Pred=753.00 | Gap=0.0000 | Hamming=0 | Exact=1
K=3, n=100, m=800, rep=13 | Opt=401.00 | Pred=401.00 | Gap=0.0000 | Hamming=0 | Exact=1
K=3, n=100, m=800, rep=14 | Opt=952.00 | Pred=952.00 | Gap=0.0000 | Hamming=0 | Exact=1
K=3, n=100, m=800, rep=15 | Opt=554.00 | Pred=538.00 | Gap=0.0289 | Hamming=4 | Exact=0
K=3, n=100, m=800, rep=16 | Opt=547.00 | Pred=540.00 | Gap=0.0128 | Hamming=2 | Exact=0
K=3, n=100, m=800, rep=17 | Opt=645.00 | Pred=645.00 | Gap=0.0000 | Hamming=0 | Exact=1
K=3, n=100, m=800, rep=18 | Opt=586.00 | Pred=576.00 | Gap=0.0171 | Hamming=2 | Exact=0
K=3, n=100, m=800, rep=19 | Opt=529.00 | Pred=491.00 | Gap=0.0718 | Hamming=4 | Exact=0
K=3, n=200, m=400, rep=0 | Opt=490.00 | Pred=372.00 | Gap=0.2408 | Hamming=4 | Exact=0
K=3, n=200, m=400, rep=1 | Opt=564.00 | Pred=535.00 | Gap=0.0514 | Hamming=4 | Exact=0
K=3, n=200, m=400, rep=2 | Opt=305.00 | Pred=300.00 | Gap=0.0164 | Hamming=2 | Exact=0
K=3, n=200, m=400, rep=3 | Opt=212.00 | Pred=186.00 | Gap=0.1226 | Hamming=4 | Exact=0
K=3, n=200, m=400, rep=4 | Opt=199.00 | Pred=162.00 | Gap=0.1859 | Hamming=6 | Exact=0
K=3, n=200, m=400, rep=5 | Opt=80.00 | Pred=64.00 | Gap=0.2000 | Hamming=6 | Exact=0
K=3, n=200, m=400, rep=6 | Opt=180.00 | Pred=164.00 | Gap=0.0889 | Hamming=6 | Exact=0
K=3, n=200, m=400, rep=7 | Opt=279.00 | Pred=195.00 | Gap=0.3011 | Hamming=6 | Exact=0
K=3, n=200, m=400, rep=8 | Opt=48.00 | Pred=41.00 | Gap=0.1458 | Hamming=4 | Exact=0
K=3, n=200, m=400, rep=9 | Opt=490.00 | Pred=462.00 | Gap=0.0571 | Hamming=2 | Exact=0
K=3, n=200, m=400, rep=10 | Opt=572.00 | Pred=507.00 | Gap=0.1136 | Hamming=4 | Exact=0
K=3, n=200, m=400, rep=11 | Opt=51.00 | Pred=41.00 | Gap=0.1961 | Hamming=2 | Exact=0
K=3, n=200, m=400, rep=12 | Opt=230.00 | Pred=230.00 | Gap=0.0000 | Hamming=0 | Exact=1
K=3, n=200, m=400, rep=13 | Opt=124.00 | Pred=116.00 | Gap=0.0645 | Hamming=2 | Exact=0
K=3, n=200, m=400, rep=14 | Opt=438.00 | Pred=383.00 | Gap=0.1256 | Hamming=4 | Exact=0
K=3, n=200, m=400, rep=15 | Opt=79.00 | Pred=69.00 | Gap=0.1266 | Hamming=4 | Exact=0
K=3, n=200, m=400, rep=16 | Opt=65.00 | Pred=61.00 | Gap=0.0615 | Hamming=2 | Exact=0
K=3, n=200, m=400, rep=17 | Opt=159.00 | Pred=144.00 | Gap=0.0943 | Hamming=4 | Exact=0
K=3, n=200, m=400, rep=18 | Opt=186.00 | Pred=182.00 | Gap=0.0215 | Hamming=2 | Exact=0
K=3, n=200, m=400, rep=19 | Opt=302.00 | Pred=286.00 | Gap=0.0530 | Hamming=2 | Exact=0
K=3, n=200, m=500, rep=0 | Opt=489.00 | Pred=467.00 | Gap=0.0450 | Hamming=2 | Exact=0
K=3, n=200, m=500, rep=1 | Opt=471.00 | Pred=402.00 | Gap=0.1465 | Hamming=4 | Exact=0
K=3, n=200, m=500, rep=2 | Opt=106.00 | Pred=100.00 | Gap=0.0566 | Hamming=2 | Exact=0
K=3, n=200, m=500, rep=3 | Opt=395.00 | Pred=343.00 | Gap=0.1316 | Hamming=4 | Exact=0
K=3, n=200, m=500, rep=4 | Opt=268.00 | Pred=238.00 | Gap=0.1119 | Hamming=2 | Exact=0
K=3, n=200, m=500, rep=5 | Opt=144.00 | Pred=121.00 | Gap=0.1597 | Hamming=4 | Exact=0
K=3, n=200, m=500, rep=6 | Opt=76.00 | Pred=68.00 | Gap=0.1053 | Hamming=2 | Exact=0
K=3, n=200, m=500, rep=7 | Opt=423.00 | Pred=375.00 | Gap=0.1135 | Hamming=4 | Exact=0
K=3, n=200, m=500, rep=8 | Opt=442.00 | Pred=400.00 | Gap=0.0950 | Hamming=2 | Exact=0
K=3, n=200, m=500, rep=9 | Opt=659.00 | Pred=533.00 | Gap=0.1912 | Hamming=6 | Exact=0
K=3, n=200, m=500, rep=10 | Opt=428.00 | Pred=404.00 | Gap=0.0561 | Hamming=2 | Exact=0
K=3, n=200, m=500, rep=11 | Opt=380.00 | Pred=351.00 | Gap=0.0763 | Hamming=4 | Exact=0
K=3, n=200, m=500, rep=12 | Opt=215.00 | Pred=182.00 | Gap=0.1535 | Hamming=4 | Exact=0
K=3, n=200, m=500, rep=13 | Opt=146.00 | Pred=110.00 | Gap=0.2466 | Hamming=4 | Exact=0
K=3, n=200, m=500, rep=14 | Opt=716.00 | Pred=692.00 | Gap=0.0335 | Hamming=4 | Exact=0
K=3, n=200, m=500, rep=15 | Opt=170.00 | Pred=143.00 | Gap=0.1588 | Hamming=4 | Exact=0
K=3, n=200, m=500, rep=16 | Opt=89.00 | Pred=74.00 | Gap=0.1685 | Hamming=6 | Exact=0
K=3, n=200, m=500, rep=17 | Opt=531.00 | Pred=413.00 | Gap=0.2222 | Hamming=4 | Exact=0
K=3, n=200, m=500, rep=18 | Opt=84.00 | Pred=79.00 | Gap=0.0595 | Hamming=2 | Exact=0
K=3, n=200, m=500, rep=19 | Opt=177.00 | Pred=153.00 | Gap=0.1356 | Hamming=4 | Exact=0
K=3, n=200, m=600, rep=0 | Opt=236.00 | Pred=208.00 | Gap=0.1186 | Hamming=2 | Exact=0
K=3, n=200, m=600, rep=1 | Opt=143.00 | Pred=120.00 | Gap=0.1608 | Hamming=4 | Exact=0
K=3, n=200, m=600, rep=2 | Opt=390.00 | Pred=377.00 | Gap=0.0333 | Hamming=4 | Exact=0
K=3, n=200, m=600, rep=3 | Opt=615.00 | Pred=589.00 | Gap=0.0423 | Hamming=2 | Exact=0
K=3, n=200, m=600, rep=4 | Opt=168.00 | Pred=147.00 | Gap=0.1250 | Hamming=4 | Exact=0
K=3, n=200, m=600, rep=5 | Opt=69.00 | Pred=59.00 | Gap=0.1449 | Hamming=2 | Exact=0
K=3, n=200, m=600, rep=6 | Opt=330.00 | Pred=187.00 | Gap=0.4333 | Hamming=4 | Exact=0
K=3, n=200, m=600, rep=7 | Opt=512.00 | Pred=499.00 | Gap=0.0254 | Hamming=4 | Exact=0
K=3, n=200, m=600, rep=8 | Opt=266.00 | Pred=222.00 | Gap=0.1654 | Hamming=6 | Exact=0
K=3, n=200, m=600, rep=9 | Opt=357.00 | Pred=297.00 | Gap=0.1681 | Hamming=2 | Exact=0
K=3, n=200, m=600, rep=10 | Opt=699.00 | Pred=699.00 | Gap=0.0000 | Hamming=0 | Exact=1
K=3, n=200, m=600, rep=11 | Opt=222.00 | Pred=176.00 | Gap=0.2072 | Hamming=6 | Exact=0
K=3, n=200, m=600, rep=12 | Opt=156.00 | Pred=142.00 | Gap=0.0897 | Hamming=4 | Exact=0
K=3, n=200, m=600, rep=13 | Opt=507.00 | Pred=480.00 | Gap=0.0533 | Hamming=2 | Exact=0
K=3, n=200, m=600, rep=14 | Opt=374.00 | Pred=339.00 | Gap=0.0936 | Hamming=4 | Exact=0
K=3, n=200, m=600, rep=15 | Opt=258.00 | Pred=216.00 | Gap=0.1628 | Hamming=4 | Exact=0
K=3, n=200, m=600, rep=16 | Opt=467.00 | Pred=443.00 | Gap=0.0514 | Hamming=4 | Exact=0
K=3, n=200, m=600, rep=17 | Opt=530.00 | Pred=475.00 | Gap=0.1038 | Hamming=2 | Exact=0
K=3, n=200, m=600, rep=18 | Opt=76.00 | Pred=62.00 | Gap=0.1842 | Hamming=4 | Exact=0
K=3, n=200, m=600, rep=19 | Opt=564.00 | Pred=532.00 | Gap=0.0567 | Hamming=2 | Exact=0
K=3, n=200, m=800, rep=0 | Opt=275.00 | Pred=275.00 | Gap=0.0000 | Hamming=0 | Exact=1
K=3, n=200, m=800, rep=1 | Opt=488.00 | Pred=453.00 | Gap=0.0717 | Hamming=2 | Exact=0
K=3, n=200, m=800, rep=2 | Opt=524.00 | Pred=524.00 | Gap=0.0000 | Hamming=0 | Exact=1
K=3, n=200, m=800, rep=3 | Opt=442.00 | Pred=346.00 | Gap=0.2172 | Hamming=4 | Exact=0
K=3, n=200, m=800, rep=4 | Opt=112.00 | Pred=90.00 | Gap=0.1964 | Hamming=4 | Exact=0
K=3, n=200, m=800, rep=5 | Opt=502.00 | Pred=441.00 | Gap=0.1215 | Hamming=4 | Exact=0
K=3, n=200, m=800, rep=6 | Opt=211.00 | Pred=165.00 | Gap=0.2180 | Hamming=4 | Exact=0
K=3, n=200, m=800, rep=7 | Opt=238.00 | Pred=179.00 | Gap=0.2479 | Hamming=6 | Exact=0
K=3, n=200, m=800, rep=8 | Opt=258.00 | Pred=218.00 | Gap=0.1550 | Hamming=6 | Exact=0
K=3, n=200, m=800, rep=9 | Opt=385.00 | Pred=370.00 | Gap=0.0390 | Hamming=4 | Exact=0
K=3, n=200, m=800, rep=10 | Opt=579.00 | Pred=535.00 | Gap=0.0760 | Hamming=4 | Exact=0
K=3, n=200, m=800, rep=11 | Opt=586.00 | Pred=566.00 | Gap=0.0341 | Hamming=2 | Exact=0
K=3, n=200, m=800, rep=12 | Opt=687.00 | Pred=687.00 | Gap=0.0000 | Hamming=0 | Exact=1
K=3, n=200, m=800, rep=13 | Opt=169.00 | Pred=140.00 | Gap=0.1716 | Hamming=4 | Exact=0
K=3, n=200, m=800, rep=14 | Opt=598.00 | Pred=598.00 | Gap=0.0000 | Hamming=0 | Exact=1
K=3, n=200, m=800, rep=15 | Opt=305.00 | Pred=254.00 | Gap=0.1672 | Hamming=4 | Exact=0
K=3, n=200, m=800, rep=16 | Opt=297.00 | Pred=297.00 | Gap=0.0000 | Hamming=0 | Exact=1
K=3, n=200, m=800, rep=17 | Opt=260.00 | Pred=243.00 | Gap=0.0654 | Hamming=2 | Exact=0
K=3, n=200, m=800, rep=18 | Opt=400.00 | Pred=361.00 | Gap=0.0975 | Hamming=4 | Exact=0
K=3, n=200, m=800, rep=19 | Opt=346.00 | Pred=331.00 | Gap=0.0434 | Hamming=2 | Exact=0
K=3, n=200, m=1000, rep=0 | Opt=152.00 | Pred=135.00 | Gap=0.1118 | Hamming=4 | Exact=0
K=3, n=200, m=1000, rep=1 | Opt=197.00 | Pred=157.00 | Gap=0.2030 | Hamming=6 | Exact=0
K=3, n=200, m=1000, rep=2 | Opt=370.00 | Pred=318.00 | Gap=0.1405 | Hamming=4 | Exact=0
K=3, n=200, m=1000, rep=3 | Opt=922.00 | Pred=880.00 | Gap=0.0456 | Hamming=2 | Exact=0
K=3, n=200, m=1000, rep=4 | Opt=247.00 | Pred=244.00 | Gap=0.0121 | Hamming=4 | Exact=0
K=3, n=200, m=1000, rep=5 | Opt=893.00 | Pred=822.00 | Gap=0.0795 | Hamming=4 | Exact=0
K=3, n=200, m=1000, rep=6 | Opt=419.00 | Pred=370.00 | Gap=0.1169 | Hamming=4 | Exact=0
K=3, n=200, m=1000, rep=7 | Opt=371.00 | Pred=361.00 | Gap=0.0270 | Hamming=2 | Exact=0
K=3, n=200, m=1000, rep=8 | Opt=698.00 | Pred=691.00 | Gap=0.0100 | Hamming=2 | Exact=0
K=3, n=200, m=1000, rep=9 | Opt=417.00 | Pred=374.00 | Gap=0.1031 | Hamming=6 | Exact=0
K=3, n=200, m=1000, rep=10 | Opt=282.00 | Pred=272.00 | Gap=0.0355 | Hamming=4 | Exact=0
K=3, n=200, m=1000, rep=11 | Opt=141.00 | Pred=116.00 | Gap=0.1773 | Hamming=4 | Exact=0
K=3, n=200, m=1000, rep=12 | Opt=468.00 | Pred=434.00 | Gap=0.0726 | Hamming=2 | Exact=0
K=3, n=200, m=1000, rep=13 | Opt=451.00 | Pred=431.00 | Gap=0.0443 | Hamming=2 | Exact=0
K=3, n=200, m=1000, rep=14 | Opt=583.00 | Pred=549.00 | Gap=0.0583 | Hamming=2 | Exact=0
K=3, n=200, m=1000, rep=15 | Opt=493.00 | Pred=487.00 | Gap=0.0122 | Hamming=2 | Exact=0
K=3, n=200, m=1000, rep=16 | Opt=670.00 | Pred=624.00 | Gap=0.0687 | Hamming=2 | Exact=0
K=3, n=200, m=1000, rep=17 | Opt=730.00 | Pred=683.00 | Gap=0.0644 | Hamming=4 | Exact=0
K=3, n=200, m=1000, rep=18 | Opt=198.00 | Pred=166.00 | Gap=0.1616 | Hamming=4 | Exact=0
K=3, n=200, m=1000, rep=19 | Opt=283.00 | Pred=214.00 | Gap=0.2438 | Hamming=6 | Exact=0
K=3, n=200, m=1200, rep=0 | Opt=250.00 | Pred=186.00 | Gap=0.2560 | Hamming=6 | Exact=0
K=3, n=200, m=1200, rep=1 | Opt=430.00 | Pred=428.00 | Gap=0.0047 | Hamming=2 | Exact=0
K=3, n=200, m=1200, rep=2 | Opt=154.00 | Pred=154.00 | Gap=0.0000 | Hamming=2 | Exact=0
K=3, n=200, m=1200, rep=3 | Opt=646.00 | Pred=563.00 | Gap=0.1285 | Hamming=6 | Exact=0
K=3, n=200, m=1200, rep=4 | Opt=692.00 | Pred=614.00 | Gap=0.1127 | Hamming=4 | Exact=0
K=3, n=200, m=1200, rep=5 | Opt=420.00 | Pred=385.00 | Gap=0.0833 | Hamming=4 | Exact=0
K=3, n=200, m=1200, rep=6 | Opt=421.00 | Pred=370.00 | Gap=0.1211 | Hamming=2 | Exact=0
K=3, n=200, m=1200, rep=7 | Opt=623.00 | Pred=532.00 | Gap=0.1461 | Hamming=4 | Exact=0
K=3, n=200, m=1200, rep=8 | Opt=526.00 | Pred=484.00 | Gap=0.0798 | Hamming=2 | Exact=0
K=3, n=200, m=1200, rep=9 | Opt=655.00 | Pred=641.00 | Gap=0.0214 | Hamming=4 | Exact=0
K=3, n=200, m=1200, rep=10 | Opt=655.00 | Pred=604.00 | Gap=0.0779 | Hamming=4 | Exact=0
K=3, n=200, m=1200, rep=11 | Opt=637.00 | Pred=593.00 | Gap=0.0691 | Hamming=2 | Exact=0
K=3, n=200, m=1200, rep=12 | Opt=742.00 | Pred=725.00 | Gap=0.0229 | Hamming=2 | Exact=0
K=3, n=200, m=1200, rep=13 | Opt=345.00 | Pred=329.00 | Gap=0.0464 | Hamming=2 | Exact=0
K=3, n=200, m=1200, rep=14 | Opt=356.00 | Pred=307.00 | Gap=0.1376 | Hamming=4 | Exact=0
K=3, n=200, m=1200, rep=15 | Opt=90.00 | Pred=73.00 | Gap=0.1889 | Hamming=6 | Exact=0
K=3, n=200, m=1200, rep=16 | Opt=1063.00 | Pred=1004.00 | Gap=0.0555 | Hamming=4 | Exact=0
K=3, n=200, m=1200, rep=17 | Opt=518.00 | Pred=514.00 | Gap=0.0077 | Hamming=4 | Exact=0
K=3, n=200, m=1200, rep=18 | Opt=549.00 | Pred=525.00 | Gap=0.0437 | Hamming=2 | Exact=0
K=3, n=200, m=1200, rep=19 | Opt=572.00 | Pred=554.00 | Gap=0.0315 | Hamming=2 | Exact=0
K=3, n=200, m=1600, rep=0 | Opt=995.00 | Pred=973.00 | Gap=0.0221 | Hamming=2 | Exact=0
K=3, n=200, m=1600, rep=1 | Opt=412.00 | Pred=398.00 | Gap=0.0340 | Hamming=2 | Exact=0
K=3, n=200, m=1600, rep=2 | Opt=551.00 | Pred=507.00 | Gap=0.0799 | Hamming=6 | Exact=0
K=3, n=200, m=1600, rep=3 | Opt=666.00 | Pred=653.00 | Gap=0.0195 | Hamming=2 | Exact=0
K=3, n=200, m=1600, rep=4 | Opt=295.00 | Pred=274.00 | Gap=0.0712 | Hamming=2 | Exact=0
K=3, n=200, m=1600, rep=5 | Opt=753.00 | Pred=740.00 | Gap=0.0173 | Hamming=2 | Exact=0
K=3, n=200, m=1600, rep=6 | Opt=820.00 | Pred=807.00 | Gap=0.0159 | Hamming=2 | Exact=0
K=3, n=200, m=1600, rep=7 | Opt=638.00 | Pred=638.00 | Gap=0.0000 | Hamming=0 | Exact=1
K=3, n=200, m=1600, rep=8 | Opt=495.00 | Pred=460.00 | Gap=0.0707 | Hamming=4 | Exact=0
K=3, n=200, m=1600, rep=9 | Opt=561.00 | Pred=561.00 | Gap=0.0000 | Hamming=0 | Exact=1
K=3, n=200, m=1600, rep=10 | Opt=693.00 | Pred=623.00 | Gap=0.1010 | Hamming=2 | Exact=0
K=3, n=200, m=1600, rep=11 | Opt=499.00 | Pred=473.00 | Gap=0.0521 | Hamming=2 | Exact=0
K=3, n=200, m=1600, rep=12 | Opt=446.00 | Pred=433.00 | Gap=0.0291 | Hamming=2 | Exact=0
K=3, n=200, m=1600, rep=13 | Opt=805.00 | Pred=765.00 | Gap=0.0497 | Hamming=4 | Exact=0
K=3, n=200, m=1600, rep=14 | Opt=623.00 | Pred=557.00 | Gap=0.1059 | Hamming=6 | Exact=0
K=3, n=200, m=1600, rep=15 | Opt=226.00 | Pred=220.00 | Gap=0.0265 | Hamming=4 | Exact=0
K=3, n=200, m=1600, rep=16 | Opt=422.00 | Pred=366.00 | Gap=0.1327 | Hamming=4 | Exact=0
K=3, n=200, m=1600, rep=17 | Opt=764.00 | Pred=692.00 | Gap=0.0942 | Hamming=6 | Exact=0
K=3, n=200, m=1600, rep=18 | Opt=538.00 | Pred=448.00 | Gap=0.1673 | Hamming=4 | Exact=0
K=3, n=200, m=1600, rep=19 | Opt=592.00 | Pred=568.00 | Gap=0.0405 | Hamming=2 | Exact=0
K=3, n=400, m=800, rep=0 | Opt=265.00 | Pred=227.00 | Gap=0.1434 | Hamming=2 | Exact=0
K=3, n=400, m=800, rep=1 | Opt=572.00 | Pred=556.00 | Gap=0.0280 | Hamming=2 | Exact=0
K=3, n=400, m=800, rep=2 | Opt=213.00 | Pred=194.00 | Gap=0.0892 | Hamming=4 | Exact=0
K=3, n=400, m=800, rep=3 | Opt=158.00 | Pred=132.00 | Gap=0.1646 | Hamming=4 | Exact=0
K=3, n=400, m=800, rep=4 | Opt=79.00 | Pred=69.00 | Gap=0.1266 | Hamming=4 | Exact=0
K=3, n=400, m=800, rep=5 | Opt=67.00 | Pred=64.00 | Gap=0.0448 | Hamming=2 | Exact=0
K=3, n=400, m=800, rep=6 | Opt=446.00 | Pred=372.00 | Gap=0.1659 | Hamming=4 | Exact=0
K=3, n=400, m=800, rep=7 | Opt=70.00 | Pred=62.00 | Gap=0.1143 | Hamming=4 | Exact=0
K=3, n=400, m=800, rep=8 | Opt=348.00 | Pred=310.00 | Gap=0.1092 | Hamming=6 | Exact=0
K=3, n=400, m=800, rep=9 | Opt=642.00 | Pred=642.00 | Gap=0.0000 | Hamming=2 | Exact=0
K=3, n=400, m=800, rep=10 | Opt=303.00 | Pred=268.00 | Gap=0.1155 | Hamming=4 | Exact=0
K=3, n=400, m=800, rep=11 | Opt=65.00 | Pred=53.00 | Gap=0.1846 | Hamming=4 | Exact=0
K=3, n=400, m=800, rep=12 | Opt=355.00 | Pred=355.00 | Gap=0.0000 | Hamming=0 | Exact=1
K=3, n=400, m=800, rep=13 | Opt=254.00 | Pred=237.00 | Gap=0.0669 | Hamming=4 | Exact=0
K=3, n=400, m=800, rep=14 | Opt=64.00 | Pred=55.00 | Gap=0.1406 | Hamming=4 | Exact=0
K=3, n=400, m=800, rep=15 | Opt=82.00 | Pred=72.00 | Gap=0.1220 | Hamming=4 | Exact=0
K=3, n=400, m=800, rep=16 | Opt=128.00 | Pred=112.00 | Gap=0.1250 | Hamming=4 | Exact=0
K=3, n=400, m=800, rep=17 | Opt=465.00 | Pred=399.00 | Gap=0.1419 | Hamming=4 | Exact=0
K=3, n=400, m=800, rep=18 | Opt=107.00 | Pred=96.00 | Gap=0.1028 | Hamming=4 | Exact=0
K=3, n=400, m=800, rep=19 | Opt=177.00 | Pred=150.00 | Gap=0.1525 | Hamming=6 | Exact=0
K=3, n=400, m=1000, rep=0 | Opt=540.00 | Pred=484.00 | Gap=0.1037 | Hamming=4 | Exact=0
K=3, n=400, m=1000, rep=1 | Opt=977.00 | Pred=914.00 | Gap=0.0645 | Hamming=2 | Exact=0
K=3, n=400, m=1000, rep=2 | Opt=228.00 | Pred=216.00 | Gap=0.0526 | Hamming=2 | Exact=0
K=3, n=400, m=1000, rep=3 | Opt=894.00 | Pred=843.00 | Gap=0.0570 | Hamming=2 | Exact=0
K=3, n=400, m=1000, rep=4 | Opt=292.00 | Pred=232.00 | Gap=0.2055 | Hamming=6 | Exact=0
K=3, n=400, m=1000, rep=5 | Opt=650.00 | Pred=614.00 | Gap=0.0554 | Hamming=2 | Exact=0
K=3, n=400, m=1000, rep=6 | Opt=691.00 | Pred=691.00 | Gap=0.0000 | Hamming=0 | Exact=1
K=3, n=400, m=1000, rep=7 | Opt=176.00 | Pred=148.00 | Gap=0.1591 | Hamming=4 | Exact=0
K=3, n=400, m=1000, rep=8 | Opt=48.00 | Pred=40.00 | Gap=0.1667 | Hamming=6 | Exact=0
K=3, n=400, m=1000, rep=9 | Opt=410.00 | Pred=410.00 | Gap=0.0000 | Hamming=0 | Exact=1
K=3, n=400, m=1000, rep=10 | Opt=265.00 | Pred=240.00 | Gap=0.0943 | Hamming=2 | Exact=0
K=3, n=400, m=1000, rep=11 | Opt=847.00 | Pred=834.00 | Gap=0.0153 | Hamming=2 | Exact=0
K=3, n=400, m=1000, rep=12 | Opt=713.00 | Pred=661.00 | Gap=0.0729 | Hamming=2 | Exact=0
K=3, n=400, m=1000, rep=13 | Opt=580.00 | Pred=536.00 | Gap=0.0759 | Hamming=2 | Exact=0
K=3, n=400, m=1000, rep=14 | Opt=364.00 | Pred=332.00 | Gap=0.0879 | Hamming=4 | Exact=0
K=3, n=400, m=1000, rep=15 | Opt=170.00 | Pred=143.00 | Gap=0.1588 | Hamming=2 | Exact=0
K=3, n=400, m=1000, rep=16 | Opt=211.00 | Pred=188.00 | Gap=0.1090 | Hamming=2 | Exact=0
K=3, n=400, m=1000, rep=17 | Opt=198.00 | Pred=164.00 | Gap=0.1717 | Hamming=6 | Exact=0
K=3, n=400, m=1000, rep=18 | Opt=645.00 | Pred=617.00 | Gap=0.0434 | Hamming=4 | Exact=0
K=3, n=400, m=1000, rep=19 | Opt=591.00 | Pred=518.00 | Gap=0.1235 | Hamming=2 | Exact=0
K=3, n=400, m=1200, rep=0 | Opt=631.00 | Pred=621.00 | Gap=0.0158 | Hamming=2 | Exact=0
K=3, n=400, m=1200, rep=1 | Opt=50.00 | Pred=43.00 | Gap=0.1400 | Hamming=4 | Exact=0
K=3, n=400, m=1200, rep=2 | Opt=472.00 | Pred=444.00 | Gap=0.0593 | Hamming=2 | Exact=0
K=3, n=400, m=1200, rep=3 | Opt=80.00 | Pred=58.00 | Gap=0.2750 | Hamming=4 | Exact=0
K=3, n=400, m=1200, rep=4 | Opt=530.00 | Pred=500.00 | Gap=0.0566 | Hamming=4 | Exact=0
K=3, n=400, m=1200, rep=5 | Opt=300.00 | Pred=244.00 | Gap=0.1867 | Hamming=6 | Exact=0
K=3, n=400, m=1200, rep=6 | Opt=390.00 | Pred=385.00 | Gap=0.0128 | Hamming=2 | Exact=0
K=3, n=400, m=1200, rep=7 | Opt=447.00 | Pred=427.00 | Gap=0.0447 | Hamming=2 | Exact=0
K=3, n=400, m=1200, rep=8 | Opt=428.00 | Pred=351.00 | Gap=0.1799 | Hamming=4 | Exact=0
K=3, n=400, m=1200, rep=9 | Opt=365.00 | Pred=352.00 | Gap=0.0356 | Hamming=2 | Exact=0
K=3, n=400, m=1200, rep=10 | Opt=363.00 | Pred=305.00 | Gap=0.1598 | Hamming=2 | Exact=0
K=3, n=400, m=1200, rep=11 | Opt=258.00 | Pred=252.00 | Gap=0.0233 | Hamming=2 | Exact=0
K=3, n=400, m=1200, rep=12 | Opt=391.00 | Pred=377.00 | Gap=0.0358 | Hamming=4 | Exact=0
K=3, n=400, m=1200, rep=13 | Opt=791.00 | Pred=771.00 | Gap=0.0253 | Hamming=2 | Exact=0
K=3, n=400, m=1200, rep=14 | Opt=93.00 | Pred=73.00 | Gap=0.2151 | Hamming=6 | Exact=0
K=3, n=400, m=1200, rep=15 | Opt=167.00 | Pred=157.00 | Gap=0.0599 | Hamming=4 | Exact=0
K=3, n=400, m=1200, rep=16 | Opt=415.00 | Pred=380.00 | Gap=0.0843 | Hamming=4 | Exact=0
K=3, n=400, m=1200, rep=17 | Opt=40.00 | Pred=35.00 | Gap=0.1250 | Hamming=4 | Exact=0
K=3, n=400, m=1200, rep=18 | Opt=48.00 | Pred=42.00 | Gap=0.1250 | Hamming=2 | Exact=0
K=3, n=400, m=1200, rep=19 | Opt=124.00 | Pred=72.00 | Gap=0.4194 | Hamming=4 | Exact=0
K=3, n=400, m=1600, rep=0 | Opt=388.00 | Pred=353.00 | Gap=0.0902 | Hamming=4 | Exact=0
K=3, n=400, m=1600, rep=1 | Opt=345.00 | Pred=324.00 | Gap=0.0609 | Hamming=4 | Exact=0
K=3, n=400, m=1600, rep=2 | Opt=334.00 | Pred=290.00 | Gap=0.1317 | Hamming=6 | Exact=0
K=3, n=400, m=1600, rep=3 | Opt=166.00 | Pred=157.00 | Gap=0.0542 | Hamming=4 | Exact=0
K=3, n=400, m=1600, rep=4 | Opt=961.00 | Pred=951.00 | Gap=0.0104 | Hamming=2 | Exact=0
K=3, n=400, m=1600, rep=5 | Opt=657.00 | Pred=548.00 | Gap=0.1659 | Hamming=4 | Exact=0
K=3, n=400, m=1600, rep=6 | Opt=713.00 | Pred=713.00 | Gap=0.0000 | Hamming=0 | Exact=1
K=3, n=400, m=1600, rep=7 | Opt=600.00 | Pred=576.00 | Gap=0.0400 | Hamming=4 | Exact=0
K=3, n=400, m=1600, rep=8 | Opt=444.00 | Pred=366.00 | Gap=0.1757 | Hamming=6 | Exact=0
K=3, n=400, m=1600, rep=9 | Opt=143.00 | Pred=115.00 | Gap=0.1958 | Hamming=4 | Exact=0
K=3, n=400, m=1600, rep=10 | Opt=548.00 | Pred=517.00 | Gap=0.0566 | Hamming=2 | Exact=0
K=3, n=400, m=1600, rep=11 | Opt=233.00 | Pred=218.00 | Gap=0.0644 | Hamming=6 | Exact=0
K=3, n=400, m=1600, rep=12 | Opt=493.00 | Pred=493.00 | Gap=0.0000 | Hamming=0 | Exact=1
K=3, n=400, m=1600, rep=13 | Opt=560.00 | Pred=512.00 | Gap=0.0857 | Hamming=6 | Exact=0
K=3, n=400, m=1600, rep=14 | Opt=541.00 | Pred=461.00 | Gap=0.1479 | Hamming=6 | Exact=0
K=3, n=400, m=1600, rep=15 | Opt=52.00 | Pred=46.00 | Gap=0.1154 | Hamming=2 | Exact=0
K=3, n=400, m=1600, rep=16 | Opt=99.00 | Pred=88.00 | Gap=0.1111 | Hamming=2 | Exact=0
K=3, n=400, m=1600, rep=17 | Opt=699.00 | Pred=675.00 | Gap=0.0343 | Hamming=2 | Exact=0
K=3, n=400, m=1600, rep=18 | Opt=579.00 | Pred=551.00 | Gap=0.0484 | Hamming=2 | Exact=0
K=3, n=400, m=1600, rep=19 | Opt=740.00 | Pred=726.00 | Gap=0.0189 | Hamming=2 | Exact=0
K=3, n=400, m=2000, rep=0 | Opt=872.00 | Pred=849.00 | Gap=0.0264 | Hamming=6 | Exact=0
K=3, n=400, m=2000, rep=1 | Opt=616.00 | Pred=579.00 | Gap=0.0601 | Hamming=2 | Exact=0
K=3, n=400, m=2000, rep=2 | Opt=374.00 | Pred=349.00 | Gap=0.0668 | Hamming=2 | Exact=0
K=3, n=400, m=2000, rep=3 | Opt=490.00 | Pred=442.00 | Gap=0.0980 | Hamming=4 | Exact=0
K=3, n=400, m=2000, rep=4 | Opt=311.00 | Pred=276.00 | Gap=0.1125 | Hamming=4 | Exact=0
K=3, n=400, m=2000, rep=5 | Opt=294.00 | Pred=270.00 | Gap=0.0816 | Hamming=2 | Exact=0
K=3, n=400, m=2000, rep=6 | Opt=372.00 | Pred=372.00 | Gap=0.0000 | Hamming=0 | Exact=1
K=3, n=400, m=2000, rep=7 | Opt=451.00 | Pred=393.00 | Gap=0.1286 | Hamming=2 | Exact=0
K=3, n=400, m=2000, rep=8 | Opt=405.00 | Pred=373.00 | Gap=0.0790 | Hamming=2 | Exact=0
K=3, n=400, m=2000, rep=9 | Opt=635.00 | Pred=628.00 | Gap=0.0110 | Hamming=2 | Exact=0
K=3, n=400, m=2000, rep=10 | Opt=810.00 | Pred=784.00 | Gap=0.0321 | Hamming=2 | Exact=0
K=3, n=400, m=2000, rep=11 | Opt=334.00 | Pred=322.00 | Gap=0.0359 | Hamming=2 | Exact=0
K=3, n=400, m=2000, rep=12 | Opt=554.00 | Pred=447.00 | Gap=0.1931 | Hamming=4 | Exact=0
K=3, n=400, m=2000, rep=13 | Opt=210.00 | Pred=189.00 | Gap=0.1000 | Hamming=4 | Exact=0
K=3, n=400, m=2000, rep=14 | Opt=629.00 | Pred=596.00 | Gap=0.0525 | Hamming=2 | Exact=0
K=3, n=400, m=2000, rep=15 | Opt=320.00 | Pred=285.00 | Gap=0.1094 | Hamming=6 | Exact=0
K=3, n=400, m=2000, rep=16 | Opt=307.00 | Pred=305.00 | Gap=0.0065 | Hamming=2 | Exact=0
K=3, n=400, m=2000, rep=17 | Opt=102.00 | Pred=92.00 | Gap=0.0980 | Hamming=2 | Exact=0
K=3, n=400, m=2000, rep=18 | Opt=511.00 | Pred=477.00 | Gap=0.0665 | Hamming=4 | Exact=0
K=3, n=400, m=2000, rep=19 | Opt=809.00 | Pred=765.00 | Gap=0.0544 | Hamming=2 | Exact=0
K=3, n=400, m=2400, rep=0 | Opt=214.00 | Pred=209.00 | Gap=0.0234 | Hamming=2 | Exact=0
K=3, n=400, m=2400, rep=1 | Opt=581.00 | Pred=581.00 | Gap=0.0000 | Hamming=0 | Exact=1
K=3, n=400, m=2400, rep=2 | Opt=435.00 | Pred=405.00 | Gap=0.0690 | Hamming=2 | Exact=0
K=3, n=400, m=2400, rep=3 | Opt=263.00 | Pred=232.00 | Gap=0.1179 | Hamming=4 | Exact=0
K=3, n=400, m=2400, rep=4 | Opt=677.00 | Pred=617.00 | Gap=0.0886 | Hamming=6 | Exact=0
K=3, n=400, m=2400, rep=5 | Opt=93.00 | Pred=82.00 | Gap=0.1183 | Hamming=4 | Exact=0
K=3, n=400, m=2400, rep=6 | Opt=1037.00 | Pred=940.00 | Gap=0.0935 | Hamming=4 | Exact=0
K=3, n=400, m=2400, rep=7 | Opt=676.00 | Pred=625.00 | Gap=0.0754 | Hamming=2 | Exact=0
K=3, n=400, m=2400, rep=8 | Opt=305.00 | Pred=299.00 | Gap=0.0197 | Hamming=2 | Exact=0
K=3, n=400, m=2400, rep=9 | Opt=761.00 | Pred=715.00 | Gap=0.0604 | Hamming=6 | Exact=0
K=3, n=400, m=2400, rep=10 | Opt=494.00 | Pred=484.00 | Gap=0.0202 | Hamming=2 | Exact=0
K=3, n=400, m=2400, rep=11 | Opt=303.00 | Pred=303.00 | Gap=0.0000 | Hamming=0 | Exact=1
K=3, n=400, m=2400, rep=12 | Opt=403.00 | Pred=395.00 | Gap=0.0199 | Hamming=4 | Exact=0
K=3, n=400, m=2400, rep=13 | Opt=396.00 | Pred=358.00 | Gap=0.0960 | Hamming=2 | Exact=0
K=3, n=400, m=2400, rep=14 | Opt=592.00 | Pred=550.00 | Gap=0.0709 | Hamming=4 | Exact=0
K=3, n=400, m=2400, rep=15 | Opt=754.00 | Pred=732.00 | Gap=0.0292 | Hamming=6 | Exact=0
K=3, n=400, m=2400, rep=16 | Opt=812.00 | Pred=739.00 | Gap=0.0899 | Hamming=4 | Exact=0
K=3, n=400, m=2400, rep=17 | Opt=646.00 | Pred=607.00 | Gap=0.0604 | Hamming=2 | Exact=0
K=3, n=400, m=2400, rep=18 | Opt=460.00 | Pred=385.00 | Gap=0.1630 | Hamming=2 | Exact=0
K=3, n=400, m=2400, rep=19 | Opt=404.00 | Pred=404.00 | Gap=0.0000 | Hamming=0 | Exact=1
K=3, n=400, m=3200, rep=0 | Opt=654.00 | Pred=654.00 | Gap=0.0000 | Hamming=0 | Exact=1
K=3, n=400, m=3200, rep=1 | Opt=592.00 | Pred=573.00 | Gap=0.0321 | Hamming=2 | Exact=0
K=3, n=400, m=3200, rep=2 | Opt=267.00 | Pred=203.00 | Gap=0.2397 | Hamming=4 | Exact=0
K=3, n=400, m=3200, rep=3 | Opt=871.00 | Pred=854.00 | Gap=0.0195 | Hamming=2 | Exact=0
K=3, n=400, m=3200, rep=4 | Opt=616.00 | Pred=481.00 | Gap=0.2192 | Hamming=4 | Exact=0
K=3, n=400, m=3200, rep=5 | Opt=1106.00 | Pred=1106.00 | Gap=0.0000 | Hamming=0 | Exact=1
K=3, n=400, m=3200, rep=6 | Opt=334.00 | Pred=330.00 | Gap=0.0120 | Hamming=4 | Exact=0
K=3, n=400, m=3200, rep=7 | Opt=921.00 | Pred=849.00 | Gap=0.0782 | Hamming=4 | Exact=0
K=3, n=400, m=3200, rep=8 | Opt=630.00 | Pred=584.00 | Gap=0.0730 | Hamming=4 | Exact=0
K=3, n=400, m=3200, rep=9 | Opt=769.00 | Pred=744.00 | Gap=0.0325 | Hamming=4 | Exact=0
K=3, n=400, m=3200, rep=10 | Opt=449.00 | Pred=412.00 | Gap=0.0824 | Hamming=4 | Exact=0
K=3, n=400, m=3200, rep=11 | Opt=253.00 | Pred=214.00 | Gap=0.1542 | Hamming=4 | Exact=0
K=3, n=400, m=3200, rep=12 | Opt=654.00 | Pred=565.00 | Gap=0.1361 | Hamming=4 | Exact=0
K=3, n=400, m=3200, rep=13 | Opt=451.00 | Pred=372.00 | Gap=0.1752 | Hamming=4 | Exact=0
K=3, n=400, m=3200, rep=14 | Opt=532.00 | Pred=532.00 | Gap=0.0000 | Hamming=0 | Exact=1
K=3, n=400, m=3200, rep=15 | Opt=369.00 | Pred=358.00 | Gap=0.0298 | Hamming=2 | Exact=0
K=3, n=400, m=3200, rep=16 | Opt=524.00 | Pred=524.00 | Gap=0.0000 | Hamming=0 | Exact=1
K=3, n=400, m=3200, rep=17 | Opt=832.00 | Pred=795.00 | Gap=0.0445 | Hamming=4 | Exact=0
K=3, n=400, m=3200, rep=18 | Opt=691.00 | Pred=666.00 | Gap=0.0362 | Hamming=2 | Exact=0
K=3, n=400, m=3200, rep=19 | Opt=830.00 | Pred=797.00 | Gap=0.0398 | Hamming=4 | Exact=0
K=3, n=600, m=1200, rep=0 | Opt=551.00 | Pred=518.00 | Gap=0.0599 | Hamming=2 | Exact=0
K=3, n=600, m=1200, rep=1 | Opt=58.00 | Pred=47.00 | Gap=0.1897 | Hamming=6 | Exact=0
K=3, n=600, m=1200, rep=2 | Opt=364.00 | Pred=353.00 | Gap=0.0302 | Hamming=4 | Exact=0
K=3, n=600, m=1200, rep=3 | Opt=350.00 | Pred=304.00 | Gap=0.1314 | Hamming=4 | Exact=0
K=3, n=600, m=1200, rep=4 | Opt=343.00 | Pred=272.00 | Gap=0.2070 | Hamming=6 | Exact=0
K=3, n=600, m=1200, rep=5 | Opt=270.00 | Pred=270.00 | Gap=0.0000 | Hamming=1 | Exact=0
K=3, n=600, m=1200, rep=6 | Opt=237.00 | Pred=208.00 | Gap=0.1224 | Hamming=6 | Exact=0
K=3, n=600, m=1200, rep=7 | Opt=449.00 | Pred=412.00 | Gap=0.0824 | Hamming=2 | Exact=0
K=3, n=600, m=1200, rep=8 | Opt=201.00 | Pred=192.00 | Gap=0.0448 | Hamming=2 | Exact=0
K=3, n=600, m=1200, rep=9 | Opt=719.00 | Pred=678.00 | Gap=0.0570 | Hamming=2 | Exact=0
K=3, n=600, m=1200, rep=10 | Opt=798.00 | Pred=756.00 | Gap=0.0526 | Hamming=4 | Exact=0
K=3, n=600, m=1200, rep=11 | Opt=194.00 | Pred=132.00 | Gap=0.3196 | Hamming=6 | Exact=0
K=3, n=600, m=1200, rep=12 | Opt=341.00 | Pred=234.00 | Gap=0.3138 | Hamming=4 | Exact=0
K=3, n=600, m=1200, rep=13 | Opt=269.00 | Pred=186.00 | Gap=0.3086 | Hamming=4 | Exact=0
K=3, n=600, m=1200, rep=14 | Opt=85.00 | Pred=78.00 | Gap=0.0824 | Hamming=2 | Exact=0
K=3, n=600, m=1200, rep=15 | Opt=69.00 | Pred=68.00 | Gap=0.0145 | Hamming=4 | Exact=0
K=3, n=600, m=1200, rep=16 | Opt=334.00 | Pred=294.00 | Gap=0.1198 | Hamming=4 | Exact=0
K=3, n=600, m=1200, rep=17 | Opt=156.00 | Pred=120.00 | Gap=0.2308 | Hamming=6 | Exact=0
K=3, n=600, m=1200, rep=18 | Opt=360.00 | Pred=348.00 | Gap=0.0333 | Hamming=2 | Exact=0
K=3, n=600, m=1200, rep=19 | Opt=647.00 | Pred=647.00 | Gap=0.0000 | Hamming=0 | Exact=1
K=3, n=600, m=1500, rep=0 | Opt=231.00 | Pred=198.00 | Gap=0.1429 | Hamming=4 | Exact=0
K=3, n=600, m=1500, rep=1 | Opt=255.00 | Pred=255.00 | Gap=0.0000 | Hamming=2 | Exact=0
K=3, n=600, m=1500, rep=2 | Opt=244.00 | Pred=196.00 | Gap=0.1967 | Hamming=4 | Exact=0
K=3, n=600, m=1500, rep=3 | Opt=205.00 | Pred=182.00 | Gap=0.1122 | Hamming=4 | Exact=0
K=3, n=600, m=1500, rep=4 | Opt=549.00 | Pred=549.00 | Gap=0.0000 | Hamming=0 | Exact=1
K=3, n=600, m=1500, rep=5 | Opt=70.00 | Pred=61.00 | Gap=0.1286 | Hamming=2 | Exact=0
K=3, n=600, m=1500, rep=6 | Opt=265.00 | Pred=235.00 | Gap=0.1132 | Hamming=4 | Exact=0
K=3, n=600, m=1500, rep=7 | Opt=164.00 | Pred=160.00 | Gap=0.0244 | Hamming=2 | Exact=0
K=3, n=600, m=1500, rep=8 | Opt=49.00 | Pred=40.00 | Gap=0.1837 | Hamming=4 | Exact=0
K=3, n=600, m=1500, rep=9 | Opt=49.00 | Pred=36.00 | Gap=0.2653 | Hamming=4 | Exact=0
K=3, n=600, m=1500, rep=10 | Opt=449.00 | Pred=362.00 | Gap=0.1938 | Hamming=4 | Exact=0
K=3, n=600, m=1500, rep=11 | Opt=544.00 | Pred=518.00 | Gap=0.0478 | Hamming=2 | Exact=0
K=3, n=600, m=1500, rep=12 | Opt=588.00 | Pred=522.00 | Gap=0.1122 | Hamming=4 | Exact=0
K=3, n=600, m=1500, rep=13 | Opt=136.00 | Pred=112.00 | Gap=0.1765 | Hamming=4 | Exact=0
K=3, n=600, m=1500, rep=14 | Opt=297.00 | Pred=239.00 | Gap=0.1953 | Hamming=4 | Exact=0
K=3, n=600, m=1500, rep=15 | Opt=580.00 | Pred=363.00 | Gap=0.3741 | Hamming=6 | Exact=0
K=3, n=600, m=1500, rep=16 | Opt=196.00 | Pred=175.00 | Gap=0.1071 | Hamming=4 | Exact=0
K=3, n=600, m=1500, rep=17 | Opt=265.00 | Pred=200.00 | Gap=0.2453 | Hamming=6 | Exact=0
K=3, n=600, m=1500, rep=18 | Opt=260.00 | Pred=240.00 | Gap=0.0769 | Hamming=4 | Exact=0
K=3, n=600, m=1500, rep=19 | Opt=652.00 | Pred=652.00 | Gap=0.0000 | Hamming=0 | Exact=1
K=3, n=600, m=1800, rep=0 | Opt=224.00 | Pred=224.00 | Gap=0.0000 | Hamming=2 | Exact=0
K=3, n=600, m=1800, rep=1 | Opt=114.00 | Pred=93.00 | Gap=0.1842 | Hamming=2 | Exact=0
K=3, n=600, m=1800, rep=2 | Opt=439.00 | Pred=382.00 | Gap=0.1298 | Hamming=4 | Exact=0
K=3, n=600, m=1800, rep=3 | Opt=396.00 | Pred=396.00 | Gap=0.0000 | Hamming=2 | Exact=0
K=3, n=600, m=1800, rep=4 | Opt=275.00 | Pred=244.00 | Gap=0.1127 | Hamming=4 | Exact=0
K=3, n=600, m=1800, rep=5 | Opt=345.00 | Pred=290.00 | Gap=0.1594 | Hamming=4 | Exact=0
K=3, n=600, m=1800, rep=6 | Opt=406.00 | Pred=363.00 | Gap=0.1059 | Hamming=2 | Exact=0
K=3, n=600, m=1800, rep=7 | Opt=179.00 | Pred=163.00 | Gap=0.0894 | Hamming=2 | Exact=0
K=3, n=600, m=1800, rep=8 | Opt=116.00 | Pred=103.00 | Gap=0.1121 | Hamming=6 | Exact=0
K=3, n=600, m=1800, rep=9 | Opt=37.00 | Pred=26.00 | Gap=0.2973 | Hamming=6 | Exact=0
K=3, n=600, m=1800, rep=10 | Opt=744.00 | Pred=590.00 | Gap=0.2070 | Hamming=4 | Exact=0
K=3, n=600, m=1800, rep=11 | Opt=103.00 | Pred=82.00 | Gap=0.2039 | Hamming=6 | Exact=0
K=3, n=600, m=1800, rep=12 | Opt=937.00 | Pred=901.00 | Gap=0.0384 | Hamming=2 | Exact=0
K=3, n=600, m=1800, rep=13 | Opt=150.00 | Pred=150.00 | Gap=0.0000 | Hamming=4 | Exact=0
K=3, n=600, m=1800, rep=14 | Opt=222.00 | Pred=202.00 | Gap=0.0901 | Hamming=2 | Exact=0
K=3, n=600, m=1800, rep=15 | Opt=498.00 | Pred=451.00 | Gap=0.0944 | Hamming=4 | Exact=0
K=3, n=600, m=1800, rep=16 | Opt=428.00 | Pred=414.00 | Gap=0.0327 | Hamming=2 | Exact=0
K=3, n=600, m=1800, rep=17 | Opt=245.00 | Pred=208.00 | Gap=0.1510 | Hamming=4 | Exact=0
K=3, n=600, m=1800, rep=18 | Opt=567.00 | Pred=518.00 | Gap=0.0864 | Hamming=2 | Exact=0
K=3, n=600, m=1800, rep=19 | Opt=345.00 | Pred=313.00 | Gap=0.0928 | Hamming=6 | Exact=0
K=3, n=600, m=2400, rep=0 | Opt=157.00 | Pred=136.00 | Gap=0.1338 | Hamming=2 | Exact=0
K=3, n=600, m=2400, rep=1 | Opt=269.00 | Pred=218.00 | Gap=0.1896 | Hamming=4 | Exact=0
K=3, n=600, m=2400, rep=2 | Opt=308.00 | Pred=247.00 | Gap=0.1981 | Hamming=6 | Exact=0
K=3, n=600, m=2400, rep=3 | Opt=462.00 | Pred=438.00 | Gap=0.0519 | Hamming=4 | Exact=0
K=3, n=600, m=2400, rep=4 | Opt=442.00 | Pred=414.00 | Gap=0.0633 | Hamming=2 | Exact=0
K=3, n=600, m=2400, rep=5 | Opt=336.00 | Pred=305.00 | Gap=0.0923 | Hamming=2 | Exact=0
K=3, n=600, m=2400, rep=6 | Opt=310.00 | Pred=270.00 | Gap=0.1290 | Hamming=4 | Exact=0
K=3, n=600, m=2400, rep=7 | Opt=407.00 | Pred=340.00 | Gap=0.1646 | Hamming=6 | Exact=0
K=3, n=600, m=2400, rep=8 | Opt=505.00 | Pred=464.00 | Gap=0.0812 | Hamming=4 | Exact=0
K=3, n=600, m=2400, rep=9 | Opt=404.00 | Pred=340.00 | Gap=0.1584 | Hamming=6 | Exact=0
K=3, n=600, m=2400, rep=10 | Opt=186.00 | Pred=162.00 | Gap=0.1290 | Hamming=4 | Exact=0
K=3, n=600, m=2400, rep=11 | Opt=434.00 | Pred=432.00 | Gap=0.0046 | Hamming=2 | Exact=0
K=3, n=600, m=2400, rep=12 | Opt=33.00 | Pred=21.00 | Gap=0.3636 | Hamming=6 | Exact=0
K=3, n=600, m=2400, rep=13 | Opt=299.00 | Pred=252.00 | Gap=0.1572 | Hamming=4 | Exact=0
K=3, n=600, m=2400, rep=14 | Opt=310.00 | Pred=275.00 | Gap=0.1129 | Hamming=4 | Exact=0
K=3, n=600, m=2400, rep=15 | Opt=840.00 | Pred=743.00 | Gap=0.1155 | Hamming=4 | Exact=0
K=3, n=600, m=2400, rep=16 | Opt=433.00 | Pred=425.00 | Gap=0.0185 | Hamming=2 | Exact=0
K=3, n=600, m=2400, rep=17 | Opt=375.00 | Pred=360.00 | Gap=0.0400 | Hamming=4 | Exact=0
K=3, n=600, m=2400, rep=18 | Opt=686.00 | Pred=608.00 | Gap=0.1137 | Hamming=4 | Exact=0
K=3, n=600, m=2400, rep=19 | Opt=333.00 | Pred=299.00 | Gap=0.1021 | Hamming=6 | Exact=0
K=3, n=600, m=3000, rep=0 | Opt=443.00 | Pred=439.00 | Gap=0.0090 | Hamming=2 | Exact=0
K=3, n=600, m=3000, rep=1 | Opt=277.00 | Pred=277.00 | Gap=0.0000 | Hamming=0 | Exact=1
K=3, n=600, m=3000, rep=2 | Opt=421.00 | Pred=367.00 | Gap=0.1283 | Hamming=4 | Exact=0
K=3, n=600, m=3000, rep=3 | Opt=352.00 | Pred=291.00 | Gap=0.1733 | Hamming=6 | Exact=0
K=3, n=600, m=3000, rep=4 | Opt=372.00 | Pred=354.00 | Gap=0.0484 | Hamming=2 | Exact=0
K=3, n=600, m=3000, rep=5 | Opt=512.00 | Pred=436.00 | Gap=0.1484 | Hamming=4 | Exact=0
K=3, n=600, m=3000, rep=6 | Opt=196.00 | Pred=186.00 | Gap=0.0510 | Hamming=2 | Exact=0
K=3, n=600, m=3000, rep=7 | Opt=676.00 | Pred=603.00 | Gap=0.1080 | Hamming=2 | Exact=0
K=3, n=600, m=3000, rep=8 | Opt=338.00 | Pred=299.00 | Gap=0.1154 | Hamming=4 | Exact=0
K=3, n=600, m=3000, rep=9 | Opt=193.00 | Pred=150.00 | Gap=0.2228 | Hamming=2 | Exact=0
K=3, n=600, m=3000, rep=10 | Opt=561.00 | Pred=533.00 | Gap=0.0499 | Hamming=4 | Exact=0
K=3, n=600, m=3000, rep=11 | Opt=820.00 | Pred=814.00 | Gap=0.0073 | Hamming=2 | Exact=0
K=3, n=600, m=3000, rep=12 | Opt=337.00 | Pred=318.00 | Gap=0.0564 | Hamming=2 | Exact=0
K=3, n=600, m=3000, rep=13 | Opt=461.00 | Pred=431.00 | Gap=0.0651 | Hamming=2 | Exact=0
K=3, n=600, m=3000, rep=14 | Opt=1074.00 | Pred=1020.00 | Gap=0.0503 | Hamming=4 | Exact=0
K=3, n=600, m=3000, rep=15 | Opt=833.00 | Pred=822.00 | Gap=0.0132 | Hamming=2 | Exact=0
K=3, n=600, m=3000, rep=16 | Opt=630.00 | Pred=606.00 | Gap=0.0381 | Hamming=2 | Exact=0
K=3, n=600, m=3000, rep=17 | Opt=433.00 | Pred=414.00 | Gap=0.0439 | Hamming=4 | Exact=0
K=3, n=600, m=3000, rep=18 | Opt=488.00 | Pred=481.00 | Gap=0.0143 | Hamming=2 | Exact=0
K=3, n=600, m=3000, rep=19 | Opt=720.00 | Pred=682.00 | Gap=0.0528 | Hamming=2 | Exact=0
K=3, n=600, m=3600, rep=0 | Opt=785.00 | Pred=693.00 | Gap=0.1172 | Hamming=2 | Exact=0
K=3, n=600, m=3600, rep=1 | Opt=611.00 | Pred=545.00 | Gap=0.1080 | Hamming=4 | Exact=0
K=3, n=600, m=3600, rep=2 | Opt=908.00 | Pred=873.00 | Gap=0.0385 | Hamming=2 | Exact=0
K=3, n=600, m=3600, rep=3 | Opt=732.00 | Pred=732.00 | Gap=0.0000 | Hamming=0 | Exact=1
K=3, n=600, m=3600, rep=4 | Opt=688.00 | Pred=603.00 | Gap=0.1235 | Hamming=2 | Exact=0
K=3, n=600, m=3600, rep=5 | Opt=701.00 | Pred=600.00 | Gap=0.1441 | Hamming=4 | Exact=0
K=3, n=600, m=3600, rep=6 | Opt=323.00 | Pred=308.00 | Gap=0.0464 | Hamming=4 | Exact=0
K=3, n=600, m=3600, rep=7 | Opt=878.00 | Pred=876.00 | Gap=0.0023 | Hamming=2 | Exact=0
K=3, n=600, m=3600, rep=8 | Opt=374.00 | Pred=332.00 | Gap=0.1123 | Hamming=4 | Exact=0
K=3, n=600, m=3600, rep=9 | Opt=723.00 | Pred=672.00 | Gap=0.0705 | Hamming=2 | Exact=0
K=3, n=600, m=3600, rep=10 | Opt=369.00 | Pred=324.00 | Gap=0.1220 | Hamming=4 | Exact=0
K=3, n=600, m=3600, rep=11 | Opt=557.00 | Pred=557.00 | Gap=0.0000 | Hamming=0 | Exact=1
K=3, n=600, m=3600, rep=12 | Opt=371.00 | Pred=349.00 | Gap=0.0593 | Hamming=2 | Exact=0
K=3, n=600, m=3600, rep=13 | Opt=356.00 | Pred=334.00 | Gap=0.0618 | Hamming=2 | Exact=0
K=3, n=600, m=3600, rep=14 | Opt=974.00 | Pred=890.00 | Gap=0.0862 | Hamming=4 | Exact=0
K=3, n=600, m=3600, rep=15 | Opt=393.00 | Pred=350.00 | Gap=0.1094 | Hamming=4 | Exact=0
K=3, n=600, m=3600, rep=16 | Opt=703.00 | Pred=666.00 | Gap=0.0526 | Hamming=2 | Exact=0
K=3, n=600, m=3600, rep=17 | Opt=206.00 | Pred=196.00 | Gap=0.0485 | Hamming=2 | Exact=0
K=3, n=600, m=3600, rep=18 | Opt=978.00 | Pred=894.00 | Gap=0.0859 | Hamming=2 | Exact=0
K=3, n=600, m=3600, rep=19 | Opt=613.00 | Pred=507.00 | Gap=0.1729 | Hamming=6 | Exact=0
K=3, n=600, m=4800, rep=0 | Opt=565.00 | Pred=538.00 | Gap=0.0478 | Hamming=6 | Exact=0
K=3, n=600, m=4800, rep=1 | Opt=613.00 | Pred=542.00 | Gap=0.1158 | Hamming=6 | Exact=0
K=3, n=600, m=4800, rep=2 | Opt=278.00 | Pred=257.00 | Gap=0.0755 | Hamming=2 | Exact=0
K=3, n=600, m=4800, rep=3 | Opt=437.00 | Pred=422.00 | Gap=0.0343 | Hamming=2 | Exact=0
K=3, n=600, m=4800, rep=4 | Opt=738.00 | Pred=684.00 | Gap=0.0732 | Hamming=2 | Exact=0
K=3, n=600, m=4800, rep=5 | Opt=460.00 | Pred=446.00 | Gap=0.0304 | Hamming=2 | Exact=0
K=3, n=600, m=4800, rep=6 | Opt=778.00 | Pred=765.00 | Gap=0.0167 | Hamming=2 | Exact=0
K=3, n=600, m=4800, rep=7 | Opt=622.00 | Pred=487.00 | Gap=0.2170 | Hamming=4 | Exact=0
K=3, n=600, m=4800, rep=8 | Opt=335.00 | Pred=276.00 | Gap=0.1761 | Hamming=2 | Exact=0
K=3, n=600, m=4800, rep=9 | Opt=728.00 | Pred=669.00 | Gap=0.0810 | Hamming=4 | Exact=0
K=3, n=600, m=4800, rep=10 | Opt=961.00 | Pred=864.00 | Gap=0.1009 | Hamming=4 | Exact=0
K=3, n=600, m=4800, rep=11 | Opt=374.00 | Pred=374.00 | Gap=0.0000 | Hamming=4 | Exact=0
K=3, n=600, m=4800, rep=12 | Opt=357.00 | Pred=316.00 | Gap=0.1148 | Hamming=4 | Exact=0
K=3, n=600, m=4800, rep=13 | Opt=594.00 | Pred=565.00 | Gap=0.0488 | Hamming=2 | Exact=0
K=3, n=600, m=4800, rep=14 | Opt=797.00 | Pred=769.00 | Gap=0.0351 | Hamming=2 | Exact=0
K=3, n=600, m=4800, rep=15 | Opt=761.00 | Pred=699.00 | Gap=0.0815 | Hamming=6 | Exact=0
K=3, n=600, m=4800, rep=16 | Opt=821.00 | Pred=748.00 | Gap=0.0889 | Hamming=4 | Exact=0
K=3, n=600, m=4800, rep=17 | Opt=484.00 | Pred=454.00 | Gap=0.0620 | Hamming=6 | Exact=0
K=3, n=600, m=4800, rep=18 | Opt=818.00 | Pred=782.00 | Gap=0.0440 | Hamming=6 | Exact=0
K=3, n=600, m=4800, rep=19 | Opt=557.00 | Pred=510.00 | Gap=0.0844 | Hamming=2 | Exact=0

FINAL TEST RESULTS FOR K=3
Instances evaluated: 560
Exact match rate: 0.0696
Average Hamming distance: 3.1964
Average objective gap: 0.0986
Average MIP solve time: 1.586378 seconds
Average model inference time: 0.014667 seconds

Evaluating attack limit K=4
K=4, n=100, m=200, rep=0 | Opt=231.00 | Pred=168.00 | Gap=0.2727 | Hamming=6 | Exact=0
K=4, n=100, m=200, rep=1 | Opt=240.00 | Pred=194.00 | Gap=0.1917 | Hamming=4 | Exact=0
K=4, n=100, m=200, rep=2 | Opt=92.00 | Pred=70.00 | Gap=0.2391 | Hamming=6 | Exact=0
K=4, n=100, m=200, rep=3 | Opt=108.00 | Pred=84.00 | Gap=0.2222 | Hamming=6 | Exact=0
K=4, n=100, m=200, rep=4 | Opt=38.00 | Pred=34.00 | Gap=0.1053 | Hamming=2 | Exact=0
K=4, n=100, m=200, rep=5 | Opt=174.00 | Pred=167.00 | Gap=0.0402 | Hamming=4 | Exact=0
K=4, n=100, m=200, rep=6 | Opt=56.00 | Pred=42.00 | Gap=0.2500 | Hamming=4 | Exact=0
K=4, n=100, m=200, rep=7 | Opt=112.00 | Pred=112.00 | Gap=0.0000 | Hamming=2 | Exact=0
K=4, n=100, m=200, rep=8 | Opt=119.00 | Pred=110.00 | Gap=0.0756 | Hamming=4 | Exact=0
K=4, n=100, m=200, rep=9 | Opt=385.00 | Pred=318.00 | Gap=0.1740 | Hamming=6 | Exact=0
K=4, n=100, m=200, rep=10 | Opt=32.00 | Pred=21.00 | Gap=0.3438 | Hamming=6 | Exact=0
K=4, n=100, m=200, rep=11 | Opt=286.00 | Pred=225.00 | Gap=0.2133 | Hamming=4 | Exact=0
K=4, n=100, m=200, rep=12 | Opt=52.00 | Pred=37.00 | Gap=0.2885 | Hamming=6 | Exact=0
K=4, n=100, m=200, rep=13 | Opt=170.00 | Pred=169.00 | Gap=0.0059 | Hamming=2 | Exact=0
K=4, n=100, m=200, rep=14 | Opt=183.00 | Pred=153.00 | Gap=0.1639 | Hamming=4 | Exact=0
K=4, n=100, m=200, rep=15 | Opt=74.00 | Pred=59.00 | Gap=0.2027 | Hamming=4 | Exact=0
K=4, n=100, m=200, rep=16 | Opt=180.00 | Pred=114.00 | Gap=0.3667 | Hamming=4 | Exact=0
K=4, n=100, m=200, rep=17 | Opt=10.00 | Pred=10.00 | Gap=0.0000 | Hamming=3 | Exact=0
K=4, n=100, m=200, rep=18 | Opt=111.00 | Pred=103.00 | Gap=0.0721 | Hamming=4 | Exact=0
K=4, n=100, m=200, rep=19 | Opt=58.00 | Pred=37.00 | Gap=0.3621 | Hamming=6 | Exact=0
K=4, n=100, m=250, rep=0 | Opt=39.00 | Pred=39.00 | Gap=0.0000 | Hamming=6 | Exact=0
K=4, n=100, m=250, rep=1 | Opt=284.00 | Pred=245.00 | Gap=0.1373 | Hamming=4 | Exact=0
K=4, n=100, m=250, rep=2 | Opt=345.00 | Pred=325.00 | Gap=0.0580 | Hamming=6 | Exact=0
K=4, n=100, m=250, rep=3 | Opt=284.00 | Pred=262.00 | Gap=0.0775 | Hamming=4 | Exact=0
K=4, n=100, m=250, rep=4 | Opt=171.00 | Pred=145.00 | Gap=0.1520 | Hamming=4 | Exact=0
K=4, n=100, m=250, rep=5 | Opt=105.00 | Pred=75.00 | Gap=0.2857 | Hamming=8 | Exact=0
K=4, n=100, m=250, rep=6 | Opt=459.00 | Pred=413.00 | Gap=0.1002 | Hamming=4 | Exact=0
K=4, n=100, m=250, rep=7 | Opt=231.00 | Pred=189.00 | Gap=0.1818 | Hamming=6 | Exact=0
K=4, n=100, m=250, rep=8 | Opt=263.00 | Pred=218.00 | Gap=0.1711 | Hamming=4 | Exact=0
K=4, n=100, m=250, rep=9 | Opt=323.00 | Pred=267.00 | Gap=0.1734 | Hamming=6 | Exact=0
K=4, n=100, m=250, rep=10 | Opt=324.00 | Pred=295.00 | Gap=0.0895 | Hamming=4 | Exact=0
K=4, n=100, m=250, rep=11 | Opt=76.00 | Pred=48.00 | Gap=0.3684 | Hamming=5 | Exact=0
K=4, n=100, m=250, rep=12 | Opt=192.00 | Pred=176.00 | Gap=0.0833 | Hamming=4 | Exact=0
K=4, n=100, m=250, rep=13 | Opt=526.00 | Pred=520.00 | Gap=0.0114 | Hamming=2 | Exact=0
K=4, n=100, m=250, rep=14 | Opt=116.00 | Pred=104.00 | Gap=0.1034 | Hamming=4 | Exact=0
K=4, n=100, m=250, rep=15 | Opt=474.00 | Pred=450.00 | Gap=0.0506 | Hamming=4 | Exact=0
K=4, n=100, m=250, rep=16 | Opt=485.00 | Pred=394.00 | Gap=0.1876 | Hamming=8 | Exact=0
K=4, n=100, m=250, rep=17 | Opt=115.00 | Pred=76.00 | Gap=0.3391 | Hamming=6 | Exact=0
K=4, n=100, m=250, rep=18 | Opt=176.00 | Pred=124.00 | Gap=0.2955 | Hamming=6 | Exact=0
K=4, n=100, m=250, rep=19 | Opt=42.00 | Pred=34.00 | Gap=0.1905 | Hamming=2 | Exact=0
K=4, n=100, m=300, rep=0 | Opt=519.00 | Pred=460.00 | Gap=0.1137 | Hamming=4 | Exact=0
K=4, n=100, m=300, rep=1 | Opt=160.00 | Pred=136.00 | Gap=0.1500 | Hamming=4 | Exact=0
K=4, n=100, m=300, rep=2 | Opt=510.00 | Pred=454.00 | Gap=0.1098 | Hamming=6 | Exact=0
K=4, n=100, m=300, rep=3 | Opt=362.00 | Pred=321.00 | Gap=0.1133 | Hamming=4 | Exact=0
K=4, n=100, m=300, rep=4 | Opt=244.00 | Pred=203.00 | Gap=0.1680 | Hamming=6 | Exact=0
K=4, n=100, m=300, rep=5 | Opt=329.00 | Pred=231.00 | Gap=0.2979 | Hamming=2 | Exact=0
K=4, n=100, m=300, rep=6 | Opt=489.00 | Pred=489.00 | Gap=0.0000 | Hamming=0 | Exact=1
K=4, n=100, m=300, rep=7 | Opt=548.00 | Pred=538.00 | Gap=0.0182 | Hamming=6 | Exact=0
K=4, n=100, m=300, rep=8 | Opt=425.00 | Pred=393.00 | Gap=0.0753 | Hamming=4 | Exact=0
K=4, n=100, m=300, rep=9 | Opt=294.00 | Pred=284.00 | Gap=0.0340 | Hamming=4 | Exact=0
K=4, n=100, m=300, rep=10 | Opt=704.00 | Pred=680.00 | Gap=0.0341 | Hamming=2 | Exact=0
K=4, n=100, m=300, rep=11 | Opt=159.00 | Pred=145.00 | Gap=0.0881 | Hamming=2 | Exact=0
K=4, n=100, m=300, rep=12 | Opt=438.00 | Pred=423.00 | Gap=0.0342 | Hamming=2 | Exact=0
K=4, n=100, m=300, rep=13 | Opt=497.00 | Pred=364.00 | Gap=0.2676 | Hamming=8 | Exact=0
K=4, n=100, m=300, rep=14 | Opt=269.00 | Pred=211.00 | Gap=0.2156 | Hamming=8 | Exact=0
K=4, n=100, m=300, rep=15 | Opt=364.00 | Pred=332.00 | Gap=0.0879 | Hamming=4 | Exact=0
K=4, n=100, m=300, rep=16 | Opt=40.00 | Pred=34.00 | Gap=0.1500 | Hamming=4 | Exact=0
K=4, n=100, m=300, rep=17 | Opt=269.00 | Pred=248.00 | Gap=0.0781 | Hamming=4 | Exact=0
K=4, n=100, m=300, rep=18 | Opt=159.00 | Pred=109.00 | Gap=0.3145 | Hamming=4 | Exact=0
K=4, n=100, m=300, rep=19 | Opt=712.00 | Pred=670.00 | Gap=0.0590 | Hamming=4 | Exact=0
K=4, n=100, m=400, rep=0 | Opt=114.00 | Pred=84.00 | Gap=0.2632 | Hamming=2 | Exact=0
K=4, n=100, m=400, rep=1 | Opt=434.00 | Pred=414.00 | Gap=0.0461 | Hamming=2 | Exact=0
K=4, n=100, m=400, rep=2 | Opt=55.00 | Pred=46.00 | Gap=0.1636 | Hamming=4 | Exact=0
K=4, n=100, m=400, rep=3 | Opt=382.00 | Pred=331.00 | Gap=0.1335 | Hamming=4 | Exact=0
K=4, n=100, m=400, rep=4 | Opt=654.00 | Pred=621.00 | Gap=0.0505 | Hamming=2 | Exact=0
K=4, n=100, m=400, rep=5 | Opt=360.00 | Pred=303.00 | Gap=0.1583 | Hamming=4 | Exact=0
K=4, n=100, m=400, rep=6 | Opt=345.00 | Pred=345.00 | Gap=0.0000 | Hamming=0 | Exact=1
K=4, n=100, m=400, rep=7 | Opt=766.00 | Pred=704.00 | Gap=0.0809 | Hamming=4 | Exact=0
K=4, n=100, m=400, rep=8 | Opt=383.00 | Pred=366.00 | Gap=0.0444 | Hamming=2 | Exact=0
K=4, n=100, m=400, rep=9 | Opt=401.00 | Pred=347.00 | Gap=0.1347 | Hamming=4 | Exact=0
K=4, n=100, m=400, rep=10 | Opt=94.00 | Pred=72.00 | Gap=0.2340 | Hamming=6 | Exact=0
K=4, n=100, m=400, rep=11 | Opt=596.00 | Pred=563.00 | Gap=0.0554 | Hamming=2 | Exact=0
K=4, n=100, m=400, rep=12 | Opt=673.00 | Pred=648.00 | Gap=0.0371 | Hamming=4 | Exact=0
K=4, n=100, m=400, rep=13 | Opt=252.00 | Pred=244.00 | Gap=0.0317 | Hamming=4 | Exact=0
K=4, n=100, m=400, rep=14 | Opt=610.00 | Pred=599.00 | Gap=0.0180 | Hamming=2 | Exact=0
K=4, n=100, m=400, rep=15 | Opt=458.00 | Pred=443.00 | Gap=0.0328 | Hamming=4 | Exact=0
K=4, n=100, m=400, rep=16 | Opt=358.00 | Pred=336.00 | Gap=0.0615 | Hamming=4 | Exact=0
K=4, n=100, m=400, rep=17 | Opt=351.00 | Pred=276.00 | Gap=0.2137 | Hamming=4 | Exact=0
K=4, n=100, m=400, rep=18 | Opt=392.00 | Pred=381.00 | Gap=0.0281 | Hamming=4 | Exact=0
K=4, n=100, m=400, rep=19 | Opt=355.00 | Pred=332.00 | Gap=0.0648 | Hamming=2 | Exact=0
K=4, n=100, m=500, rep=0 | Opt=171.00 | Pred=154.00 | Gap=0.0994 | Hamming=4 | Exact=0
K=4, n=100, m=500, rep=1 | Opt=628.00 | Pred=584.00 | Gap=0.0701 | Hamming=8 | Exact=0
K=4, n=100, m=500, rep=2 | Opt=664.00 | Pred=606.00 | Gap=0.0873 | Hamming=2 | Exact=0
K=4, n=100, m=500, rep=3 | Opt=190.00 | Pred=183.00 | Gap=0.0368 | Hamming=2 | Exact=0
K=4, n=100, m=500, rep=4 | Opt=210.00 | Pred=210.00 | Gap=0.0000 | Hamming=4 | Exact=0
K=4, n=100, m=500, rep=5 | Opt=54.00 | Pred=48.00 | Gap=0.1111 | Hamming=4 | Exact=0
K=4, n=100, m=500, rep=6 | Opt=341.00 | Pred=290.00 | Gap=0.1496 | Hamming=4 | Exact=0
K=4, n=100, m=500, rep=7 | Opt=104.00 | Pred=88.00 | Gap=0.1538 | Hamming=6 | Exact=0
K=4, n=100, m=500, rep=8 | Opt=546.00 | Pred=475.00 | Gap=0.1300 | Hamming=4 | Exact=0
K=4, n=100, m=500, rep=9 | Opt=763.00 | Pred=748.00 | Gap=0.0197 | Hamming=2 | Exact=0
K=4, n=100, m=500, rep=10 | Opt=550.00 | Pred=516.00 | Gap=0.0618 | Hamming=4 | Exact=0
K=4, n=100, m=500, rep=11 | Opt=281.00 | Pred=242.00 | Gap=0.1388 | Hamming=2 | Exact=0
K=4, n=100, m=500, rep=12 | Opt=839.00 | Pred=791.00 | Gap=0.0572 | Hamming=4 | Exact=0
K=4, n=100, m=500, rep=13 | Opt=288.00 | Pred=220.00 | Gap=0.2361 | Hamming=6 | Exact=0
K=4, n=100, m=500, rep=14 | Opt=349.00 | Pred=314.00 | Gap=0.1003 | Hamming=6 | Exact=0
K=4, n=100, m=500, rep=15 | Opt=279.00 | Pred=246.00 | Gap=0.1183 | Hamming=6 | Exact=0
K=4, n=100, m=500, rep=16 | Opt=312.00 | Pred=290.00 | Gap=0.0705 | Hamming=4 | Exact=0
K=4, n=100, m=500, rep=17 | Opt=154.00 | Pred=154.00 | Gap=0.0000 | Hamming=3 | Exact=0
K=4, n=100, m=500, rep=18 | Opt=294.00 | Pred=282.00 | Gap=0.0408 | Hamming=6 | Exact=0
K=4, n=100, m=500, rep=19 | Opt=305.00 | Pred=227.00 | Gap=0.2557 | Hamming=6 | Exact=0
K=4, n=100, m=600, rep=0 | Opt=600.00 | Pred=508.00 | Gap=0.1533 | Hamming=4 | Exact=0
K=4, n=100, m=600, rep=1 | Opt=519.00 | Pred=489.00 | Gap=0.0578 | Hamming=6 | Exact=0
K=4, n=100, m=600, rep=2 | Opt=476.00 | Pred=469.00 | Gap=0.0147 | Hamming=4 | Exact=0
K=4, n=100, m=600, rep=3 | Opt=364.00 | Pred=334.00 | Gap=0.0824 | Hamming=4 | Exact=0
K=4, n=100, m=600, rep=4 | Opt=96.00 | Pred=72.00 | Gap=0.2500 | Hamming=8 | Exact=0
K=4, n=100, m=600, rep=5 | Opt=794.00 | Pred=793.00 | Gap=0.0013 | Hamming=2 | Exact=0
K=4, n=100, m=600, rep=6 | Opt=419.00 | Pred=389.00 | Gap=0.0716 | Hamming=4 | Exact=0
K=4, n=100, m=600, rep=7 | Opt=612.00 | Pred=550.00 | Gap=0.1013 | Hamming=2 | Exact=0
K=4, n=100, m=600, rep=8 | Opt=289.00 | Pred=289.00 | Gap=0.0000 | Hamming=0 | Exact=1
K=4, n=100, m=600, rep=9 | Opt=206.00 | Pred=192.00 | Gap=0.0680 | Hamming=4 | Exact=0
K=4, n=100, m=600, rep=10 | Opt=229.00 | Pred=228.00 | Gap=0.0044 | Hamming=4 | Exact=0
K=4, n=100, m=600, rep=11 | Opt=332.00 | Pred=332.00 | Gap=0.0000 | Hamming=0 | Exact=1
K=4, n=100, m=600, rep=12 | Opt=414.00 | Pred=394.00 | Gap=0.0483 | Hamming=4 | Exact=0
K=4, n=100, m=600, rep=13 | Opt=328.00 | Pred=286.00 | Gap=0.1280 | Hamming=4 | Exact=0
K=4, n=100, m=600, rep=14 | Opt=644.00 | Pred=566.00 | Gap=0.1211 | Hamming=6 | Exact=0
K=4, n=100, m=600, rep=15 | Opt=431.00 | Pred=431.00 | Gap=0.0000 | Hamming=0 | Exact=1
K=4, n=100, m=600, rep=16 | Opt=751.00 | Pred=751.00 | Gap=0.0000 | Hamming=0 | Exact=1
K=4, n=100, m=600, rep=17 | Opt=473.00 | Pred=456.00 | Gap=0.0359 | Hamming=4 | Exact=0
K=4, n=100, m=600, rep=18 | Opt=186.00 | Pred=153.00 | Gap=0.1774 | Hamming=6 | Exact=0
K=4, n=100, m=600, rep=19 | Opt=446.00 | Pred=398.00 | Gap=0.1076 | Hamming=4 | Exact=0
K=4, n=100, m=800, rep=0 | Opt=662.00 | Pred=565.00 | Gap=0.1465 | Hamming=6 | Exact=0
K=4, n=100, m=800, rep=1 | Opt=385.00 | Pred=354.00 | Gap=0.0805 | Hamming=4 | Exact=0
K=4, n=100, m=800, rep=2 | Opt=644.00 | Pred=568.00 | Gap=0.1180 | Hamming=4 | Exact=0
K=4, n=100, m=800, rep=3 | Opt=526.00 | Pred=526.00 | Gap=0.0000 | Hamming=0 | Exact=1
K=4, n=100, m=800, rep=4 | Opt=602.00 | Pred=576.00 | Gap=0.0432 | Hamming=2 | Exact=0
K=4, n=100, m=800, rep=5 | Opt=726.00 | Pred=656.00 | Gap=0.0964 | Hamming=4 | Exact=0
K=4, n=100, m=800, rep=6 | Opt=500.00 | Pred=475.00 | Gap=0.0500 | Hamming=4 | Exact=0
K=4, n=100, m=800, rep=7 | Opt=662.00 | Pred=613.00 | Gap=0.0740 | Hamming=4 | Exact=0
K=4, n=100, m=800, rep=8 | Opt=530.00 | Pred=514.00 | Gap=0.0302 | Hamming=2 | Exact=0
K=4, n=100, m=800, rep=9 | Opt=536.00 | Pred=481.00 | Gap=0.1026 | Hamming=6 | Exact=0
K=4, n=100, m=800, rep=10 | Opt=482.00 | Pred=457.00 | Gap=0.0519 | Hamming=2 | Exact=0
K=4, n=100, m=800, rep=11 | Opt=488.00 | Pred=451.00 | Gap=0.0758 | Hamming=2 | Exact=0
K=4, n=100, m=800, rep=12 | Opt=795.00 | Pred=795.00 | Gap=0.0000 | Hamming=0 | Exact=1
K=4, n=100, m=800, rep=13 | Opt=411.00 | Pred=406.00 | Gap=0.0122 | Hamming=2 | Exact=0
K=4, n=100, m=800, rep=14 | Opt=986.00 | Pred=977.00 | Gap=0.0091 | Hamming=2 | Exact=0
K=4, n=100, m=800, rep=15 | Opt=575.00 | Pred=562.00 | Gap=0.0226 | Hamming=2 | Exact=0
K=4, n=100, m=800, rep=16 | Opt=569.00 | Pred=568.00 | Gap=0.0018 | Hamming=2 | Exact=0
K=4, n=100, m=800, rep=17 | Opt=699.00 | Pred=699.00 | Gap=0.0000 | Hamming=0 | Exact=1
K=4, n=100, m=800, rep=18 | Opt=642.00 | Pred=601.00 | Gap=0.0639 | Hamming=2 | Exact=0
K=4, n=100, m=800, rep=19 | Opt=595.00 | Pred=496.00 | Gap=0.1664 | Hamming=6 | Exact=0
K=4, n=200, m=400, rep=0 | Opt=522.00 | Pred=452.00 | Gap=0.1341 | Hamming=4 | Exact=0
K=4, n=200, m=400, rep=1 | Opt=589.00 | Pred=558.00 | Gap=0.0526 | Hamming=4 | Exact=0
K=4, n=200, m=400, rep=2 | Opt=348.00 | Pred=300.00 | Gap=0.1379 | Hamming=2 | Exact=0
K=4, n=200, m=400, rep=3 | Opt=224.00 | Pred=186.00 | Gap=0.1696 | Hamming=4 | Exact=0
K=4, n=200, m=400, rep=4 | Opt=214.00 | Pred=162.00 | Gap=0.2430 | Hamming=8 | Exact=0
K=4, n=200, m=400, rep=5 | Opt=87.00 | Pred=66.00 | Gap=0.2414 | Hamming=6 | Exact=0
K=4, n=200, m=400, rep=6 | Opt=194.00 | Pred=164.00 | Gap=0.1546 | Hamming=6 | Exact=0
K=4, n=200, m=400, rep=7 | Opt=291.00 | Pred=234.00 | Gap=0.1959 | Hamming=6 | Exact=0
K=4, n=200, m=400, rep=8 | Opt=49.00 | Pred=41.00 | Gap=0.1633 | Hamming=6 | Exact=0
K=4, n=200, m=400, rep=9 | Opt=515.00 | Pred=462.00 | Gap=0.1029 | Hamming=4 | Exact=0
K=4, n=200, m=400, rep=10 | Opt=599.00 | Pred=519.00 | Gap=0.1336 | Hamming=6 | Exact=0
K=4, n=200, m=400, rep=11 | Opt=54.00 | Pred=41.00 | Gap=0.2407 | Hamming=4 | Exact=0
K=4, n=200, m=400, rep=12 | Opt=242.00 | Pred=234.00 | Gap=0.0331 | Hamming=2 | Exact=0
K=4, n=200, m=400, rep=13 | Opt=132.00 | Pred=124.00 | Gap=0.0606 | Hamming=2 | Exact=0
K=4, n=200, m=400, rep=14 | Opt=453.00 | Pred=403.00 | Gap=0.1104 | Hamming=6 | Exact=0
K=4, n=200, m=400, rep=15 | Opt=85.00 | Pred=79.00 | Gap=0.0706 | Hamming=4 | Exact=0
K=4, n=200, m=400, rep=16 | Opt=68.00 | Pred=65.00 | Gap=0.0441 | Hamming=2 | Exact=0
K=4, n=200, m=400, rep=17 | Opt=168.00 | Pred=144.00 | Gap=0.1429 | Hamming=6 | Exact=0
K=4, n=200, m=400, rep=18 | Opt=196.00 | Pred=182.00 | Gap=0.0714 | Hamming=2 | Exact=0
K=4, n=200, m=400, rep=19 | Opt=315.00 | Pred=298.00 | Gap=0.0540 | Hamming=4 | Exact=0
K=4, n=200, m=500, rep=0 | Opt=521.00 | Pred=467.00 | Gap=0.1036 | Hamming=4 | Exact=0
K=4, n=200, m=500, rep=1 | Opt=498.00 | Pred=438.00 | Gap=0.1205 | Hamming=4 | Exact=0
K=4, n=200, m=500, rep=2 | Opt=112.00 | Pred=100.00 | Gap=0.1071 | Hamming=2 | Exact=0
K=4, n=200, m=500, rep=3 | Opt=421.00 | Pred=346.00 | Gap=0.1781 | Hamming=6 | Exact=0
K=4, n=200, m=500, rep=4 | Opt=282.00 | Pred=246.00 | Gap=0.1277 | Hamming=4 | Exact=0
K=4, n=200, m=500, rep=5 | Opt=160.00 | Pred=121.00 | Gap=0.2437 | Hamming=4 | Exact=0
K=4, n=200, m=500, rep=6 | Opt=80.00 | Pred=76.00 | Gap=0.0500 | Hamming=2 | Exact=0
K=4, n=200, m=500, rep=7 | Opt=437.00 | Pred=378.00 | Gap=0.1350 | Hamming=4 | Exact=0
K=4, n=200, m=500, rep=8 | Opt=478.00 | Pred=400.00 | Gap=0.1632 | Hamming=4 | Exact=0
K=4, n=200, m=500, rep=9 | Opt=700.00 | Pred=599.00 | Gap=0.1443 | Hamming=4 | Exact=0
K=4, n=200, m=500, rep=10 | Opt=463.00 | Pred=404.00 | Gap=0.1274 | Hamming=4 | Exact=0
K=4, n=200, m=500, rep=11 | Opt=413.00 | Pred=355.00 | Gap=0.1404 | Hamming=6 | Exact=0
K=4, n=200, m=500, rep=12 | Opt=235.00 | Pred=182.00 | Gap=0.2255 | Hamming=4 | Exact=0
K=4, n=200, m=500, rep=13 | Opt=157.00 | Pred=110.00 | Gap=0.2994 | Hamming=6 | Exact=0
K=4, n=200, m=500, rep=14 | Opt=744.00 | Pred=717.00 | Gap=0.0363 | Hamming=6 | Exact=0
K=4, n=200, m=500, rep=15 | Opt=176.00 | Pred=152.00 | Gap=0.1364 | Hamming=2 | Exact=0
K=4, n=200, m=500, rep=16 | Opt=97.00 | Pred=74.00 | Gap=0.2371 | Hamming=8 | Exact=0
K=4, n=200, m=500, rep=17 | Opt=548.00 | Pred=417.00 | Gap=0.2391 | Hamming=6 | Exact=0
K=4, n=200, m=500, rep=18 | Opt=92.00 | Pred=79.00 | Gap=0.1413 | Hamming=4 | Exact=0
K=4, n=200, m=500, rep=19 | Opt=186.00 | Pred=153.00 | Gap=0.1774 | Hamming=4 | Exact=0
K=4, n=200, m=600, rep=0 | Opt=254.00 | Pred=208.00 | Gap=0.1811 | Hamming=4 | Exact=0
K=4, n=200, m=600, rep=1 | Opt=155.00 | Pred=132.00 | Gap=0.1484 | Hamming=4 | Exact=0
K=4, n=200, m=600, rep=2 | Opt=418.00 | Pred=377.00 | Gap=0.0981 | Hamming=6 | Exact=0
K=4, n=200, m=600, rep=3 | Opt=642.00 | Pred=589.00 | Gap=0.0826 | Hamming=4 | Exact=0
K=4, n=200, m=600, rep=4 | Opt=175.00 | Pred=147.00 | Gap=0.1600 | Hamming=6 | Exact=0
K=4, n=200, m=600, rep=5 | Opt=75.00 | Pred=68.00 | Gap=0.0933 | Hamming=2 | Exact=0
K=4, n=200, m=600, rep=6 | Opt=348.00 | Pred=242.00 | Gap=0.3046 | Hamming=2 | Exact=0
K=4, n=200, m=600, rep=7 | Opt=534.00 | Pred=499.00 | Gap=0.0655 | Hamming=4 | Exact=0
K=4, n=200, m=600, rep=8 | Opt=284.00 | Pred=243.00 | Gap=0.1444 | Hamming=6 | Exact=0
K=4, n=200, m=600, rep=9 | Opt=360.00 | Pred=297.00 | Gap=0.1750 | Hamming=4 | Exact=0
K=4, n=200, m=600, rep=10 | Opt=728.00 | Pred=728.00 | Gap=0.0000 | Hamming=0 | Exact=1
K=4, n=200, m=600, rep=11 | Opt=238.00 | Pred=194.00 | Gap=0.1849 | Hamming=8 | Exact=0
K=4, n=200, m=600, rep=12 | Opt=166.00 | Pred=144.00 | Gap=0.1325 | Hamming=6 | Exact=0
K=4, n=200, m=600, rep=13 | Opt=542.00 | Pred=500.00 | Gap=0.0775 | Hamming=4 | Exact=0
K=4, n=200, m=600, rep=14 | Opt=389.00 | Pred=351.00 | Gap=0.0977 | Hamming=4 | Exact=0
K=4, n=200, m=600, rep=15 | Opt=282.00 | Pred=266.00 | Gap=0.0567 | Hamming=2 | Exact=0
K=4, n=200, m=600, rep=16 | Opt=507.00 | Pred=472.00 | Gap=0.0690 | Hamming=2 | Exact=0
K=4, n=200, m=600, rep=17 | Opt=539.00 | Pred=491.00 | Gap=0.0891 | Hamming=4 | Exact=0
K=4, n=200, m=600, rep=18 | Opt=82.00 | Pred=66.00 | Gap=0.1951 | Hamming=4 | Exact=0
K=4, n=200, m=600, rep=19 | Opt=587.00 | Pred=532.00 | Gap=0.0937 | Hamming=4 | Exact=0
K=4, n=200, m=800, rep=0 | Opt=285.00 | Pred=278.00 | Gap=0.0246 | Hamming=2 | Exact=0
K=4, n=200, m=800, rep=1 | Opt=520.00 | Pred=481.00 | Gap=0.0750 | Hamming=2 | Exact=0
K=4, n=200, m=800, rep=2 | Opt=560.00 | Pred=534.00 | Gap=0.0464 | Hamming=2 | Exact=0
K=4, n=200, m=800, rep=3 | Opt=472.00 | Pred=366.00 | Gap=0.2246 | Hamming=6 | Exact=0
K=4, n=200, m=800, rep=4 | Opt=120.00 | Pred=90.00 | Gap=0.2500 | Hamming=4 | Exact=0
K=4, n=200, m=800, rep=5 | Opt=524.00 | Pred=473.00 | Gap=0.0973 | Hamming=4 | Exact=0
K=4, n=200, m=800, rep=6 | Opt=221.00 | Pred=197.00 | Gap=0.1086 | Hamming=4 | Exact=0
K=4, n=200, m=800, rep=7 | Opt=252.00 | Pred=179.00 | Gap=0.2897 | Hamming=8 | Exact=0
K=4, n=200, m=800, rep=8 | Opt=265.00 | Pred=253.00 | Gap=0.0453 | Hamming=4 | Exact=0
K=4, n=200, m=800, rep=9 | Opt=413.00 | Pred=394.00 | Gap=0.0460 | Hamming=4 | Exact=0
K=4, n=200, m=800, rep=10 | Opt=617.00 | Pred=535.00 | Gap=0.1329 | Hamming=4 | Exact=0
K=4, n=200, m=800, rep=11 | Opt=602.00 | Pred=598.00 | Gap=0.0066 | Hamming=2 | Exact=0
K=4, n=200, m=800, rep=12 | Opt=716.00 | Pred=716.00 | Gap=0.0000 | Hamming=0 | Exact=1
K=4, n=200, m=800, rep=13 | Opt=181.00 | Pred=148.00 | Gap=0.1823 | Hamming=6 | Exact=0
K=4, n=200, m=800, rep=14 | Opt=657.00 | Pred=639.00 | Gap=0.0274 | Hamming=2 | Exact=0
K=4, n=200, m=800, rep=15 | Opt=321.00 | Pred=288.00 | Gap=0.1028 | Hamming=4 | Exact=0
K=4, n=200, m=800, rep=16 | Opt=313.00 | Pred=305.00 | Gap=0.0256 | Hamming=2 | Exact=0
K=4, n=200, m=800, rep=17 | Opt=268.00 | Pred=246.00 | Gap=0.0821 | Hamming=4 | Exact=0
K=4, n=200, m=800, rep=18 | Opt=436.00 | Pred=384.00 | Gap=0.1193 | Hamming=4 | Exact=0
K=4, n=200, m=800, rep=19 | Opt=356.00 | Pred=331.00 | Gap=0.0702 | Hamming=2 | Exact=0
K=4, n=200, m=1000, rep=0 | Opt=159.00 | Pred=138.00 | Gap=0.1321 | Hamming=4 | Exact=0
K=4, n=200, m=1000, rep=1 | Opt=208.00 | Pred=168.00 | Gap=0.1923 | Hamming=8 | Exact=0
K=4, n=200, m=1000, rep=2 | Opt=386.00 | Pred=327.00 | Gap=0.1528 | Hamming=6 | Exact=0
K=4, n=200, m=1000, rep=3 | Opt=964.00 | Pred=922.00 | Gap=0.0436 | Hamming=4 | Exact=0
K=4, n=200, m=1000, rep=4 | Opt=256.00 | Pred=244.00 | Gap=0.0469 | Hamming=4 | Exact=0
K=4, n=200, m=1000, rep=5 | Opt=939.00 | Pred=871.00 | Gap=0.0724 | Hamming=4 | Exact=0
K=4, n=200, m=1000, rep=6 | Opt=437.00 | Pred=411.00 | Gap=0.0595 | Hamming=4 | Exact=0
K=4, n=200, m=1000, rep=7 | Opt=385.00 | Pred=373.00 | Gap=0.0312 | Hamming=4 | Exact=0
K=4, n=200, m=1000, rep=8 | Opt=743.00 | Pred=732.00 | Gap=0.0148 | Hamming=2 | Exact=0
K=4, n=200, m=1000, rep=9 | Opt=444.00 | Pred=384.00 | Gap=0.1351 | Hamming=6 | Exact=0
K=4, n=200, m=1000, rep=10 | Opt=295.00 | Pred=281.00 | Gap=0.0475 | Hamming=2 | Exact=0
K=4, n=200, m=1000, rep=11 | Opt=144.00 | Pred=128.00 | Gap=0.1111 | Hamming=2 | Exact=0
K=4, n=200, m=1000, rep=12 | Opt=484.00 | Pred=443.00 | Gap=0.0847 | Hamming=4 | Exact=0
K=4, n=200, m=1000, rep=13 | Opt=469.00 | Pred=433.00 | Gap=0.0768 | Hamming=4 | Exact=0
K=4, n=200, m=1000, rep=14 | Opt=620.00 | Pred=598.00 | Gap=0.0355 | Hamming=2 | Exact=0
K=4, n=200, m=1000, rep=15 | Opt=517.00 | Pred=499.00 | Gap=0.0348 | Hamming=2 | Exact=0
K=4, n=200, m=1000, rep=16 | Opt=708.00 | Pred=670.00 | Gap=0.0537 | Hamming=2 | Exact=0
K=4, n=200, m=1000, rep=17 | Opt=772.00 | Pred=711.00 | Gap=0.0790 | Hamming=4 | Exact=0
K=4, n=200, m=1000, rep=18 | Opt=216.00 | Pred=166.00 | Gap=0.2315 | Hamming=6 | Exact=0
K=4, n=200, m=1000, rep=19 | Opt=294.00 | Pred=263.00 | Gap=0.1054 | Hamming=4 | Exact=0
K=4, n=200, m=1200, rep=0 | Opt=265.00 | Pred=207.00 | Gap=0.2189 | Hamming=6 | Exact=0
K=4, n=200, m=1200, rep=1 | Opt=446.00 | Pred=428.00 | Gap=0.0404 | Hamming=4 | Exact=0
K=4, n=200, m=1200, rep=2 | Opt=154.00 | Pred=154.00 | Gap=0.0000 | Hamming=3 | Exact=0
K=4, n=200, m=1200, rep=3 | Opt=695.00 | Pred=615.00 | Gap=0.1151 | Hamming=6 | Exact=0
K=4, n=200, m=1200, rep=4 | Opt=734.00 | Pred=655.00 | Gap=0.1076 | Hamming=4 | Exact=0
K=4, n=200, m=1200, rep=5 | Opt=431.00 | Pred=390.00 | Gap=0.0951 | Hamming=4 | Exact=0
K=4, n=200, m=1200, rep=6 | Opt=447.00 | Pred=429.00 | Gap=0.0403 | Hamming=2 | Exact=0
K=4, n=200, m=1200, rep=7 | Opt=647.00 | Pred=541.00 | Gap=0.1638 | Hamming=4 | Exact=0
K=4, n=200, m=1200, rep=8 | Opt=559.00 | Pred=484.00 | Gap=0.1342 | Hamming=4 | Exact=0
K=4, n=200, m=1200, rep=9 | Opt=700.00 | Pred=641.00 | Gap=0.0843 | Hamming=4 | Exact=0
K=4, n=200, m=1200, rep=10 | Opt=693.00 | Pred=649.00 | Gap=0.0635 | Hamming=4 | Exact=0
K=4, n=200, m=1200, rep=11 | Opt=659.00 | Pred=640.00 | Gap=0.0288 | Hamming=2 | Exact=0
K=4, n=200, m=1200, rep=12 | Opt=794.00 | Pred=748.00 | Gap=0.0579 | Hamming=2 | Exact=0
K=4, n=200, m=1200, rep=13 | Opt=365.00 | Pred=329.00 | Gap=0.0986 | Hamming=4 | Exact=0
K=4, n=200, m=1200, rep=14 | Opt=372.00 | Pred=307.00 | Gap=0.1747 | Hamming=6 | Exact=0
K=4, n=200, m=1200, rep=15 | Opt=93.00 | Pred=73.00 | Gap=0.2151 | Hamming=8 | Exact=0
K=4, n=200, m=1200, rep=16 | Opt=1128.00 | Pred=1093.00 | Gap=0.0310 | Hamming=2 | Exact=0
K=4, n=200, m=1200, rep=17 | Opt=584.00 | Pred=554.00 | Gap=0.0514 | Hamming=2 | Exact=0
K=4, n=200, m=1200, rep=18 | Opt=598.00 | Pred=586.00 | Gap=0.0201 | Hamming=2 | Exact=0
K=4, n=200, m=1200, rep=19 | Opt=600.00 | Pred=560.00 | Gap=0.0667 | Hamming=4 | Exact=0
K=4, n=200, m=1600, rep=0 | Opt=1031.00 | Pred=973.00 | Gap=0.0563 | Hamming=4 | Exact=0
K=4, n=200, m=1600, rep=1 | Opt=433.00 | Pred=414.00 | Gap=0.0439 | Hamming=2 | Exact=0
K=4, n=200, m=1600, rep=2 | Opt=575.00 | Pred=507.00 | Gap=0.1183 | Hamming=8 | Exact=0
K=4, n=200, m=1600, rep=3 | Opt=707.00 | Pred=693.00 | Gap=0.0198 | Hamming=2 | Exact=0
K=4, n=200, m=1600, rep=4 | Opt=320.00 | Pred=289.00 | Gap=0.0969 | Hamming=2 | Exact=0
K=4, n=200, m=1600, rep=5 | Opt=767.00 | Pred=761.00 | Gap=0.0078 | Hamming=2 | Exact=0
K=4, n=200, m=1600, rep=6 | Opt=856.00 | Pred=854.00 | Gap=0.0023 | Hamming=2 | Exact=0
K=4, n=200, m=1600, rep=7 | Opt=665.00 | Pred=638.00 | Gap=0.0406 | Hamming=2 | Exact=0
K=4, n=200, m=1600, rep=8 | Opt=510.00 | Pred=474.00 | Gap=0.0706 | Hamming=4 | Exact=0
K=4, n=200, m=1600, rep=9 | Opt=598.00 | Pred=598.00 | Gap=0.0000 | Hamming=0 | Exact=1
K=4, n=200, m=1600, rep=10 | Opt=720.00 | Pred=712.00 | Gap=0.0111 | Hamming=2 | Exact=0
K=4, n=200, m=1600, rep=11 | Opt=535.00 | Pred=535.00 | Gap=0.0000 | Hamming=0 | Exact=1
K=4, n=200, m=1600, rep=12 | Opt=482.00 | Pred=468.00 | Gap=0.0290 | Hamming=4 | Exact=0
K=4, n=200, m=1600, rep=13 | Opt=855.00 | Pred=767.00 | Gap=0.1029 | Hamming=2 | Exact=0
K=4, n=200, m=1600, rep=14 | Opt=649.00 | Pred=608.00 | Gap=0.0632 | Hamming=6 | Exact=0
K=4, n=200, m=1600, rep=15 | Opt=238.00 | Pred=220.00 | Gap=0.0756 | Hamming=4 | Exact=0
K=4, n=200, m=1600, rep=16 | Opt=452.00 | Pred=388.00 | Gap=0.1416 | Hamming=4 | Exact=0
K=4, n=200, m=1600, rep=17 | Opt=831.00 | Pred=694.00 | Gap=0.1649 | Hamming=6 | Exact=0
K=4, n=200, m=1600, rep=18 | Opt=572.00 | Pred=452.00 | Gap=0.2098 | Hamming=4 | Exact=0
K=4, n=200, m=1600, rep=19 | Opt=614.00 | Pred=588.00 | Gap=0.0423 | Hamming=4 | Exact=0
K=4, n=400, m=800, rep=0 | Opt=279.00 | Pred=227.00 | Gap=0.1864 | Hamming=6 | Exact=0
K=4, n=400, m=800, rep=1 | Opt=597.00 | Pred=556.00 | Gap=0.0687 | Hamming=6 | Exact=0
K=4, n=400, m=800, rep=2 | Opt=225.00 | Pred=194.00 | Gap=0.1378 | Hamming=6 | Exact=0
K=4, n=400, m=800, rep=3 | Opt=167.00 | Pred=147.00 | Gap=0.1198 | Hamming=2 | Exact=0
K=4, n=400, m=800, rep=4 | Opt=82.00 | Pred=71.00 | Gap=0.1341 | Hamming=6 | Exact=0
K=4, n=400, m=800, rep=5 | Opt=71.00 | Pred=64.00 | Gap=0.0986 | Hamming=4 | Exact=0
K=4, n=400, m=800, rep=6 | Opt=481.00 | Pred=388.00 | Gap=0.1933 | Hamming=6 | Exact=0
K=4, n=400, m=800, rep=7 | Opt=72.00 | Pred=62.00 | Gap=0.1389 | Hamming=6 | Exact=0
K=4, n=400, m=800, rep=8 | Opt=376.00 | Pred=310.00 | Gap=0.1755 | Hamming=6 | Exact=0
K=4, n=400, m=800, rep=9 | Opt=672.00 | Pred=672.00 | Gap=0.0000 | Hamming=2 | Exact=0
K=4, n=400, m=800, rep=10 | Opt=318.00 | Pred=282.00 | Gap=0.1132 | Hamming=6 | Exact=0
K=4, n=400, m=800, rep=11 | Opt=70.00 | Pred=58.00 | Gap=0.1714 | Hamming=4 | Exact=0
K=4, n=400, m=800, rep=12 | Opt=366.00 | Pred=364.00 | Gap=0.0055 | Hamming=2 | Exact=0
K=4, n=400, m=800, rep=13 | Opt=265.00 | Pred=237.00 | Gap=0.1057 | Hamming=8 | Exact=0
K=4, n=400, m=800, rep=14 | Opt=69.00 | Pred=55.00 | Gap=0.2029 | Hamming=4 | Exact=0
K=4, n=400, m=800, rep=15 | Opt=87.00 | Pred=72.00 | Gap=0.1724 | Hamming=4 | Exact=0
K=4, n=400, m=800, rep=16 | Opt=136.00 | Pred=112.00 | Gap=0.1765 | Hamming=4 | Exact=0
K=4, n=400, m=800, rep=17 | Opt=493.00 | Pred=434.00 | Gap=0.1197 | Hamming=4 | Exact=0
K=4, n=400, m=800, rep=18 | Opt=113.00 | Pred=100.00 | Gap=0.1150 | Hamming=4 | Exact=0
K=4, n=400, m=800, rep=19 | Opt=188.00 | Pred=159.00 | Gap=0.1543 | Hamming=8 | Exact=0
K=4, n=400, m=1000, rep=0 | Opt=580.00 | Pred=488.00 | Gap=0.1586 | Hamming=6 | Exact=0
K=4, n=400, m=1000, rep=1 | Opt=1025.00 | Pred=931.00 | Gap=0.0917 | Hamming=4 | Exact=0
K=4, n=400, m=1000, rep=2 | Opt=238.00 | Pred=238.00 | Gap=0.0000 | Hamming=0 | Exact=1
K=4, n=400, m=1000, rep=3 | Opt=938.00 | Pred=852.00 | Gap=0.0917 | Hamming=4 | Exact=0
K=4, n=400, m=1000, rep=4 | Opt=307.00 | Pred=269.00 | Gap=0.1238 | Hamming=6 | Exact=0
K=4, n=400, m=1000, rep=5 | Opt=680.00 | Pred=650.00 | Gap=0.0441 | Hamming=2 | Exact=0
K=4, n=400, m=1000, rep=6 | Opt=709.00 | Pred=701.00 | Gap=0.0113 | Hamming=2 | Exact=0
K=4, n=400, m=1000, rep=7 | Opt=185.00 | Pred=152.00 | Gap=0.1784 | Hamming=6 | Exact=0
K=4, n=400, m=1000, rep=8 | Opt=50.00 | Pred=43.00 | Gap=0.1400 | Hamming=6 | Exact=0
K=4, n=400, m=1000, rep=9 | Opt=429.00 | Pred=410.00 | Gap=0.0443 | Hamming=2 | Exact=0
K=4, n=400, m=1000, rep=10 | Opt=283.00 | Pred=265.00 | Gap=0.0636 | Hamming=2 | Exact=0
K=4, n=400, m=1000, rep=11 | Opt=877.00 | Pred=874.00 | Gap=0.0034 | Hamming=2 | Exact=0
K=4, n=400, m=1000, rep=12 | Opt=749.00 | Pred=680.00 | Gap=0.0921 | Hamming=4 | Exact=0
K=4, n=400, m=1000, rep=13 | Opt=612.00 | Pred=560.00 | Gap=0.0850 | Hamming=4 | Exact=0
K=4, n=400, m=1000, rep=14 | Opt=381.00 | Pred=348.00 | Gap=0.0866 | Hamming=4 | Exact=0
K=4, n=400, m=1000, rep=15 | Opt=194.00 | Pred=170.00 | Gap=0.1237 | Hamming=4 | Exact=0
K=4, n=400, m=1000, rep=16 | Opt=227.00 | Pred=188.00 | Gap=0.1718 | Hamming=4 | Exact=0
K=4, n=400, m=1000, rep=17 | Opt=206.00 | Pred=166.00 | Gap=0.1942 | Hamming=8 | Exact=0
K=4, n=400, m=1000, rep=18 | Opt=669.00 | Pred=647.00 | Gap=0.0329 | Hamming=2 | Exact=0
K=4, n=400, m=1000, rep=19 | Opt=616.00 | Pred=564.00 | Gap=0.0844 | Hamming=2 | Exact=0
K=4, n=400, m=1200, rep=0 | Opt=653.00 | Pred=653.00 | Gap=0.0000 | Hamming=2 | Exact=0
K=4, n=400, m=1200, rep=1 | Opt=54.00 | Pred=46.00 | Gap=0.1481 | Hamming=4 | Exact=0
K=4, n=400, m=1200, rep=2 | Opt=496.00 | Pred=444.00 | Gap=0.1048 | Hamming=4 | Exact=0
K=4, n=400, m=1200, rep=3 | Opt=86.00 | Pred=68.00 | Gap=0.2093 | Hamming=4 | Exact=0
K=4, n=400, m=1200, rep=4 | Opt=557.00 | Pred=504.00 | Gap=0.0952 | Hamming=6 | Exact=0
K=4, n=400, m=1200, rep=5 | Opt=316.00 | Pred=265.00 | Gap=0.1614 | Hamming=6 | Exact=0
K=4, n=400, m=1200, rep=6 | Opt=414.00 | Pred=399.00 | Gap=0.0362 | Hamming=4 | Exact=0
K=4, n=400, m=1200, rep=7 | Opt=475.00 | Pred=460.00 | Gap=0.0316 | Hamming=2 | Exact=0
K=4, n=400, m=1200, rep=8 | Opt=452.00 | Pred=375.00 | Gap=0.1704 | Hamming=6 | Exact=0
K=4, n=400, m=1200, rep=9 | Opt=377.00 | Pred=358.00 | Gap=0.0504 | Hamming=2 | Exact=0
K=4, n=400, m=1200, rep=10 | Opt=379.00 | Pred=323.00 | Gap=0.1478 | Hamming=2 | Exact=0
K=4, n=400, m=1200, rep=11 | Opt=268.00 | Pred=254.00 | Gap=0.0522 | Hamming=4 | Exact=0
K=4, n=400, m=1200, rep=12 | Opt=409.00 | Pred=402.00 | Gap=0.0171 | Hamming=2 | Exact=0
K=4, n=400, m=1200, rep=13 | Opt=813.00 | Pred=793.00 | Gap=0.0246 | Hamming=2 | Exact=0
K=4, n=400, m=1200, rep=14 | Opt=99.00 | Pred=73.00 | Gap=0.2626 | Hamming=8 | Exact=0
K=4, n=400, m=1200, rep=15 | Opt=175.00 | Pred=157.00 | Gap=0.1029 | Hamming=4 | Exact=0
K=4, n=400, m=1200, rep=16 | Opt=445.00 | Pred=384.00 | Gap=0.1371 | Hamming=6 | Exact=0
K=4, n=400, m=1200, rep=17 | Opt=43.00 | Pred=40.00 | Gap=0.0698 | Hamming=4 | Exact=0
K=4, n=400, m=1200, rep=18 | Opt=53.00 | Pred=45.00 | Gap=0.1509 | Hamming=4 | Exact=0
K=4, n=400, m=1200, rep=19 | Opt=130.00 | Pred=72.00 | Gap=0.4462 | Hamming=6 | Exact=0
K=4, n=400, m=1600, rep=0 | Opt=412.00 | Pred=359.00 | Gap=0.1286 | Hamming=4 | Exact=0
K=4, n=400, m=1600, rep=1 | Opt=360.00 | Pred=336.00 | Gap=0.0667 | Hamming=4 | Exact=0
K=4, n=400, m=1600, rep=2 | Opt=350.00 | Pred=294.00 | Gap=0.1600 | Hamming=4 | Exact=0
K=4, n=400, m=1600, rep=3 | Opt=175.00 | Pred=161.00 | Gap=0.0800 | Hamming=4 | Exact=0
K=4, n=400, m=1600, rep=4 | Opt=995.00 | Pred=985.00 | Gap=0.0101 | Hamming=2 | Exact=0
K=4, n=400, m=1600, rep=5 | Opt=667.00 | Pred=618.00 | Gap=0.0735 | Hamming=4 | Exact=0
K=4, n=400, m=1600, rep=6 | Opt=752.00 | Pred=752.00 | Gap=0.0000 | Hamming=0 | Exact=1
K=4, n=400, m=1600, rep=7 | Opt=639.00 | Pred=639.00 | Gap=0.0000 | Hamming=0 | Exact=1
K=4, n=400, m=1600, rep=8 | Opt=462.00 | Pred=381.00 | Gap=0.1753 | Hamming=8 | Exact=0
K=4, n=400, m=1600, rep=9 | Opt=144.00 | Pred=115.00 | Gap=0.2014 | Hamming=6 | Exact=0
K=4, n=400, m=1600, rep=10 | Opt=573.00 | Pred=533.00 | Gap=0.0698 | Hamming=4 | Exact=0
K=4, n=400, m=1600, rep=11 | Opt=239.00 | Pred=232.00 | Gap=0.0293 | Hamming=6 | Exact=0
K=4, n=400, m=1600, rep=12 | Opt=513.00 | Pred=501.00 | Gap=0.0234 | Hamming=2 | Exact=0
K=4, n=400, m=1600, rep=13 | Opt=591.00 | Pred=546.00 | Gap=0.0761 | Hamming=4 | Exact=0
K=4, n=400, m=1600, rep=14 | Opt=562.00 | Pred=498.00 | Gap=0.1139 | Hamming=6 | Exact=0
K=4, n=400, m=1600, rep=15 | Opt=64.00 | Pred=46.00 | Gap=0.2812 | Hamming=2 | Exact=0
K=4, n=400, m=1600, rep=16 | Opt=106.00 | Pred=103.00 | Gap=0.0283 | Hamming=2 | Exact=0
K=4, n=400, m=1600, rep=17 | Opt=728.00 | Pred=681.00 | Gap=0.0646 | Hamming=4 | Exact=0
K=4, n=400, m=1600, rep=18 | Opt=600.00 | Pred=583.00 | Gap=0.0283 | Hamming=2 | Exact=0
K=4, n=400, m=1600, rep=19 | Opt=760.00 | Pred=726.00 | Gap=0.0447 | Hamming=4 | Exact=0
K=4, n=400, m=2000, rep=0 | Opt=908.00 | Pred=860.00 | Gap=0.0529 | Hamming=6 | Exact=0
K=4, n=400, m=2000, rep=1 | Opt=646.00 | Pred=610.00 | Gap=0.0557 | Hamming=4 | Exact=0
K=4, n=400, m=2000, rep=2 | Opt=397.00 | Pred=374.00 | Gap=0.0579 | Hamming=4 | Exact=0
K=4, n=400, m=2000, rep=3 | Opt=510.00 | Pred=450.00 | Gap=0.1176 | Hamming=4 | Exact=0
K=4, n=400, m=2000, rep=4 | Opt=323.00 | Pred=281.00 | Gap=0.1300 | Hamming=4 | Exact=0
K=4, n=400, m=2000, rep=5 | Opt=305.00 | Pred=280.00 | Gap=0.0820 | Hamming=4 | Exact=0
K=4, n=400, m=2000, rep=6 | Opt=387.00 | Pred=372.00 | Gap=0.0388 | Hamming=2 | Exact=0
K=4, n=400, m=2000, rep=7 | Opt=468.00 | Pred=402.00 | Gap=0.1410 | Hamming=4 | Exact=0
K=4, n=400, m=2000, rep=8 | Opt=437.00 | Pred=373.00 | Gap=0.1465 | Hamming=4 | Exact=0
K=4, n=400, m=2000, rep=9 | Opt=697.00 | Pred=628.00 | Gap=0.0990 | Hamming=2 | Exact=0
K=4, n=400, m=2000, rep=10 | Opt=842.00 | Pred=798.00 | Gap=0.0523 | Hamming=4 | Exact=0
K=4, n=400, m=2000, rep=11 | Opt=340.00 | Pred=336.00 | Gap=0.0118 | Hamming=4 | Exact=0
K=4, n=400, m=2000, rep=12 | Opt=584.00 | Pred=503.00 | Gap=0.1387 | Hamming=4 | Exact=0
K=4, n=400, m=2000, rep=13 | Opt=228.00 | Pred=207.00 | Gap=0.0921 | Hamming=4 | Exact=0
K=4, n=400, m=2000, rep=14 | Opt=652.00 | Pred=635.00 | Gap=0.0261 | Hamming=2 | Exact=0
K=4, n=400, m=2000, rep=15 | Opt=330.00 | Pred=312.00 | Gap=0.0545 | Hamming=2 | Exact=0
K=4, n=400, m=2000, rep=16 | Opt=321.00 | Pred=305.00 | Gap=0.0498 | Hamming=4 | Exact=0
K=4, n=400, m=2000, rep=17 | Opt=108.00 | Pred=92.00 | Gap=0.1481 | Hamming=4 | Exact=0
K=4, n=400, m=2000, rep=18 | Opt=534.00 | Pred=534.00 | Gap=0.0000 | Hamming=0 | Exact=1
K=4, n=400, m=2000, rep=19 | Opt=833.00 | Pred=805.00 | Gap=0.0336 | Hamming=4 | Exact=0
K=4, n=400, m=2400, rep=0 | Opt=220.00 | Pred=209.00 | Gap=0.0500 | Hamming=4 | Exact=0
K=4, n=400, m=2400, rep=1 | Opt=624.00 | Pred=589.00 | Gap=0.0561 | Hamming=2 | Exact=0
K=4, n=400, m=2400, rep=2 | Opt=456.00 | Pred=405.00 | Gap=0.1118 | Hamming=4 | Exact=0
K=4, n=400, m=2400, rep=3 | Opt=277.00 | Pred=258.00 | Gap=0.0686 | Hamming=4 | Exact=0
K=4, n=400, m=2400, rep=4 | Opt=703.00 | Pred=637.00 | Gap=0.0939 | Hamming=8 | Exact=0
K=4, n=400, m=2400, rep=5 | Opt=99.00 | Pred=82.00 | Gap=0.1717 | Hamming=6 | Exact=0
K=4, n=400, m=2400, rep=6 | Opt=1057.00 | Pred=962.00 | Gap=0.0899 | Hamming=6 | Exact=0
K=4, n=400, m=2400, rep=7 | Opt=703.00 | Pred=625.00 | Gap=0.1110 | Hamming=6 | Exact=0
K=4, n=400, m=2400, rep=8 | Opt=325.00 | Pred=310.00 | Gap=0.0462 | Hamming=2 | Exact=0
K=4, n=400, m=2400, rep=9 | Opt=781.00 | Pred=750.00 | Gap=0.0397 | Hamming=4 | Exact=0
K=4, n=400, m=2400, rep=10 | Opt=499.00 | Pred=496.00 | Gap=0.0060 | Hamming=4 | Exact=0
K=4, n=400, m=2400, rep=11 | Opt=320.00 | Pred=311.00 | Gap=0.0281 | Hamming=2 | Exact=0
K=4, n=400, m=2400, rep=12 | Opt=425.00 | Pred=395.00 | Gap=0.0706 | Hamming=2 | Exact=0
K=4, n=400, m=2400, rep=13 | Opt=411.00 | Pred=410.00 | Gap=0.0024 | Hamming=2 | Exact=0
K=4, n=400, m=2400, rep=14 | Opt=612.00 | Pred=586.00 | Gap=0.0425 | Hamming=4 | Exact=0
K=4, n=400, m=2400, rep=15 | Opt=785.00 | Pred=769.00 | Gap=0.0204 | Hamming=6 | Exact=0
K=4, n=400, m=2400, rep=16 | Opt=834.00 | Pred=774.00 | Gap=0.0719 | Hamming=4 | Exact=0
K=4, n=400, m=2400, rep=17 | Opt=690.00 | Pred=665.00 | Gap=0.0362 | Hamming=2 | Exact=0
K=4, n=400, m=2400, rep=18 | Opt=488.00 | Pred=417.00 | Gap=0.1455 | Hamming=4 | Exact=0
K=4, n=400, m=2400, rep=19 | Opt=431.00 | Pred=409.00 | Gap=0.0510 | Hamming=2 | Exact=0
K=4, n=400, m=3200, rep=0 | Opt=695.00 | Pred=669.00 | Gap=0.0374 | Hamming=4 | Exact=0
K=4, n=400, m=3200, rep=1 | Opt=609.00 | Pred=578.00 | Gap=0.0509 | Hamming=4 | Exact=0
K=4, n=400, m=3200, rep=2 | Opt=283.00 | Pred=212.00 | Gap=0.2509 | Hamming=6 | Exact=0
K=4, n=400, m=3200, rep=3 | Opt=917.00 | Pred=884.00 | Gap=0.0360 | Hamming=4 | Exact=0
K=4, n=400, m=3200, rep=4 | Opt=638.00 | Pred=514.00 | Gap=0.1944 | Hamming=4 | Exact=0
K=4, n=400, m=3200, rep=5 | Opt=1146.00 | Pred=1142.00 | Gap=0.0035 | Hamming=2 | Exact=0
K=4, n=400, m=3200, rep=6 | Opt=354.00 | Pred=343.00 | Gap=0.0311 | Hamming=2 | Exact=0
K=4, n=400, m=3200, rep=7 | Opt=968.00 | Pred=866.00 | Gap=0.1054 | Hamming=4 | Exact=0
K=4, n=400, m=3200, rep=8 | Opt=662.00 | Pred=624.00 | Gap=0.0574 | Hamming=2 | Exact=0
K=4, n=400, m=3200, rep=9 | Opt=803.00 | Pred=781.00 | Gap=0.0274 | Hamming=4 | Exact=0
K=4, n=400, m=3200, rep=10 | Opt=462.00 | Pred=412.00 | Gap=0.1082 | Hamming=4 | Exact=0
K=4, n=400, m=3200, rep=11 | Opt=268.00 | Pred=236.00 | Gap=0.1194 | Hamming=4 | Exact=0
K=4, n=400, m=3200, rep=12 | Opt=678.00 | Pred=583.00 | Gap=0.1401 | Hamming=6 | Exact=0
K=4, n=400, m=3200, rep=13 | Opt=473.00 | Pred=411.00 | Gap=0.1311 | Hamming=4 | Exact=0
K=4, n=400, m=3200, rep=14 | Opt=575.00 | Pred=575.00 | Gap=0.0000 | Hamming=0 | Exact=1
K=4, n=400, m=3200, rep=15 | Opt=387.00 | Pred=364.00 | Gap=0.0594 | Hamming=4 | Exact=0
K=4, n=400, m=3200, rep=16 | Opt=544.00 | Pred=528.00 | Gap=0.0294 | Hamming=2 | Exact=0
K=4, n=400, m=3200, rep=17 | Opt=872.00 | Pred=846.00 | Gap=0.0298 | Hamming=2 | Exact=0
K=4, n=400, m=3200, rep=18 | Opt=720.00 | Pred=682.00 | Gap=0.0528 | Hamming=6 | Exact=0
K=4, n=400, m=3200, rep=19 | Opt=870.00 | Pred=829.00 | Gap=0.0471 | Hamming=4 | Exact=0
K=4, n=600, m=1200, rep=0 | Opt=575.00 | Pred=483.00 | Gap=0.1600 | Hamming=6 | Exact=0
K=4, n=600, m=1200, rep=1 | Opt=62.00 | Pred=49.00 | Gap=0.2097 | Hamming=8 | Exact=0
K=4, n=600, m=1200, rep=2 | Opt=382.00 | Pred=353.00 | Gap=0.0759 | Hamming=4 | Exact=0
K=4, n=600, m=1200, rep=3 | Opt=380.00 | Pred=306.00 | Gap=0.1947 | Hamming=6 | Exact=0
K=4, n=600, m=1200, rep=4 | Opt=352.00 | Pred=278.00 | Gap=0.2102 | Hamming=6 | Exact=0
K=4, n=600, m=1200, rep=5 | Opt=270.00 | Pred=270.00 | Gap=0.0000 | Hamming=2 | Exact=0
K=4, n=600, m=1200, rep=6 | Opt=248.00 | Pred=220.00 | Gap=0.1129 | Hamming=4 | Exact=0
K=4, n=600, m=1200, rep=7 | Opt=477.00 | Pred=418.00 | Gap=0.1237 | Hamming=4 | Exact=0
K=4, n=600, m=1200, rep=8 | Opt=207.00 | Pred=192.00 | Gap=0.0725 | Hamming=2 | Exact=0
K=4, n=600, m=1200, rep=9 | Opt=755.00 | Pred=713.00 | Gap=0.0556 | Hamming=4 | Exact=0
K=4, n=600, m=1200, rep=10 | Opt=828.00 | Pred=780.00 | Gap=0.0580 | Hamming=6 | Exact=0
K=4, n=600, m=1200, rep=11 | Opt=200.00 | Pred=135.00 | Gap=0.3250 | Hamming=8 | Exact=0
K=4, n=600, m=1200, rep=12 | Opt=349.00 | Pred=234.00 | Gap=0.3295 | Hamming=6 | Exact=0
K=4, n=600, m=1200, rep=13 | Opt=287.00 | Pred=186.00 | Gap=0.3519 | Hamming=6 | Exact=0
K=4, n=600, m=1200, rep=14 | Opt=89.00 | Pred=78.00 | Gap=0.1236 | Hamming=4 | Exact=0
K=4, n=600, m=1200, rep=15 | Opt=74.00 | Pred=73.00 | Gap=0.0135 | Hamming=4 | Exact=0
K=4, n=600, m=1200, rep=16 | Opt=347.00 | Pred=303.00 | Gap=0.1268 | Hamming=6 | Exact=0
K=4, n=600, m=1200, rep=17 | Opt=164.00 | Pred=132.00 | Gap=0.1951 | Hamming=4 | Exact=0
K=4, n=600, m=1200, rep=18 | Opt=378.00 | Pred=378.00 | Gap=0.0000 | Hamming=2 | Exact=0
K=4, n=600, m=1200, rep=19 | Opt=672.00 | Pred=647.00 | Gap=0.0372 | Hamming=2 | Exact=0
K=4, n=600, m=1500, rep=0 | Opt=251.00 | Pred=222.00 | Gap=0.1155 | Hamming=2 | Exact=0
K=4, n=600, m=1500, rep=1 | Opt=263.00 | Pred=255.00 | Gap=0.0304 | Hamming=4 | Exact=0
K=4, n=600, m=1500, rep=2 | Opt=248.00 | Pred=220.00 | Gap=0.1129 | Hamming=2 | Exact=0
K=4, n=600, m=1500, rep=3 | Opt=212.00 | Pred=182.00 | Gap=0.1415 | Hamming=4 | Exact=0
K=4, n=600, m=1500, rep=4 | Opt=592.00 | Pred=562.00 | Gap=0.0507 | Hamming=4 | Exact=0
K=4, n=600, m=1500, rep=5 | Opt=74.00 | Pred=70.00 | Gap=0.0541 | Hamming=2 | Exact=0
K=4, n=600, m=1500, rep=6 | Opt=270.00 | Pred=246.00 | Gap=0.0889 | Hamming=6 | Exact=0
K=4, n=600, m=1500, rep=7 | Opt=174.00 | Pred=160.00 | Gap=0.0805 | Hamming=4 | Exact=0
K=4, n=600, m=1500, rep=8 | Opt=52.00 | Pred=40.00 | Gap=0.2308 | Hamming=4 | Exact=0
K=4, n=600, m=1500, rep=9 | Opt=51.00 | Pred=40.00 | Gap=0.2157 | Hamming=6 | Exact=0
K=4, n=600, m=1500, rep=10 | Opt=479.00 | Pred=366.00 | Gap=0.2359 | Hamming=6 | Exact=0
K=4, n=600, m=1500, rep=11 | Opt=571.00 | Pred=532.00 | Gap=0.0683 | Hamming=4 | Exact=0
K=4, n=600, m=1500, rep=12 | Opt=607.00 | Pred=522.00 | Gap=0.1400 | Hamming=6 | Exact=0
K=4, n=600, m=1500, rep=13 | Opt=149.00 | Pred=112.00 | Gap=0.2483 | Hamming=6 | Exact=0
K=4, n=600, m=1500, rep=14 | Opt=307.00 | Pred=247.00 | Gap=0.1954 | Hamming=6 | Exact=0
K=4, n=600, m=1500, rep=15 | Opt=625.00 | Pred=387.00 | Gap=0.3808 | Hamming=8 | Exact=0
K=4, n=600, m=1500, rep=16 | Opt=208.00 | Pred=195.00 | Gap=0.0625 | Hamming=4 | Exact=0
K=4, n=600, m=1500, rep=17 | Opt=286.00 | Pred=224.00 | Gap=0.2168 | Hamming=6 | Exact=0
K=4, n=600, m=1500, rep=18 | Opt=267.00 | Pred=240.00 | Gap=0.1011 | Hamming=6 | Exact=0
K=4, n=600, m=1500, rep=19 | Opt=676.00 | Pred=676.00 | Gap=0.0000 | Hamming=0 | Exact=1
K=4, n=600, m=1800, rep=0 | Opt=242.00 | Pred=224.00 | Gap=0.0744 | Hamming=2 | Exact=0
K=4, n=600, m=1800, rep=1 | Opt=119.00 | Pred=72.00 | Gap=0.3950 | Hamming=6 | Exact=0
K=4, n=600, m=1800, rep=2 | Opt=464.00 | Pred=438.00 | Gap=0.0560 | Hamming=2 | Exact=0
K=4, n=600, m=1800, rep=3 | Opt=412.00 | Pred=400.00 | Gap=0.0291 | Hamming=4 | Exact=0
K=4, n=600, m=1800, rep=4 | Opt=285.00 | Pred=255.00 | Gap=0.1053 | Hamming=6 | Exact=0
K=4, n=600, m=1800, rep=5 | Opt=369.00 | Pred=290.00 | Gap=0.2141 | Hamming=4 | Exact=0
K=4, n=600, m=1800, rep=6 | Opt=419.00 | Pred=363.00 | Gap=0.1337 | Hamming=4 | Exact=0
K=4, n=600, m=1800, rep=7 | Opt=189.00 | Pred=165.00 | Gap=0.1270 | Hamming=6 | Exact=0
K=4, n=600, m=1800, rep=8 | Opt=121.00 | Pred=103.00 | Gap=0.1488 | Hamming=6 | Exact=0
K=4, n=600, m=1800, rep=9 | Opt=39.00 | Pred=29.00 | Gap=0.2564 | Hamming=6 | Exact=0
K=4, n=600, m=1800, rep=10 | Opt=777.00 | Pred=634.00 | Gap=0.1840 | Hamming=4 | Exact=0
K=4, n=600, m=1800, rep=11 | Opt=112.00 | Pred=93.00 | Gap=0.1696 | Hamming=4 | Exact=0
K=4, n=600, m=1800, rep=12 | Opt=977.00 | Pred=905.00 | Gap=0.0737 | Hamming=4 | Exact=0
K=4, n=600, m=1800, rep=13 | Opt=160.00 | Pred=150.00 | Gap=0.0625 | Hamming=4 | Exact=0
K=4, n=600, m=1800, rep=14 | Opt=242.00 | Pred=205.00 | Gap=0.1529 | Hamming=6 | Exact=0
K=4, n=600, m=1800, rep=15 | Opt=522.00 | Pred=480.00 | Gap=0.0805 | Hamming=4 | Exact=0
K=4, n=600, m=1800, rep=16 | Opt=458.00 | Pred=426.00 | Gap=0.0699 | Hamming=2 | Exact=0
K=4, n=600, m=1800, rep=17 | Opt=262.00 | Pred=208.00 | Gap=0.2061 | Hamming=4 | Exact=0
K=4, n=600, m=1800, rep=18 | Opt=592.00 | Pred=533.00 | Gap=0.0997 | Hamming=4 | Exact=0
K=4, n=600, m=1800, rep=19 | Opt=359.00 | Pred=323.00 | Gap=0.1003 | Hamming=8 | Exact=0
K=4, n=600, m=2400, rep=0 | Opt=164.00 | Pred=140.00 | Gap=0.1463 | Hamming=6 | Exact=0
K=4, n=600, m=2400, rep=1 | Opt=288.00 | Pred=242.00 | Gap=0.1597 | Hamming=4 | Exact=0
K=4, n=600, m=2400, rep=2 | Opt=317.00 | Pred=268.00 | Gap=0.1546 | Hamming=4 | Exact=0
K=4, n=600, m=2400, rep=3 | Opt=481.00 | Pred=448.00 | Gap=0.0686 | Hamming=4 | Exact=0
K=4, n=600, m=2400, rep=4 | Opt=466.00 | Pred=434.00 | Gap=0.0687 | Hamming=2 | Exact=0
K=4, n=600, m=2400, rep=5 | Opt=348.00 | Pred=313.00 | Gap=0.1006 | Hamming=4 | Exact=0
K=4, n=600, m=2400, rep=6 | Opt=318.00 | Pred=274.00 | Gap=0.1384 | Hamming=6 | Exact=0
K=4, n=600, m=2400, rep=7 | Opt=427.00 | Pred=392.00 | Gap=0.0820 | Hamming=4 | Exact=0
K=4, n=600, m=2400, rep=8 | Opt=526.00 | Pred=464.00 | Gap=0.1179 | Hamming=6 | Exact=0
K=4, n=600, m=2400, rep=9 | Opt=414.00 | Pred=355.00 | Gap=0.1425 | Hamming=8 | Exact=0
K=4, n=600, m=2400, rep=10 | Opt=196.00 | Pred=162.00 | Gap=0.1735 | Hamming=6 | Exact=0
K=4, n=600, m=2400, rep=11 | Opt=452.00 | Pred=452.00 | Gap=0.0000 | Hamming=0 | Exact=1
K=4, n=600, m=2400, rep=12 | Opt=35.00 | Pred=28.00 | Gap=0.2000 | Hamming=6 | Exact=0
K=4, n=600, m=2400, rep=13 | Opt=311.00 | Pred=252.00 | Gap=0.1897 | Hamming=6 | Exact=0
K=4, n=600, m=2400, rep=14 | Opt=324.00 | Pred=286.00 | Gap=0.1173 | Hamming=6 | Exact=0
K=4, n=600, m=2400, rep=15 | Opt=873.00 | Pred=828.00 | Gap=0.0515 | Hamming=2 | Exact=0
K=4, n=600, m=2400, rep=16 | Opt=457.00 | Pred=428.00 | Gap=0.0635 | Hamming=4 | Exact=0
K=4, n=600, m=2400, rep=17 | Opt=402.00 | Pred=372.00 | Gap=0.0746 | Hamming=8 | Exact=0
K=4, n=600, m=2400, rep=18 | Opt=733.00 | Pred=612.00 | Gap=0.1651 | Hamming=4 | Exact=0
K=4, n=600, m=2400, rep=19 | Opt=342.00 | Pred=325.00 | Gap=0.0497 | Hamming=6 | Exact=0
K=4, n=600, m=3000, rep=0 | Opt=460.00 | Pred=448.00 | Gap=0.0261 | Hamming=2 | Exact=0
K=4, n=600, m=3000, rep=1 | Opt=289.00 | Pred=277.00 | Gap=0.0415 | Hamming=2 | Exact=0
K=4, n=600, m=3000, rep=2 | Opt=443.00 | Pred=420.00 | Gap=0.0519 | Hamming=2 | Exact=0
K=4, n=600, m=3000, rep=3 | Opt=361.00 | Pred=340.00 | Gap=0.0582 | Hamming=6 | Exact=0
K=4, n=600, m=3000, rep=4 | Opt=392.00 | Pred=392.00 | Gap=0.0000 | Hamming=0 | Exact=1
K=4, n=600, m=3000, rep=5 | Opt=548.00 | Pred=436.00 | Gap=0.2044 | Hamming=6 | Exact=0
K=4, n=600, m=3000, rep=6 | Opt=210.00 | Pred=186.00 | Gap=0.1143 | Hamming=4 | Exact=0
K=4, n=600, m=3000, rep=7 | Opt=730.00 | Pred=654.00 | Gap=0.1041 | Hamming=2 | Exact=0
K=4, n=600, m=3000, rep=8 | Opt=362.00 | Pred=329.00 | Gap=0.0912 | Hamming=2 | Exact=0
K=4, n=600, m=3000, rep=9 | Opt=199.00 | Pred=150.00 | Gap=0.2462 | Hamming=4 | Exact=0
K=4, n=600, m=3000, rep=10 | Opt=583.00 | Pred=563.00 | Gap=0.0343 | Hamming=2 | Exact=0
K=4, n=600, m=3000, rep=11 | Opt=862.00 | Pred=862.00 | Gap=0.0000 | Hamming=0 | Exact=1
K=4, n=600, m=3000, rep=12 | Opt=352.00 | Pred=321.00 | Gap=0.0881 | Hamming=4 | Exact=0
K=4, n=600, m=3000, rep=13 | Opt=475.00 | Pred=447.00 | Gap=0.0589 | Hamming=4 | Exact=0
K=4, n=600, m=3000, rep=14 | Opt=1134.00 | Pred=1046.00 | Gap=0.0776 | Hamming=4 | Exact=0
K=4, n=600, m=3000, rep=15 | Opt=870.00 | Pred=870.00 | Gap=0.0000 | Hamming=0 | Exact=1
K=4, n=600, m=3000, rep=16 | Opt=666.00 | Pred=606.00 | Gap=0.0901 | Hamming=4 | Exact=0
K=4, n=600, m=3000, rep=17 | Opt=459.00 | Pred=430.00 | Gap=0.0632 | Hamming=6 | Exact=0
K=4, n=600, m=3000, rep=18 | Opt=511.00 | Pred=511.00 | Gap=0.0000 | Hamming=0 | Exact=1
K=4, n=600, m=3000, rep=19 | Opt=753.00 | Pred=735.00 | Gap=0.0239 | Hamming=2 | Exact=0
K=4, n=600, m=3600, rep=0 | Opt=839.00 | Pred=694.00 | Gap=0.1728 | Hamming=4 | Exact=0
K=4, n=600, m=3600, rep=1 | Opt=649.00 | Pred=581.00 | Gap=0.1048 | Hamming=4 | Exact=0
K=4, n=600, m=3600, rep=2 | Opt=948.00 | Pred=938.00 | Gap=0.0105 | Hamming=2 | Exact=0
K=4, n=600, m=3600, rep=3 | Opt=772.00 | Pred=754.00 | Gap=0.0233 | Hamming=2 | Exact=0
K=4, n=600, m=3600, rep=4 | Opt=728.00 | Pred=607.00 | Gap=0.1662 | Hamming=4 | Exact=0
K=4, n=600, m=3600, rep=5 | Opt=742.00 | Pred=679.00 | Gap=0.0849 | Hamming=4 | Exact=0
K=4, n=600, m=3600, rep=6 | Opt=347.00 | Pred=308.00 | Gap=0.1124 | Hamming=6 | Exact=0
K=4, n=600, m=3600, rep=7 | Opt=914.00 | Pred=896.00 | Gap=0.0197 | Hamming=4 | Exact=0
K=4, n=600, m=3600, rep=8 | Opt=392.00 | Pred=375.00 | Gap=0.0434 | Hamming=2 | Exact=0
K=4, n=600, m=3600, rep=9 | Opt=770.00 | Pred=718.00 | Gap=0.0675 | Hamming=2 | Exact=0
K=4, n=600, m=3600, rep=10 | Opt=385.00 | Pred=353.00 | Gap=0.0831 | Hamming=4 | Exact=0
K=4, n=600, m=3600, rep=11 | Opt=583.00 | Pred=569.00 | Gap=0.0240 | Hamming=2 | Exact=0
K=4, n=600, m=3600, rep=12 | Opt=379.00 | Pred=355.00 | Gap=0.0633 | Hamming=4 | Exact=0
K=4, n=600, m=3600, rep=13 | Opt=374.00 | Pred=338.00 | Gap=0.0963 | Hamming=2 | Exact=0
K=4, n=600, m=3600, rep=14 | Opt=997.00 | Pred=904.00 | Gap=0.0933 | Hamming=6 | Exact=0
K=4, n=600, m=3600, rep=15 | Opt=418.00 | Pred=353.00 | Gap=0.1555 | Hamming=6 | Exact=0
K=4, n=600, m=3600, rep=16 | Opt=730.00 | Pred=717.00 | Gap=0.0178 | Hamming=2 | Exact=0
K=4, n=600, m=3600, rep=17 | Opt=210.00 | Pred=210.00 | Gap=0.0000 | Hamming=4 | Exact=0
K=4, n=600, m=3600, rep=18 | Opt=999.00 | Pred=894.00 | Gap=0.1051 | Hamming=4 | Exact=0
K=4, n=600, m=3600, rep=19 | Opt=629.00 | Pred=507.00 | Gap=0.1940 | Hamming=8 | Exact=0
K=4, n=600, m=4800, rep=0 | Opt=595.00 | Pred=552.00 | Gap=0.0723 | Hamming=6 | Exact=0
K=4, n=600, m=4800, rep=1 | Opt=632.00 | Pred=548.00 | Gap=0.1329 | Hamming=8 | Exact=0
K=4, n=600, m=4800, rep=2 | Opt=296.00 | Pred=257.00 | Gap=0.1318 | Hamming=4 | Exact=0
K=4, n=600, m=4800, rep=3 | Opt=449.00 | Pred=426.00 | Gap=0.0512 | Hamming=4 | Exact=0
K=4, n=600, m=4800, rep=4 | Opt=766.00 | Pred=740.00 | Gap=0.0339 | Hamming=2 | Exact=0
K=4, n=600, m=4800, rep=5 | Opt=472.00 | Pred=448.00 | Gap=0.0508 | Hamming=2 | Exact=0
K=4, n=600, m=4800, rep=6 | Opt=842.00 | Pred=842.00 | Gap=0.0000 | Hamming=0 | Exact=1
K=4, n=600, m=4800, rep=7 | Opt=679.00 | Pred=605.00 | Gap=0.1090 | Hamming=4 | Exact=0
K=4, n=600, m=4800, rep=8 | Opt=350.00 | Pred=279.00 | Gap=0.2029 | Hamming=4 | Exact=0
K=4, n=600, m=4800, rep=9 | Opt=740.00 | Pred=673.00 | Gap=0.0905 | Hamming=6 | Exact=0
K=4, n=600, m=4800, rep=10 | Opt=982.00 | Pred=944.00 | Gap=0.0387 | Hamming=4 | Exact=0
K=4, n=600, m=4800, rep=11 | Opt=406.00 | Pred=398.00 | Gap=0.0197 | Hamming=2 | Exact=0
K=4, n=600, m=4800, rep=12 | Opt=372.00 | Pred=316.00 | Gap=0.1505 | Hamming=6 | Exact=0
K=4, n=600, m=4800, rep=13 | Opt=621.00 | Pred=595.00 | Gap=0.0419 | Hamming=2 | Exact=0
K=4, n=600, m=4800, rep=14 | Opt=825.00 | Pred=819.00 | Gap=0.0073 | Hamming=2 | Exact=0
K=4, n=600, m=4800, rep=15 | Opt=791.00 | Pred=714.00 | Gap=0.0973 | Hamming=6 | Exact=0
K=4, n=600, m=4800, rep=16 | Opt=868.00 | Pred=784.00 | Gap=0.0968 | Hamming=4 | Exact=0
K=4, n=600, m=4800, rep=17 | Opt=507.00 | Pred=460.00 | Gap=0.0927 | Hamming=8 | Exact=0
K=4, n=600, m=4800, rep=18 | Opt=852.00 | Pred=821.00 | Gap=0.0364 | Hamming=2 | Exact=0
K=4, n=600, m=4800, rep=19 | Opt=588.00 | Pred=519.00 | Gap=0.1173 | Hamming=4 | Exact=0

FINAL TEST RESULTS FOR K=4
Instances evaluated: 560
Exact match rate: 0.0446
Average Hamming distance: 3.9571
Average objective gap: 0.1042
Average MIP solve time: 2.171926 seconds
Average model inference time: 0.014620 seconds

Evaluating attack limit K=5
K=5, n=100, m=200, rep=0 | Opt=252.00 | Pred=168.00 | Gap=0.3333 | Hamming=10 | Exact=0
K=5, n=100, m=200, rep=1 | Opt=250.00 | Pred=212.00 | Gap=0.1520 | Hamming=4 | Exact=0
K=5, n=100, m=200, rep=2 | Opt=92.00 | Pred=70.00 | Gap=0.2391 | Hamming=6 | Exact=0
K=5, n=100, m=200, rep=3 | Opt=117.00 | Pred=92.00 | Gap=0.2137 | Hamming=6 | Exact=0
K=5, n=100, m=200, rep=4 | Opt=38.00 | Pred=34.00 | Gap=0.1053 | Hamming=3 | Exact=0
K=5, n=100, m=200, rep=5 | Opt=186.00 | Pred=172.00 | Gap=0.0753 | Hamming=4 | Exact=0
K=5, n=100, m=200, rep=6 | Opt=58.00 | Pred=36.00 | Gap=0.3793 | Hamming=8 | Exact=0
K=5, n=100, m=200, rep=7 | Opt=112.00 | Pred=112.00 | Gap=0.0000 | Hamming=3 | Exact=0
K=5, n=100, m=200, rep=8 | Opt=127.00 | Pred=111.00 | Gap=0.1260 | Hamming=6 | Exact=0
K=5, n=100, m=200, rep=9 | Opt=405.00 | Pred=372.00 | Gap=0.0815 | Hamming=6 | Exact=0
K=5, n=100, m=200, rep=10 | Opt=32.00 | Pred=21.00 | Gap=0.3438 | Hamming=7 | Exact=0
K=5, n=100, m=200, rep=11 | Opt=290.00 | Pred=225.00 | Gap=0.2241 | Hamming=4 | Exact=0
K=5, n=100, m=200, rep=12 | Opt=56.00 | Pred=37.00 | Gap=0.3393 | Hamming=8 | Exact=0
K=5, n=100, m=200, rep=13 | Opt=176.00 | Pred=170.00 | Gap=0.0341 | Hamming=4 | Exact=0
K=5, n=100, m=200, rep=14 | Opt=192.00 | Pred=174.00 | Gap=0.0938 | Hamming=2 | Exact=0
K=5, n=100, m=200, rep=15 | Opt=78.00 | Pred=59.00 | Gap=0.2436 | Hamming=6 | Exact=0
K=5, n=100, m=200, rep=16 | Opt=198.00 | Pred=156.00 | Gap=0.2121 | Hamming=4 | Exact=0
K=5, n=100, m=200, rep=17 | Opt=10.00 | Pred=10.00 | Gap=0.0000 | Hamming=4 | Exact=0
K=5, n=100, m=200, rep=18 | Opt=114.00 | Pred=103.00 | Gap=0.0965 | Hamming=6 | Exact=0
K=5, n=100, m=200, rep=19 | Opt=63.00 | Pred=37.00 | Gap=0.4127 | Hamming=8 | Exact=0
K=5, n=100, m=250, rep=0 | Opt=39.00 | Pred=39.00 | Gap=0.0000 | Hamming=7 | Exact=0
K=5, n=100, m=250, rep=1 | Opt=301.00 | Pred=260.00 | Gap=0.1362 | Hamming=4 | Exact=0
K=5, n=100, m=250, rep=2 | Opt=358.00 | Pred=331.00 | Gap=0.0754 | Hamming=6 | Exact=0
K=5, n=100, m=250, rep=3 | Opt=304.00 | Pred=280.00 | Gap=0.0789 | Hamming=6 | Exact=0
K=5, n=100, m=250, rep=4 | Opt=179.00 | Pred=153.00 | Gap=0.1453 | Hamming=4 | Exact=0
K=5, n=100, m=250, rep=5 | Opt=114.00 | Pred=75.00 | Gap=0.3421 | Hamming=8 | Exact=0
K=5, n=100, m=250, rep=6 | Opt=485.00 | Pred=421.00 | Gap=0.1320 | Hamming=4 | Exact=0
K=5, n=100, m=250, rep=7 | Opt=242.00 | Pred=203.00 | Gap=0.1612 | Hamming=6 | Exact=0
K=5, n=100, m=250, rep=8 | Opt=275.00 | Pred=230.00 | Gap=0.1636 | Hamming=6 | Exact=0
K=5, n=100, m=250, rep=9 | Opt=337.00 | Pred=279.00 | Gap=0.1721 | Hamming=8 | Exact=0
K=5, n=100, m=250, rep=10 | Opt=341.00 | Pred=296.00 | Gap=0.1320 | Hamming=6 | Exact=0
K=5, n=100, m=250, rep=11 | Opt=76.00 | Pred=48.00 | Gap=0.3684 | Hamming=6 | Exact=0
K=5, n=100, m=250, rep=12 | Opt=201.00 | Pred=176.00 | Gap=0.1244 | Hamming=6 | Exact=0
K=5, n=100, m=250, rep=13 | Opt=550.00 | Pred=529.00 | Gap=0.0382 | Hamming=2 | Exact=0
K=5, n=100, m=250, rep=14 | Opt=122.00 | Pred=108.00 | Gap=0.1148 | Hamming=4 | Exact=0
K=5, n=100, m=250, rep=15 | Opt=495.00 | Pred=456.00 | Gap=0.0788 | Hamming=4 | Exact=0
K=5, n=100, m=250, rep=16 | Opt=501.00 | Pred=451.00 | Gap=0.0998 | Hamming=6 | Exact=0
K=5, n=100, m=250, rep=17 | Opt=119.00 | Pred=76.00 | Gap=0.3613 | Hamming=8 | Exact=0
K=5, n=100, m=250, rep=18 | Opt=186.00 | Pred=132.00 | Gap=0.2903 | Hamming=10 | Exact=0
K=5, n=100, m=250, rep=19 | Opt=45.00 | Pred=34.00 | Gap=0.2444 | Hamming=8 | Exact=0
K=5, n=100, m=300, rep=0 | Opt=543.00 | Pred=484.00 | Gap=0.1087 | Hamming=4 | Exact=0
K=5, n=100, m=300, rep=1 | Opt=162.00 | Pred=160.00 | Gap=0.0123 | Hamming=2 | Exact=0
K=5, n=100, m=300, rep=2 | Opt=537.00 | Pred=480.00 | Gap=0.1061 | Hamming=6 | Exact=0
K=5, n=100, m=300, rep=3 | Opt=384.00 | Pred=323.00 | Gap=0.1589 | Hamming=4 | Exact=0
K=5, n=100, m=300, rep=4 | Opt=256.00 | Pred=203.00 | Gap=0.2070 | Hamming=6 | Exact=0
K=5, n=100, m=300, rep=5 | Opt=337.00 | Pred=329.00 | Gap=0.0237 | Hamming=2 | Exact=0
K=5, n=100, m=300, rep=6 | Opt=515.00 | Pred=489.00 | Gap=0.0505 | Hamming=2 | Exact=0
K=5, n=100, m=300, rep=7 | Opt=588.00 | Pred=558.00 | Gap=0.0510 | Hamming=6 | Exact=0
K=5, n=100, m=300, rep=8 | Opt=440.00 | Pred=408.00 | Gap=0.0727 | Hamming=6 | Exact=0
K=5, n=100, m=300, rep=9 | Opt=299.00 | Pred=284.00 | Gap=0.0502 | Hamming=6 | Exact=0
K=5, n=100, m=300, rep=10 | Opt=749.00 | Pred=725.00 | Gap=0.0320 | Hamming=2 | Exact=0
K=5, n=100, m=300, rep=11 | Opt=163.00 | Pred=145.00 | Gap=0.1104 | Hamming=6 | Exact=0
K=5, n=100, m=300, rep=12 | Opt=466.00 | Pred=455.00 | Gap=0.0236 | Hamming=2 | Exact=0
K=5, n=100, m=300, rep=13 | Opt=518.00 | Pred=399.00 | Gap=0.2297 | Hamming=8 | Exact=0
K=5, n=100, m=300, rep=14 | Opt=278.00 | Pred=211.00 | Gap=0.2410 | Hamming=8 | Exact=0
K=5, n=100, m=300, rep=15 | Opt=382.00 | Pred=352.00 | Gap=0.0785 | Hamming=4 | Exact=0
K=5, n=100, m=300, rep=16 | Opt=46.00 | Pred=34.00 | Gap=0.2609 | Hamming=4 | Exact=0
K=5, n=100, m=300, rep=17 | Opt=284.00 | Pred=251.00 | Gap=0.1162 | Hamming=2 | Exact=0
K=5, n=100, m=300, rep=18 | Opt=164.00 | Pred=109.00 | Gap=0.3354 | Hamming=6 | Exact=0
K=5, n=100, m=300, rep=19 | Opt=734.00 | Pred=676.00 | Gap=0.0790 | Hamming=6 | Exact=0
K=5, n=100, m=400, rep=0 | Opt=119.00 | Pred=84.00 | Gap=0.2941 | Hamming=4 | Exact=0
K=5, n=100, m=400, rep=1 | Opt=449.00 | Pred=414.00 | Gap=0.0780 | Hamming=4 | Exact=0
K=5, n=100, m=400, rep=2 | Opt=59.00 | Pred=53.00 | Gap=0.1017 | Hamming=4 | Exact=0
K=5, n=100, m=400, rep=3 | Opt=390.00 | Pred=351.00 | Gap=0.1000 | Hamming=4 | Exact=0
K=5, n=100, m=400, rep=4 | Opt=681.00 | Pred=622.00 | Gap=0.0866 | Hamming=2 | Exact=0
K=5, n=100, m=400, rep=5 | Opt=380.00 | Pred=303.00 | Gap=0.2026 | Hamming=4 | Exact=0
K=5, n=100, m=400, rep=6 | Opt=361.00 | Pred=353.00 | Gap=0.0222 | Hamming=2 | Exact=0
K=5, n=100, m=400, rep=7 | Opt=808.00 | Pred=756.00 | Gap=0.0644 | Hamming=4 | Exact=0
K=5, n=100, m=400, rep=8 | Opt=398.00 | Pred=389.00 | Gap=0.0226 | Hamming=2 | Exact=0
K=5, n=100, m=400, rep=9 | Opt=421.00 | Pred=347.00 | Gap=0.1758 | Hamming=6 | Exact=0
K=5, n=100, m=400, rep=10 | Opt=104.00 | Pred=72.00 | Gap=0.3077 | Hamming=4 | Exact=0
K=5, n=100, m=400, rep=11 | Opt=630.00 | Pred=563.00 | Gap=0.1063 | Hamming=4 | Exact=0
K=5, n=100, m=400, rep=12 | Opt=708.00 | Pred=655.00 | Gap=0.0749 | Hamming=4 | Exact=0
K=5, n=100, m=400, rep=13 | Opt=262.00 | Pred=249.00 | Gap=0.0496 | Hamming=4 | Exact=0
K=5, n=100, m=400, rep=14 | Opt=640.00 | Pred=629.00 | Gap=0.0172 | Hamming=2 | Exact=0
K=5, n=100, m=400, rep=15 | Opt=477.00 | Pred=443.00 | Gap=0.0713 | Hamming=4 | Exact=0
K=5, n=100, m=400, rep=16 | Opt=370.00 | Pred=336.00 | Gap=0.0919 | Hamming=6 | Exact=0
K=5, n=100, m=400, rep=17 | Opt=378.00 | Pred=338.00 | Gap=0.1058 | Hamming=4 | Exact=0
K=5, n=100, m=400, rep=18 | Opt=404.00 | Pred=390.00 | Gap=0.0347 | Hamming=4 | Exact=0
K=5, n=100, m=400, rep=19 | Opt=361.00 | Pred=347.00 | Gap=0.0388 | Hamming=4 | Exact=0
K=5, n=100, m=500, rep=0 | Opt=177.00 | Pred=160.00 | Gap=0.0960 | Hamming=6 | Exact=0
K=5, n=100, m=500, rep=1 | Opt=660.00 | Pred=590.00 | Gap=0.1061 | Hamming=8 | Exact=0
K=5, n=100, m=500, rep=2 | Opt=703.00 | Pred=682.00 | Gap=0.0299 | Hamming=2 | Exact=0
K=5, n=100, m=500, rep=3 | Opt=195.00 | Pred=184.00 | Gap=0.0564 | Hamming=6 | Exact=0
K=5, n=100, m=500, rep=4 | Opt=210.00 | Pred=210.00 | Gap=0.0000 | Hamming=5 | Exact=0
K=5, n=100, m=500, rep=5 | Opt=56.00 | Pred=48.00 | Gap=0.1429 | Hamming=2 | Exact=0
K=5, n=100, m=500, rep=6 | Opt=362.00 | Pred=320.00 | Gap=0.1160 | Hamming=6 | Exact=0
K=5, n=100, m=500, rep=7 | Opt=110.00 | Pred=96.00 | Gap=0.1273 | Hamming=6 | Exact=0
K=5, n=100, m=500, rep=8 | Opt=558.00 | Pred=475.00 | Gap=0.1487 | Hamming=6 | Exact=0
K=5, n=100, m=500, rep=9 | Opt=788.00 | Pred=757.00 | Gap=0.0393 | Hamming=2 | Exact=0
K=5, n=100, m=500, rep=10 | Opt=563.00 | Pred=516.00 | Gap=0.0835 | Hamming=6 | Exact=0
K=5, n=100, m=500, rep=11 | Opt=295.00 | Pred=281.00 | Gap=0.0475 | Hamming=4 | Exact=0
K=5, n=100, m=500, rep=12 | Opt=873.00 | Pred=835.00 | Gap=0.0435 | Hamming=4 | Exact=0
K=5, n=100, m=500, rep=13 | Opt=311.00 | Pred=287.00 | Gap=0.0772 | Hamming=2 | Exact=0
K=5, n=100, m=500, rep=14 | Opt=355.00 | Pred=334.00 | Gap=0.0592 | Hamming=6 | Exact=0
K=5, n=100, m=500, rep=15 | Opt=291.00 | Pred=276.00 | Gap=0.0515 | Hamming=2 | Exact=0
K=5, n=100, m=500, rep=16 | Opt=336.00 | Pred=336.00 | Gap=0.0000 | Hamming=0 | Exact=1
K=5, n=100, m=500, rep=17 | Opt=154.00 | Pred=154.00 | Gap=0.0000 | Hamming=4 | Exact=0
K=5, n=100, m=500, rep=18 | Opt=312.00 | Pred=282.00 | Gap=0.0962 | Hamming=6 | Exact=0
K=5, n=100, m=500, rep=19 | Opt=320.00 | Pred=248.00 | Gap=0.2250 | Hamming=6 | Exact=0
K=5, n=100, m=600, rep=0 | Opt=630.00 | Pred=575.00 | Gap=0.0873 | Hamming=4 | Exact=0
K=5, n=100, m=600, rep=1 | Opt=541.00 | Pred=489.00 | Gap=0.0961 | Hamming=6 | Exact=0
K=5, n=100, m=600, rep=2 | Opt=499.00 | Pred=486.00 | Gap=0.0261 | Hamming=6 | Exact=0
K=5, n=100, m=600, rep=3 | Opt=372.00 | Pred=352.00 | Gap=0.0538 | Hamming=6 | Exact=0
K=5, n=100, m=600, rep=4 | Opt=100.00 | Pred=84.00 | Gap=0.1600 | Hamming=8 | Exact=0
K=5, n=100, m=600, rep=5 | Opt=839.00 | Pred=800.00 | Gap=0.0465 | Hamming=2 | Exact=0
K=5, n=100, m=600, rep=6 | Opt=430.00 | Pred=393.00 | Gap=0.0860 | Hamming=4 | Exact=0
K=5, n=100, m=600, rep=7 | Opt=642.00 | Pred=560.00 | Gap=0.1277 | Hamming=4 | Exact=0
K=5, n=100, m=600, rep=8 | Opt=320.00 | Pred=292.00 | Gap=0.0875 | Hamming=2 | Exact=0
K=5, n=100, m=600, rep=9 | Opt=214.00 | Pred=192.00 | Gap=0.1028 | Hamming=6 | Exact=0
K=5, n=100, m=600, rep=10 | Opt=237.00 | Pred=232.00 | Gap=0.0211 | Hamming=6 | Exact=0
K=5, n=100, m=600, rep=11 | Opt=348.00 | Pred=332.00 | Gap=0.0460 | Hamming=2 | Exact=0
K=5, n=100, m=600, rep=12 | Opt=437.00 | Pred=397.00 | Gap=0.0915 | Hamming=4 | Exact=0
K=5, n=100, m=600, rep=13 | Opt=346.00 | Pred=301.00 | Gap=0.1301 | Hamming=4 | Exact=0
K=5, n=100, m=600, rep=14 | Opt=661.00 | Pred=590.00 | Gap=0.1074 | Hamming=4 | Exact=0
K=5, n=100, m=600, rep=15 | Opt=453.00 | Pred=439.00 | Gap=0.0309 | Hamming=2 | Exact=0
K=5, n=100, m=600, rep=16 | Opt=787.00 | Pred=787.00 | Gap=0.0000 | Hamming=0 | Exact=1
K=5, n=100, m=600, rep=17 | Opt=491.00 | Pred=483.00 | Gap=0.0163 | Hamming=4 | Exact=0
K=5, n=100, m=600, rep=18 | Opt=193.00 | Pred=174.00 | Gap=0.0984 | Hamming=2 | Exact=0
K=5, n=100, m=600, rep=19 | Opt=467.00 | Pred=409.00 | Gap=0.1242 | Hamming=4 | Exact=0
K=5, n=100, m=800, rep=0 | Opt=683.00 | Pred=586.00 | Gap=0.1420 | Hamming=8 | Exact=0
K=5, n=100, m=800, rep=1 | Opt=434.00 | Pred=393.00 | Gap=0.0945 | Hamming=2 | Exact=0
K=5, n=100, m=800, rep=2 | Opt=682.00 | Pred=582.00 | Gap=0.1466 | Hamming=6 | Exact=0
K=5, n=100, m=800, rep=3 | Opt=541.00 | Pred=540.00 | Gap=0.0018 | Hamming=2 | Exact=0
K=5, n=100, m=800, rep=4 | Opt=624.00 | Pred=578.00 | Gap=0.0737 | Hamming=4 | Exact=0
K=5, n=100, m=800, rep=5 | Opt=754.00 | Pred=662.00 | Gap=0.1220 | Hamming=6 | Exact=0
K=5, n=100, m=800, rep=6 | Opt=514.00 | Pred=475.00 | Gap=0.0759 | Hamming=6 | Exact=0
K=5, n=100, m=800, rep=7 | Opt=715.00 | Pred=640.00 | Gap=0.1049 | Hamming=6 | Exact=0
K=5, n=100, m=800, rep=8 | Opt=577.00 | Pred=554.00 | Gap=0.0399 | Hamming=2 | Exact=0
K=5, n=100, m=800, rep=9 | Opt=556.00 | Pred=474.00 | Gap=0.1475 | Hamming=8 | Exact=0
K=5, n=100, m=800, rep=10 | Opt=498.00 | Pred=463.00 | Gap=0.0703 | Hamming=4 | Exact=0
K=5, n=100, m=800, rep=11 | Opt=509.00 | Pred=481.00 | Gap=0.0550 | Hamming=4 | Exact=0
K=5, n=100, m=800, rep=12 | Opt=820.00 | Pred=820.00 | Gap=0.0000 | Hamming=0 | Exact=1
K=5, n=100, m=800, rep=13 | Opt=421.00 | Pred=406.00 | Gap=0.0356 | Hamming=4 | Exact=0
K=5, n=100, m=800, rep=14 | Opt=1021.00 | Pred=997.00 | Gap=0.0235 | Hamming=2 | Exact=0
K=5, n=100, m=800, rep=15 | Opt=615.00 | Pred=591.00 | Gap=0.0390 | Hamming=2 | Exact=0
K=5, n=100, m=800, rep=16 | Opt=592.00 | Pred=592.00 | Gap=0.0000 | Hamming=0 | Exact=1
K=5, n=100, m=800, rep=17 | Opt=729.00 | Pred=729.00 | Gap=0.0000 | Hamming=0 | Exact=1
K=5, n=100, m=800, rep=18 | Opt=674.00 | Pred=647.00 | Gap=0.0401 | Hamming=2 | Exact=0
K=5, n=100, m=800, rep=19 | Opt=667.00 | Pred=544.00 | Gap=0.1844 | Hamming=8 | Exact=0
K=5, n=200, m=400, rep=0 | Opt=538.00 | Pred=462.00 | Gap=0.1413 | Hamming=6 | Exact=0
K=5, n=200, m=400, rep=1 | Opt=612.00 | Pred=572.00 | Gap=0.0654 | Hamming=6 | Exact=0
K=5, n=200, m=400, rep=2 | Opt=352.00 | Pred=300.00 | Gap=0.1477 | Hamming=4 | Exact=0
K=5, n=200, m=400, rep=3 | Opt=232.00 | Pred=188.00 | Gap=0.1897 | Hamming=6 | Exact=0
K=5, n=200, m=400, rep=4 | Opt=226.00 | Pred=162.00 | Gap=0.2832 | Hamming=10 | Exact=0
K=5, n=200, m=400, rep=5 | Opt=92.00 | Pred=66.00 | Gap=0.2826 | Hamming=6 | Exact=0
K=5, n=200, m=400, rep=6 | Opt=200.00 | Pred=166.00 | Gap=0.1700 | Hamming=8 | Exact=0
K=5, n=200, m=400, rep=7 | Opt=303.00 | Pred=234.00 | Gap=0.2277 | Hamming=8 | Exact=0
K=5, n=200, m=400, rep=8 | Opt=50.00 | Pred=41.00 | Gap=0.1800 | Hamming=8 | Exact=0
K=5, n=200, m=400, rep=9 | Opt=542.00 | Pred=462.00 | Gap=0.1476 | Hamming=4 | Exact=0
K=5, n=200, m=400, rep=10 | Opt=623.00 | Pred=526.00 | Gap=0.1557 | Hamming=6 | Exact=0
K=5, n=200, m=400, rep=11 | Opt=56.00 | Pred=41.00 | Gap=0.2679 | Hamming=6 | Exact=0
K=5, n=200, m=400, rep=12 | Opt=254.00 | Pred=234.00 | Gap=0.0787 | Hamming=4 | Exact=0
K=5, n=200, m=400, rep=13 | Opt=139.00 | Pred=126.00 | Gap=0.0935 | Hamming=6 | Exact=0
K=5, n=200, m=400, rep=14 | Opt=467.00 | Pred=403.00 | Gap=0.1370 | Hamming=6 | Exact=0
K=5, n=200, m=400, rep=15 | Opt=88.00 | Pred=81.00 | Gap=0.0795 | Hamming=6 | Exact=0
K=5, n=200, m=400, rep=16 | Opt=69.00 | Pred=65.00 | Gap=0.0580 | Hamming=4 | Exact=0
K=5, n=200, m=400, rep=17 | Opt=178.00 | Pred=147.00 | Gap=0.1742 | Hamming=8 | Exact=0
K=5, n=200, m=400, rep=18 | Opt=204.00 | Pred=182.00 | Gap=0.1078 | Hamming=4 | Exact=0
K=5, n=200, m=400, rep=19 | Opt=327.00 | Pred=298.00 | Gap=0.0887 | Hamming=6 | Exact=0
K=5, n=200, m=500, rep=0 | Opt=548.00 | Pred=467.00 | Gap=0.1478 | Hamming=4 | Exact=0
K=5, n=200, m=500, rep=1 | Opt=548.00 | Pred=446.00 | Gap=0.1861 | Hamming=4 | Exact=0
K=5, n=200, m=500, rep=2 | Opt=115.00 | Pred=100.00 | Gap=0.1304 | Hamming=4 | Exact=0
K=5, n=200, m=500, rep=3 | Opt=439.00 | Pred=360.00 | Gap=0.1800 | Hamming=6 | Exact=0
K=5, n=200, m=500, rep=4 | Opt=294.00 | Pred=254.00 | Gap=0.1361 | Hamming=6 | Exact=0
K=5, n=200, m=500, rep=5 | Opt=174.00 | Pred=142.00 | Gap=0.1839 | Hamming=4 | Exact=0
K=5, n=200, m=500, rep=6 | Opt=82.00 | Pred=76.00 | Gap=0.0732 | Hamming=4 | Exact=0
K=5, n=200, m=500, rep=7 | Opt=446.00 | Pred=378.00 | Gap=0.1525 | Hamming=6 | Exact=0
K=5, n=200, m=500, rep=8 | Opt=496.00 | Pred=402.00 | Gap=0.1895 | Hamming=6 | Exact=0
K=5, n=200, m=500, rep=9 | Opt=724.00 | Pred=604.00 | Gap=0.1657 | Hamming=6 | Exact=0
K=5, n=200, m=500, rep=10 | Opt=481.00 | Pred=409.00 | Gap=0.1497 | Hamming=4 | Exact=0
K=5, n=200, m=500, rep=11 | Opt=428.00 | Pred=362.00 | Gap=0.1542 | Hamming=6 | Exact=0
K=5, n=200, m=500, rep=12 | Opt=245.00 | Pred=182.00 | Gap=0.2571 | Hamming=6 | Exact=0
K=5, n=200, m=500, rep=13 | Opt=161.00 | Pred=110.00 | Gap=0.3168 | Hamming=8 | Exact=0
K=5, n=200, m=500, rep=14 | Opt=764.00 | Pred=729.00 | Gap=0.0458 | Hamming=8 | Exact=0
K=5, n=200, m=500, rep=15 | Opt=192.00 | Pred=152.00 | Gap=0.2083 | Hamming=4 | Exact=0
K=5, n=200, m=500, rep=16 | Opt=105.00 | Pred=86.00 | Gap=0.1810 | Hamming=6 | Exact=0
K=5, n=200, m=500, rep=17 | Opt=549.00 | Pred=482.00 | Gap=0.1220 | Hamming=6 | Exact=0
K=5, n=200, m=500, rep=18 | Opt=99.00 | Pred=80.00 | Gap=0.1919 | Hamming=6 | Exact=0
K=5, n=200, m=500, rep=19 | Opt=189.00 | Pred=153.00 | Gap=0.1905 | Hamming=8 | Exact=0
K=5, n=200, m=600, rep=0 | Opt=266.00 | Pred=244.00 | Gap=0.0827 | Hamming=4 | Exact=0
K=5, n=200, m=600, rep=1 | Opt=165.00 | Pred=156.00 | Gap=0.0545 | Hamming=4 | Exact=0
K=5, n=200, m=600, rep=2 | Opt=446.00 | Pred=408.00 | Gap=0.0852 | Hamming=6 | Exact=0
K=5, n=200, m=600, rep=3 | Opt=662.00 | Pred=601.00 | Gap=0.0921 | Hamming=4 | Exact=0
K=5, n=200, m=600, rep=4 | Opt=175.00 | Pred=154.00 | Gap=0.1200 | Hamming=5 | Exact=0
K=5, n=200, m=600, rep=5 | Opt=79.00 | Pred=72.00 | Gap=0.0886 | Hamming=2 | Exact=0
K=5, n=200, m=600, rep=6 | Opt=362.00 | Pred=242.00 | Gap=0.3315 | Hamming=4 | Exact=0
K=5, n=200, m=600, rep=7 | Opt=556.00 | Pred=515.00 | Gap=0.0737 | Hamming=6 | Exact=0
K=5, n=200, m=600, rep=8 | Opt=300.00 | Pred=243.00 | Gap=0.1900 | Hamming=8 | Exact=0
K=5, n=200, m=600, rep=9 | Opt=364.00 | Pred=297.00 | Gap=0.1841 | Hamming=6 | Exact=0
K=5, n=200, m=600, rep=10 | Opt=755.00 | Pred=750.00 | Gap=0.0066 | Hamming=2 | Exact=0
K=5, n=200, m=600, rep=11 | Opt=256.00 | Pred=194.00 | Gap=0.2422 | Hamming=8 | Exact=0
K=5, n=200, m=600, rep=12 | Opt=170.00 | Pred=144.00 | Gap=0.1529 | Hamming=6 | Exact=0
K=5, n=200, m=600, rep=13 | Opt=566.00 | Pred=551.00 | Gap=0.0265 | Hamming=4 | Exact=0
K=5, n=200, m=600, rep=14 | Opt=401.00 | Pred=351.00 | Gap=0.1247 | Hamming=4 | Exact=0
K=5, n=200, m=600, rep=15 | Opt=302.00 | Pred=298.00 | Gap=0.0132 | Hamming=2 | Exact=0
K=5, n=200, m=600, rep=16 | Opt=534.00 | Pred=532.00 | Gap=0.0037 | Hamming=2 | Exact=0
K=5, n=200, m=600, rep=17 | Opt=552.00 | Pred=530.00 | Gap=0.0399 | Hamming=6 | Exact=0
K=5, n=200, m=600, rep=18 | Opt=84.00 | Pred=72.00 | Gap=0.1429 | Hamming=4 | Exact=0
K=5, n=200, m=600, rep=19 | Opt=608.00 | Pred=538.00 | Gap=0.1151 | Hamming=6 | Exact=0
K=5, n=200, m=800, rep=0 | Opt=293.00 | Pred=282.00 | Gap=0.0375 | Hamming=2 | Exact=0
K=5, n=200, m=800, rep=1 | Opt=555.00 | Pred=524.00 | Gap=0.0559 | Hamming=2 | Exact=0
K=5, n=200, m=800, rep=2 | Opt=586.00 | Pred=560.00 | Gap=0.0444 | Hamming=4 | Exact=0
K=5, n=200, m=800, rep=3 | Opt=488.00 | Pred=376.00 | Gap=0.2295 | Hamming=8 | Exact=0
K=5, n=200, m=800, rep=4 | Opt=132.00 | Pred=90.00 | Gap=0.3182 | Hamming=6 | Exact=0
K=5, n=200, m=800, rep=5 | Opt=551.00 | Pred=509.00 | Gap=0.0762 | Hamming=6 | Exact=0
K=5, n=200, m=800, rep=6 | Opt=227.00 | Pred=224.00 | Gap=0.0132 | Hamming=4 | Exact=0
K=5, n=200, m=800, rep=7 | Opt=262.00 | Pred=179.00 | Gap=0.3168 | Hamming=10 | Exact=0
K=5, n=200, m=800, rep=8 | Opt=278.00 | Pred=268.00 | Gap=0.0360 | Hamming=4 | Exact=0
K=5, n=200, m=800, rep=9 | Opt=441.00 | Pred=411.00 | Gap=0.0680 | Hamming=4 | Exact=0
K=5, n=200, m=800, rep=10 | Opt=639.00 | Pred=583.00 | Gap=0.0876 | Hamming=4 | Exact=0
K=5, n=200, m=800, rep=11 | Opt=621.00 | Pred=614.00 | Gap=0.0113 | Hamming=2 | Exact=0
K=5, n=200, m=800, rep=12 | Opt=756.00 | Pred=756.00 | Gap=0.0000 | Hamming=0 | Exact=1
K=5, n=200, m=800, rep=13 | Opt=185.00 | Pred=148.00 | Gap=0.2000 | Hamming=8 | Exact=0
K=5, n=200, m=800, rep=14 | Opt=687.00 | Pred=663.00 | Gap=0.0349 | Hamming=4 | Exact=0
K=5, n=200, m=800, rep=15 | Opt=350.00 | Pred=288.00 | Gap=0.1771 | Hamming=4 | Exact=0
K=5, n=200, m=800, rep=16 | Opt=327.00 | Pred=305.00 | Gap=0.0673 | Hamming=4 | Exact=0
K=5, n=200, m=800, rep=17 | Opt=272.00 | Pred=246.00 | Gap=0.0956 | Hamming=4 | Exact=0
K=5, n=200, m=800, rep=18 | Opt=440.00 | Pred=411.00 | Gap=0.0659 | Hamming=6 | Exact=0
K=5, n=200, m=800, rep=19 | Opt=372.00 | Pred=356.00 | Gap=0.0430 | Hamming=2 | Exact=0
K=5, n=200, m=1000, rep=0 | Opt=164.00 | Pred=138.00 | Gap=0.1585 | Hamming=8 | Exact=0
K=5, n=200, m=1000, rep=1 | Opt=220.00 | Pred=168.00 | Gap=0.2364 | Hamming=6 | Exact=0
K=5, n=200, m=1000, rep=2 | Opt=399.00 | Pred=327.00 | Gap=0.1805 | Hamming=8 | Exact=0
K=5, n=200, m=1000, rep=3 | Opt=1006.00 | Pred=945.00 | Gap=0.0606 | Hamming=4 | Exact=0
K=5, n=200, m=1000, rep=4 | Opt=269.00 | Pred=245.00 | Gap=0.0892 | Hamming=4 | Exact=0
K=5, n=200, m=1000, rep=5 | Opt=976.00 | Pred=924.00 | Gap=0.0533 | Hamming=4 | Exact=0
K=5, n=200, m=1000, rep=6 | Opt=451.00 | Pred=435.00 | Gap=0.0355 | Hamming=4 | Exact=0
K=5, n=200, m=1000, rep=7 | Opt=400.00 | Pred=383.00 | Gap=0.0425 | Hamming=2 | Exact=0
K=5, n=200, m=1000, rep=8 | Opt=793.00 | Pred=732.00 | Gap=0.0769 | Hamming=2 | Exact=0
K=5, n=200, m=1000, rep=9 | Opt=453.00 | Pred=429.00 | Gap=0.0530 | Hamming=6 | Exact=0
K=5, n=200, m=1000, rep=10 | Opt=307.00 | Pred=281.00 | Gap=0.0847 | Hamming=4 | Exact=0
K=5, n=200, m=1000, rep=11 | Opt=147.00 | Pred=128.00 | Gap=0.1293 | Hamming=4 | Exact=0
K=5, n=200, m=1000, rep=12 | Opt=496.00 | Pred=447.00 | Gap=0.0988 | Hamming=6 | Exact=0
K=5, n=200, m=1000, rep=13 | Opt=483.00 | Pred=435.00 | Gap=0.0994 | Hamming=6 | Exact=0
K=5, n=200, m=1000, rep=14 | Opt=636.00 | Pred=621.00 | Gap=0.0236 | Hamming=2 | Exact=0
K=5, n=200, m=1000, rep=15 | Opt=544.00 | Pred=499.00 | Gap=0.0827 | Hamming=4 | Exact=0
K=5, n=200, m=1000, rep=16 | Opt=747.00 | Pred=670.00 | Gap=0.1031 | Hamming=4 | Exact=0
K=5, n=200, m=1000, rep=17 | Opt=803.00 | Pred=758.00 | Gap=0.0560 | Hamming=2 | Exact=0
K=5, n=200, m=1000, rep=18 | Opt=230.00 | Pred=170.00 | Gap=0.2609 | Hamming=8 | Exact=0
K=5, n=200, m=1000, rep=19 | Opt=308.00 | Pred=263.00 | Gap=0.1461 | Hamming=6 | Exact=0
K=5, n=200, m=1200, rep=0 | Opt=273.00 | Pred=207.00 | Gap=0.2418 | Hamming=8 | Exact=0
K=5, n=200, m=1200, rep=1 | Opt=454.00 | Pred=428.00 | Gap=0.0573 | Hamming=6 | Exact=0
K=5, n=200, m=1200, rep=2 | Opt=154.00 | Pred=154.00 | Gap=0.0000 | Hamming=4 | Exact=0
K=5, n=200, m=1200, rep=3 | Opt=726.00 | Pred=689.00 | Gap=0.0510 | Hamming=4 | Exact=0
K=5, n=200, m=1200, rep=4 | Opt=762.00 | Pred=698.00 | Gap=0.0840 | Hamming=4 | Exact=0
K=5, n=200, m=1200, rep=5 | Opt=448.00 | Pred=432.00 | Gap=0.0357 | Hamming=2 | Exact=0
K=5, n=200, m=1200, rep=6 | Opt=499.00 | Pred=499.00 | Gap=0.0000 | Hamming=0 | Exact=1
K=5, n=200, m=1200, rep=7 | Opt=666.00 | Pred=556.00 | Gap=0.1652 | Hamming=4 | Exact=0
K=5, n=200, m=1200, rep=8 | Opt=588.00 | Pred=540.00 | Gap=0.0816 | Hamming=4 | Exact=0
K=5, n=200, m=1200, rep=9 | Opt=732.00 | Pred=657.00 | Gap=0.1025 | Hamming=4 | Exact=0
K=5, n=200, m=1200, rep=10 | Opt=714.00 | Pred=649.00 | Gap=0.0910 | Hamming=4 | Exact=0
K=5, n=200, m=1200, rep=11 | Opt=675.00 | Pred=654.00 | Gap=0.0311 | Hamming=4 | Exact=0
K=5, n=200, m=1200, rep=12 | Opt=840.00 | Pred=776.00 | Gap=0.0762 | Hamming=2 | Exact=0
K=5, n=200, m=1200, rep=13 | Opt=373.00 | Pred=347.00 | Gap=0.0697 | Hamming=4 | Exact=0
K=5, n=200, m=1200, rep=14 | Opt=383.00 | Pred=320.00 | Gap=0.1645 | Hamming=8 | Exact=0
K=5, n=200, m=1200, rep=15 | Opt=98.00 | Pred=73.00 | Gap=0.2551 | Hamming=10 | Exact=0
K=5, n=200, m=1200, rep=16 | Opt=1169.00 | Pred=1155.00 | Gap=0.0120 | Hamming=2 | Exact=0
K=5, n=200, m=1200, rep=17 | Opt=629.00 | Pred=629.00 | Gap=0.0000 | Hamming=0 | Exact=1
K=5, n=200, m=1200, rep=18 | Opt=652.00 | Pred=652.00 | Gap=0.0000 | Hamming=0 | Exact=1
K=5, n=200, m=1200, rep=19 | Opt=624.00 | Pred=588.00 | Gap=0.0577 | Hamming=4 | Exact=0
K=5, n=200, m=1600, rep=0 | Opt=1076.00 | Pred=1023.00 | Gap=0.0493 | Hamming=6 | Exact=0
K=5, n=200, m=1600, rep=1 | Opt=455.00 | Pred=455.00 | Gap=0.0000 | Hamming=0 | Exact=1
K=5, n=200, m=1600, rep=2 | Opt=604.00 | Pred=525.00 | Gap=0.1308 | Hamming=6 | Exact=0
K=5, n=200, m=1600, rep=3 | Opt=738.00 | Pred=716.00 | Gap=0.0298 | Hamming=4 | Exact=0
K=5, n=200, m=1600, rep=4 | Opt=347.00 | Pred=289.00 | Gap=0.1671 | Hamming=6 | Exact=0
K=5, n=200, m=1600, rep=5 | Opt=785.00 | Pred=775.00 | Gap=0.0127 | Hamming=4 | Exact=0
K=5, n=200, m=1600, rep=6 | Opt=901.00 | Pred=871.00 | Gap=0.0333 | Hamming=2 | Exact=0
K=5, n=200, m=1600, rep=7 | Opt=683.00 | Pred=651.00 | Gap=0.0469 | Hamming=4 | Exact=0
K=5, n=200, m=1600, rep=8 | Opt=524.00 | Pred=474.00 | Gap=0.0954 | Hamming=4 | Exact=0
K=5, n=200, m=1600, rep=9 | Opt=626.00 | Pred=601.00 | Gap=0.0399 | Hamming=6 | Exact=0
K=5, n=200, m=1600, rep=10 | Opt=746.00 | Pred=712.00 | Gap=0.0456 | Hamming=4 | Exact=0
K=5, n=200, m=1600, rep=11 | Opt=557.00 | Pred=536.00 | Gap=0.0377 | Hamming=2 | Exact=0
K=5, n=200, m=1600, rep=12 | Opt=519.00 | Pred=476.00 | Gap=0.0829 | Hamming=4 | Exact=0
K=5, n=200, m=1600, rep=13 | Opt=902.00 | Pred=767.00 | Gap=0.1497 | Hamming=4 | Exact=0
K=5, n=200, m=1600, rep=14 | Opt=671.00 | Pred=644.00 | Gap=0.0402 | Hamming=4 | Exact=0
K=5, n=200, m=1600, rep=15 | Opt=251.00 | Pred=235.00 | Gap=0.0637 | Hamming=2 | Exact=0
K=5, n=200, m=1600, rep=16 | Opt=472.00 | Pred=393.00 | Gap=0.1674 | Hamming=6 | Exact=0
K=5, n=200, m=1600, rep=17 | Opt=861.00 | Pred=721.00 | Gap=0.1626 | Hamming=8 | Exact=0
K=5, n=200, m=1600, rep=18 | Opt=601.00 | Pred=531.00 | Gap=0.1165 | Hamming=4 | Exact=0
K=5, n=200, m=1600, rep=19 | Opt=634.00 | Pred=590.00 | Gap=0.0694 | Hamming=4 | Exact=0
K=5, n=400, m=800, rep=0 | Opt=295.00 | Pred=235.00 | Gap=0.2034 | Hamming=6 | Exact=0
K=5, n=400, m=800, rep=1 | Opt=622.00 | Pred=569.00 | Gap=0.0852 | Hamming=4 | Exact=0
K=5, n=400, m=800, rep=2 | Opt=235.00 | Pred=194.00 | Gap=0.1745 | Hamming=8 | Exact=0
K=5, n=400, m=800, rep=3 | Opt=170.00 | Pred=147.00 | Gap=0.1353 | Hamming=6 | Exact=0
K=5, n=400, m=800, rep=4 | Opt=85.00 | Pred=71.00 | Gap=0.1647 | Hamming=8 | Exact=0
K=5, n=400, m=800, rep=5 | Opt=75.00 | Pred=71.00 | Gap=0.0533 | Hamming=4 | Exact=0
K=5, n=400, m=800, rep=6 | Opt=495.00 | Pred=417.00 | Gap=0.1576 | Hamming=4 | Exact=0
K=5, n=400, m=800, rep=7 | Opt=79.00 | Pred=62.00 | Gap=0.2152 | Hamming=8 | Exact=0
K=5, n=400, m=800, rep=8 | Opt=394.00 | Pred=310.00 | Gap=0.2132 | Hamming=6 | Exact=0
K=5, n=400, m=800, rep=9 | Opt=686.00 | Pred=672.00 | Gap=0.0204 | Hamming=4 | Exact=0
K=5, n=400, m=800, rep=10 | Opt=333.00 | Pred=297.00 | Gap=0.1081 | Hamming=6 | Exact=0
K=5, n=400, m=800, rep=11 | Opt=74.00 | Pred=58.00 | Gap=0.2162 | Hamming=4 | Exact=0
K=5, n=400, m=800, rep=12 | Opt=386.00 | Pred=372.00 | Gap=0.0363 | Hamming=4 | Exact=0
K=5, n=400, m=800, rep=13 | Opt=285.00 | Pred=237.00 | Gap=0.1684 | Hamming=10 | Exact=0
K=5, n=400, m=800, rep=14 | Opt=73.00 | Pred=55.00 | Gap=0.2466 | Hamming=6 | Exact=0
K=5, n=400, m=800, rep=15 | Opt=92.00 | Pred=72.00 | Gap=0.2174 | Hamming=6 | Exact=0
K=5, n=400, m=800, rep=16 | Opt=142.00 | Pred=112.00 | Gap=0.2113 | Hamming=6 | Exact=0
K=5, n=400, m=800, rep=17 | Opt=506.00 | Pred=469.00 | Gap=0.0731 | Hamming=2 | Exact=0
K=5, n=400, m=800, rep=18 | Opt=118.00 | Pred=100.00 | Gap=0.1525 | Hamming=6 | Exact=0
K=5, n=400, m=800, rep=19 | Opt=200.00 | Pred=159.00 | Gap=0.2050 | Hamming=10 | Exact=0
K=5, n=400, m=1000, rep=0 | Opt=606.00 | Pred=527.00 | Gap=0.1304 | Hamming=4 | Exact=0
K=5, n=400, m=1000, rep=1 | Opt=1073.00 | Pred=981.00 | Gap=0.0857 | Hamming=4 | Exact=0
K=5, n=400, m=1000, rep=2 | Opt=245.00 | Pred=239.00 | Gap=0.0245 | Hamming=2 | Exact=0
K=5, n=400, m=1000, rep=3 | Opt=982.00 | Pred=912.00 | Gap=0.0713 | Hamming=4 | Exact=0
K=5, n=400, m=1000, rep=4 | Opt=316.00 | Pred=293.00 | Gap=0.0728 | Hamming=4 | Exact=0
K=5, n=400, m=1000, rep=5 | Opt=707.00 | Pred=659.00 | Gap=0.0679 | Hamming=4 | Exact=0
K=5, n=400, m=1000, rep=6 | Opt=731.00 | Pred=723.00 | Gap=0.0109 | Hamming=4 | Exact=0
K=5, n=400, m=1000, rep=7 | Opt=193.00 | Pred=152.00 | Gap=0.2124 | Hamming=8 | Exact=0
K=5, n=400, m=1000, rep=8 | Opt=52.00 | Pred=48.00 | Gap=0.0769 | Hamming=6 | Exact=0
K=5, n=400, m=1000, rep=9 | Opt=440.00 | Pred=410.00 | Gap=0.0682 | Hamming=4 | Exact=0
K=5, n=400, m=1000, rep=10 | Opt=295.00 | Pred=273.00 | Gap=0.0746 | Hamming=4 | Exact=0
K=5, n=400, m=1000, rep=11 | Opt=906.00 | Pred=890.00 | Gap=0.0177 | Hamming=4 | Exact=0
K=5, n=400, m=1000, rep=12 | Opt=770.00 | Pred=716.00 | Gap=0.0701 | Hamming=4 | Exact=0
K=5, n=400, m=1000, rep=13 | Opt=638.00 | Pred=560.00 | Gap=0.1223 | Hamming=6 | Exact=0
K=5, n=400, m=1000, rep=14 | Opt=397.00 | Pred=366.00 | Gap=0.0781 | Hamming=2 | Exact=0
K=5, n=400, m=1000, rep=15 | Opt=200.00 | Pred=180.00 | Gap=0.1000 | Hamming=4 | Exact=0
K=5, n=400, m=1000, rep=16 | Opt=236.00 | Pred=188.00 | Gap=0.2034 | Hamming=6 | Exact=0
K=5, n=400, m=1000, rep=17 | Opt=216.00 | Pred=184.00 | Gap=0.1481 | Hamming=8 | Exact=0
K=5, n=400, m=1000, rep=18 | Opt=702.00 | Pred=681.00 | Gap=0.0299 | Hamming=4 | Exact=0
K=5, n=400, m=1000, rep=19 | Opt=640.00 | Pred=626.00 | Gap=0.0219 | Hamming=4 | Exact=0
K=5, n=400, m=1200, rep=0 | Opt=680.00 | Pred=658.00 | Gap=0.0324 | Hamming=2 | Exact=0
K=5, n=400, m=1200, rep=1 | Opt=58.00 | Pred=46.00 | Gap=0.2069 | Hamming=6 | Exact=0
K=5, n=400, m=1200, rep=2 | Opt=511.00 | Pred=459.00 | Gap=0.1018 | Hamming=4 | Exact=0
K=5, n=400, m=1200, rep=3 | Opt=94.00 | Pred=80.00 | Gap=0.1489 | Hamming=4 | Exact=0
K=5, n=400, m=1200, rep=4 | Opt=593.00 | Pred=504.00 | Gap=0.1501 | Hamming=6 | Exact=0
K=5, n=400, m=1200, rep=5 | Opt=330.00 | Pred=267.00 | Gap=0.1909 | Hamming=8 | Exact=0
K=5, n=400, m=1200, rep=6 | Opt=436.00 | Pred=419.00 | Gap=0.0390 | Hamming=6 | Exact=0
K=5, n=400, m=1200, rep=7 | Opt=499.00 | Pred=460.00 | Gap=0.0782 | Hamming=2 | Exact=0
K=5, n=400, m=1200, rep=8 | Opt=468.00 | Pred=375.00 | Gap=0.1987 | Hamming=8 | Exact=0
K=5, n=400, m=1200, rep=9 | Opt=387.00 | Pred=366.00 | Gap=0.0543 | Hamming=2 | Exact=0
K=5, n=400, m=1200, rep=10 | Opt=397.00 | Pred=323.00 | Gap=0.1864 | Hamming=8 | Exact=0
K=5, n=400, m=1200, rep=11 | Opt=280.00 | Pred=254.00 | Gap=0.0929 | Hamming=6 | Exact=0
K=5, n=400, m=1200, rep=12 | Opt=420.00 | Pred=402.00 | Gap=0.0429 | Hamming=4 | Exact=0
K=5, n=400, m=1200, rep=13 | Opt=828.00 | Pred=818.00 | Gap=0.0121 | Hamming=4 | Exact=0
K=5, n=400, m=1200, rep=14 | Opt=102.00 | Pred=76.00 | Gap=0.2549 | Hamming=8 | Exact=0
K=5, n=400, m=1200, rep=15 | Opt=185.00 | Pred=157.00 | Gap=0.1514 | Hamming=6 | Exact=0
K=5, n=400, m=1200, rep=16 | Opt=457.00 | Pred=384.00 | Gap=0.1597 | Hamming=8 | Exact=0
K=5, n=400, m=1200, rep=17 | Opt=46.00 | Pred=40.00 | Gap=0.1304 | Hamming=4 | Exact=0
K=5, n=400, m=1200, rep=18 | Opt=56.00 | Pred=45.00 | Gap=0.1964 | Hamming=4 | Exact=0
K=5, n=400, m=1200, rep=19 | Opt=132.00 | Pred=84.00 | Gap=0.3636 | Hamming=6 | Exact=0
K=5, n=400, m=1600, rep=0 | Opt=418.00 | Pred=377.00 | Gap=0.0981 | Hamming=4 | Exact=0
K=5, n=400, m=1600, rep=1 | Opt=370.00 | Pred=357.00 | Gap=0.0351 | Hamming=2 | Exact=0
K=5, n=400, m=1600, rep=2 | Opt=372.00 | Pred=294.00 | Gap=0.2097 | Hamming=10 | Exact=0
K=5, n=400, m=1600, rep=3 | Opt=185.00 | Pred=164.00 | Gap=0.1135 | Hamming=4 | Exact=0
K=5, n=400, m=1600, rep=4 | Opt=1025.00 | Pred=999.00 | Gap=0.0254 | Hamming=2 | Exact=0
K=5, n=400, m=1600, rep=5 | Opt=676.00 | Pred=665.00 | Gap=0.0163 | Hamming=4 | Exact=0
K=5, n=400, m=1600, rep=6 | Opt=782.00 | Pred=774.00 | Gap=0.0102 | Hamming=2 | Exact=0
K=5, n=400, m=1600, rep=7 | Opt=671.00 | Pred=671.00 | Gap=0.0000 | Hamming=0 | Exact=1
K=5, n=400, m=1600, rep=8 | Opt=479.00 | Pred=416.00 | Gap=0.1315 | Hamming=8 | Exact=0
K=5, n=400, m=1600, rep=9 | Opt=153.00 | Pred=139.00 | Gap=0.0915 | Hamming=4 | Exact=0
K=5, n=400, m=1600, rep=10 | Opt=593.00 | Pred=553.00 | Gap=0.0675 | Hamming=6 | Exact=0
K=5, n=400, m=1600, rep=11 | Opt=250.00 | Pred=250.00 | Gap=0.0000 | Hamming=0 | Exact=1
K=5, n=400, m=1600, rep=12 | Opt=542.00 | Pred=528.00 | Gap=0.0258 | Hamming=4 | Exact=0
K=5, n=400, m=1600, rep=13 | Opt=613.00 | Pred=546.00 | Gap=0.1093 | Hamming=6 | Exact=0
K=5, n=400, m=1600, rep=14 | Opt=593.00 | Pred=522.00 | Gap=0.1197 | Hamming=6 | Exact=0
K=5, n=400, m=1600, rep=15 | Opt=66.00 | Pred=46.00 | Gap=0.3030 | Hamming=4 | Exact=0
K=5, n=400, m=1600, rep=16 | Opt=110.00 | Pred=104.00 | Gap=0.0545 | Hamming=2 | Exact=0
K=5, n=400, m=1600, rep=17 | Opt=753.00 | Pred=711.00 | Gap=0.0558 | Hamming=4 | Exact=0
K=5, n=400, m=1600, rep=18 | Opt=620.00 | Pred=591.00 | Gap=0.0468 | Hamming=4 | Exact=0
K=5, n=400, m=1600, rep=19 | Opt=789.00 | Pred=738.00 | Gap=0.0646 | Hamming=6 | Exact=0
K=5, n=400, m=2000, rep=0 | Opt=938.00 | Pred=861.00 | Gap=0.0821 | Hamming=6 | Exact=0
K=5, n=400, m=2000, rep=1 | Opt=672.00 | Pred=638.00 | Gap=0.0506 | Hamming=4 | Exact=0
K=5, n=400, m=2000, rep=2 | Opt=415.00 | Pred=374.00 | Gap=0.0988 | Hamming=8 | Exact=0
K=5, n=400, m=2000, rep=3 | Opt=555.00 | Pred=509.00 | Gap=0.0829 | Hamming=6 | Exact=0
K=5, n=400, m=2000, rep=4 | Opt=333.00 | Pred=281.00 | Gap=0.1562 | Hamming=6 | Exact=0
K=5, n=400, m=2000, rep=5 | Opt=325.00 | Pred=282.00 | Gap=0.1323 | Hamming=6 | Exact=0
K=5, n=400, m=2000, rep=6 | Opt=401.00 | Pred=380.00 | Gap=0.0524 | Hamming=4 | Exact=0
K=5, n=400, m=2000, rep=7 | Opt=487.00 | Pred=402.00 | Gap=0.1745 | Hamming=4 | Exact=0
K=5, n=400, m=2000, rep=8 | Opt=452.00 | Pred=400.00 | Gap=0.1150 | Hamming=4 | Exact=0
K=5, n=400, m=2000, rep=9 | Opt=725.00 | Pred=703.00 | Gap=0.0303 | Hamming=2 | Exact=0
K=5, n=400, m=2000, rep=10 | Opt=863.00 | Pred=798.00 | Gap=0.0753 | Hamming=6 | Exact=0
K=5, n=400, m=2000, rep=11 | Opt=342.00 | Pred=338.00 | Gap=0.0117 | Hamming=6 | Exact=0
K=5, n=400, m=2000, rep=12 | Opt=605.00 | Pred=517.00 | Gap=0.1455 | Hamming=2 | Exact=0
K=5, n=400, m=2000, rep=13 | Opt=238.00 | Pred=213.00 | Gap=0.1050 | Hamming=4 | Exact=0
K=5, n=400, m=2000, rep=14 | Opt=671.00 | Pred=662.00 | Gap=0.0134 | Hamming=4 | Exact=0
K=5, n=400, m=2000, rep=15 | Opt=345.00 | Pred=329.00 | Gap=0.0464 | Hamming=2 | Exact=0
K=5, n=400, m=2000, rep=16 | Opt=346.00 | Pred=324.00 | Gap=0.0636 | Hamming=2 | Exact=0
K=5, n=400, m=2000, rep=17 | Opt=112.00 | Pred=98.00 | Gap=0.1250 | Hamming=4 | Exact=0
K=5, n=400, m=2000, rep=18 | Opt=582.00 | Pred=582.00 | Gap=0.0000 | Hamming=0 | Exact=1
K=5, n=400, m=2000, rep=19 | Opt=854.00 | Pred=810.00 | Gap=0.0515 | Hamming=4 | Exact=0
K=5, n=400, m=2400, rep=0 | Opt=225.00 | Pred=209.00 | Gap=0.0711 | Hamming=4 | Exact=0
K=5, n=400, m=2400, rep=1 | Opt=654.00 | Pred=619.00 | Gap=0.0535 | Hamming=2 | Exact=0
K=5, n=400, m=2400, rep=2 | Opt=474.00 | Pred=420.00 | Gap=0.1139 | Hamming=4 | Exact=0
K=5, n=400, m=2400, rep=3 | Opt=287.00 | Pred=258.00 | Gap=0.1010 | Hamming=6 | Exact=0
K=5, n=400, m=2400, rep=4 | Opt=729.00 | Pred=651.00 | Gap=0.1070 | Hamming=8 | Exact=0
K=5, n=400, m=2400, rep=5 | Opt=108.00 | Pred=95.00 | Gap=0.1204 | Hamming=2 | Exact=0
K=5, n=400, m=2400, rep=6 | Opt=1076.00 | Pred=1020.00 | Gap=0.0520 | Hamming=4 | Exact=0
K=5, n=400, m=2400, rep=7 | Opt=739.00 | Pred=675.00 | Gap=0.0866 | Hamming=4 | Exact=0
K=5, n=400, m=2400, rep=8 | Opt=343.00 | Pred=338.00 | Gap=0.0146 | Hamming=2 | Exact=0
K=5, n=400, m=2400, rep=9 | Opt=822.00 | Pred=789.00 | Gap=0.0401 | Hamming=4 | Exact=0
K=5, n=400, m=2400, rep=10 | Opt=511.00 | Pred=496.00 | Gap=0.0294 | Hamming=4 | Exact=0
K=5, n=400, m=2400, rep=11 | Opt=332.00 | Pred=315.00 | Gap=0.0512 | Hamming=4 | Exact=0
K=5, n=400, m=2400, rep=12 | Opt=445.00 | Pred=425.00 | Gap=0.0449 | Hamming=2 | Exact=0
K=5, n=400, m=2400, rep=13 | Opt=431.00 | Pred=410.00 | Gap=0.0487 | Hamming=2 | Exact=0
K=5, n=400, m=2400, rep=14 | Opt=634.00 | Pred=597.00 | Gap=0.0584 | Hamming=4 | Exact=0
K=5, n=400, m=2400, rep=15 | Opt=815.00 | Pred=777.00 | Gap=0.0466 | Hamming=6 | Exact=0
K=5, n=400, m=2400, rep=16 | Opt=855.00 | Pred=796.00 | Gap=0.0690 | Hamming=4 | Exact=0
K=5, n=400, m=2400, rep=17 | Opt=714.00 | Pred=710.00 | Gap=0.0056 | Hamming=2 | Exact=0
K=5, n=400, m=2400, rep=18 | Opt=512.00 | Pred=445.00 | Gap=0.1309 | Hamming=4 | Exact=0
K=5, n=400, m=2400, rep=19 | Opt=447.00 | Pred=435.00 | Gap=0.0268 | Hamming=4 | Exact=0
K=5, n=400, m=3200, rep=0 | Opt=716.00 | Pred=681.00 | Gap=0.0489 | Hamming=4 | Exact=0
K=5, n=400, m=3200, rep=1 | Opt=628.00 | Pred=578.00 | Gap=0.0796 | Hamming=4 | Exact=0
K=5, n=400, m=3200, rep=2 | Opt=305.00 | Pred=236.00 | Gap=0.2262 | Hamming=4 | Exact=0
K=5, n=400, m=3200, rep=3 | Opt=956.00 | Pred=908.00 | Gap=0.0502 | Hamming=4 | Exact=0
K=5, n=400, m=3200, rep=4 | Opt=694.00 | Pred=547.00 | Gap=0.2118 | Hamming=6 | Exact=0
K=5, n=400, m=3200, rep=5 | Opt=1185.00 | Pred=1164.00 | Gap=0.0177 | Hamming=2 | Exact=0
K=5, n=400, m=3200, rep=6 | Opt=372.00 | Pred=359.00 | Gap=0.0349 | Hamming=2 | Exact=0
K=5, n=400, m=3200, rep=7 | Opt=993.00 | Pred=873.00 | Gap=0.1208 | Hamming=6 | Exact=0
K=5, n=400, m=3200, rep=8 | Opt=702.00 | Pred=624.00 | Gap=0.1111 | Hamming=6 | Exact=0
K=5, n=400, m=3200, rep=9 | Opt=839.00 | Pred=811.00 | Gap=0.0334 | Hamming=2 | Exact=0
K=5, n=400, m=3200, rep=10 | Opt=474.00 | Pred=424.00 | Gap=0.1055 | Hamming=4 | Exact=0
K=5, n=400, m=3200, rep=11 | Opt=282.00 | Pred=236.00 | Gap=0.1631 | Hamming=4 | Exact=0
K=5, n=400, m=3200, rep=12 | Opt=698.00 | Pred=585.00 | Gap=0.1619 | Hamming=8 | Exact=0
K=5, n=400, m=3200, rep=13 | Opt=500.00 | Pred=433.00 | Gap=0.1340 | Hamming=6 | Exact=0
K=5, n=400, m=3200, rep=14 | Opt=607.00 | Pred=575.00 | Gap=0.0527 | Hamming=2 | Exact=0
K=5, n=400, m=3200, rep=15 | Opt=400.00 | Pred=388.00 | Gap=0.0300 | Hamming=2 | Exact=0
K=5, n=400, m=3200, rep=16 | Opt=570.00 | Pred=528.00 | Gap=0.0737 | Hamming=6 | Exact=0
K=5, n=400, m=3200, rep=17 | Opt=920.00 | Pred=860.00 | Gap=0.0652 | Hamming=2 | Exact=0
K=5, n=400, m=3200, rep=18 | Opt=744.00 | Pred=698.00 | Gap=0.0618 | Hamming=6 | Exact=0
K=5, n=400, m=3200, rep=19 | Opt=906.00 | Pred=864.00 | Gap=0.0464 | Hamming=6 | Exact=0
K=5, n=600, m=1200, rep=0 | Opt=595.00 | Pred=518.00 | Gap=0.1294 | Hamming=6 | Exact=0
K=5, n=600, m=1200, rep=1 | Opt=65.00 | Pred=49.00 | Gap=0.2462 | Hamming=10 | Exact=0
K=5, n=600, m=1200, rep=2 | Opt=394.00 | Pred=360.00 | Gap=0.0863 | Hamming=4 | Exact=0
K=5, n=600, m=1200, rep=3 | Opt=389.00 | Pred=315.00 | Gap=0.1902 | Hamming=6 | Exact=0
K=5, n=600, m=1200, rep=4 | Opt=360.00 | Pred=284.00 | Gap=0.2111 | Hamming=8 | Exact=0
K=5, n=600, m=1200, rep=5 | Opt=270.00 | Pred=270.00 | Gap=0.0000 | Hamming=3 | Exact=0
K=5, n=600, m=1200, rep=6 | Opt=265.00 | Pred=220.00 | Gap=0.1698 | Hamming=6 | Exact=0
K=5, n=600, m=1200, rep=7 | Opt=491.00 | Pred=418.00 | Gap=0.1487 | Hamming=4 | Exact=0
K=5, n=600, m=1200, rep=8 | Opt=216.00 | Pred=198.00 | Gap=0.0833 | Hamming=6 | Exact=0
K=5, n=600, m=1200, rep=9 | Opt=783.00 | Pred=725.00 | Gap=0.0741 | Hamming=6 | Exact=0
K=5, n=600, m=1200, rep=10 | Opt=862.00 | Pred=786.00 | Gap=0.0882 | Hamming=8 | Exact=0
K=5, n=600, m=1200, rep=11 | Opt=204.00 | Pred=150.00 | Gap=0.2647 | Hamming=8 | Exact=0
K=5, n=600, m=1200, rep=12 | Opt=357.00 | Pred=242.00 | Gap=0.3221 | Hamming=6 | Exact=0
K=5, n=600, m=1200, rep=13 | Opt=303.00 | Pred=228.00 | Gap=0.2475 | Hamming=4 | Exact=0
K=5, n=600, m=1200, rep=14 | Opt=92.00 | Pred=78.00 | Gap=0.1522 | Hamming=6 | Exact=0
K=5, n=600, m=1200, rep=15 | Opt=76.00 | Pred=73.00 | Gap=0.0395 | Hamming=4 | Exact=0
K=5, n=600, m=1200, rep=16 | Opt=357.00 | Pred=306.00 | Gap=0.1429 | Hamming=8 | Exact=0
K=5, n=600, m=1200, rep=17 | Opt=168.00 | Pred=132.00 | Gap=0.2143 | Hamming=6 | Exact=0
K=5, n=600, m=1200, rep=18 | Opt=391.00 | Pred=390.00 | Gap=0.0026 | Hamming=4 | Exact=0
K=5, n=600, m=1200, rep=19 | Opt=693.00 | Pred=656.00 | Gap=0.0534 | Hamming=4 | Exact=0
K=5, n=600, m=1500, rep=0 | Opt=267.00 | Pred=251.00 | Gap=0.0599 | Hamming=2 | Exact=0
K=5, n=600, m=1500, rep=1 | Opt=271.00 | Pred=261.00 | Gap=0.0369 | Hamming=6 | Exact=0
K=5, n=600, m=1500, rep=2 | Opt=255.00 | Pred=220.00 | Gap=0.1373 | Hamming=6 | Exact=0
K=5, n=600, m=1500, rep=3 | Opt=220.00 | Pred=206.00 | Gap=0.0636 | Hamming=4 | Exact=0
K=5, n=600, m=1500, rep=4 | Opt=616.00 | Pred=573.00 | Gap=0.0698 | Hamming=2 | Exact=0
K=5, n=600, m=1500, rep=5 | Opt=76.00 | Pred=70.00 | Gap=0.0789 | Hamming=2 | Exact=0
K=5, n=600, m=1500, rep=6 | Opt=289.00 | Pred=250.00 | Gap=0.1349 | Hamming=6 | Exact=0
K=5, n=600, m=1500, rep=7 | Opt=187.00 | Pred=163.00 | Gap=0.1283 | Hamming=4 | Exact=0
K=5, n=600, m=1500, rep=8 | Opt=52.00 | Pred=40.00 | Gap=0.2308 | Hamming=8 | Exact=0
K=5, n=600, m=1500, rep=9 | Opt=51.00 | Pred=47.00 | Gap=0.0784 | Hamming=5 | Exact=0
K=5, n=600, m=1500, rep=10 | Opt=489.00 | Pred=414.00 | Gap=0.1534 | Hamming=6 | Exact=0
K=5, n=600, m=1500, rep=11 | Opt=591.00 | Pred=532.00 | Gap=0.0998 | Hamming=6 | Exact=0
K=5, n=600, m=1500, rep=12 | Opt=618.00 | Pred=557.00 | Gap=0.0987 | Hamming=4 | Exact=0
K=5, n=600, m=1500, rep=13 | Opt=159.00 | Pred=112.00 | Gap=0.2956 | Hamming=8 | Exact=0
K=5, n=600, m=1500, rep=14 | Opt=320.00 | Pred=247.00 | Gap=0.2281 | Hamming=8 | Exact=0
K=5, n=600, m=1500, rep=15 | Opt=647.00 | Pred=444.00 | Gap=0.3138 | Hamming=6 | Exact=0
K=5, n=600, m=1500, rep=16 | Opt=223.00 | Pred=198.00 | Gap=0.1121 | Hamming=8 | Exact=0
K=5, n=600, m=1500, rep=17 | Opt=298.00 | Pred=234.00 | Gap=0.2148 | Hamming=8 | Exact=0
K=5, n=600, m=1500, rep=18 | Opt=274.00 | Pred=244.00 | Gap=0.1095 | Hamming=8 | Exact=0
K=5, n=600, m=1500, rep=19 | Opt=696.00 | Pred=695.00 | Gap=0.0014 | Hamming=2 | Exact=0
K=5, n=600, m=1800, rep=0 | Opt=256.00 | Pred=238.00 | Gap=0.0703 | Hamming=2 | Exact=0
K=5, n=600, m=1800, rep=1 | Opt=120.00 | Pred=72.00 | Gap=0.4000 | Hamming=8 | Exact=0
K=5, n=600, m=1800, rep=2 | Opt=480.00 | Pred=446.00 | Gap=0.0708 | Hamming=4 | Exact=0
K=5, n=600, m=1800, rep=3 | Opt=423.00 | Pred=408.00 | Gap=0.0355 | Hamming=6 | Exact=0
K=5, n=600, m=1800, rep=4 | Opt=293.00 | Pred=273.00 | Gap=0.0683 | Hamming=6 | Exact=0
K=5, n=600, m=1800, rep=5 | Opt=381.00 | Pred=299.00 | Gap=0.2152 | Hamming=4 | Exact=0
K=5, n=600, m=1800, rep=6 | Opt=437.00 | Pred=384.00 | Gap=0.1213 | Hamming=6 | Exact=0
K=5, n=600, m=1800, rep=7 | Opt=202.00 | Pred=165.00 | Gap=0.1832 | Hamming=6 | Exact=0
K=5, n=600, m=1800, rep=8 | Opt=127.00 | Pred=106.00 | Gap=0.1654 | Hamming=6 | Exact=0
K=5, n=600, m=1800, rep=9 | Opt=42.00 | Pred=29.00 | Gap=0.3095 | Hamming=6 | Exact=0
K=5, n=600, m=1800, rep=10 | Opt=798.00 | Pred=681.00 | Gap=0.1466 | Hamming=4 | Exact=0
K=5, n=600, m=1800, rep=11 | Opt=121.00 | Pred=93.00 | Gap=0.2314 | Hamming=6 | Exact=0
K=5, n=600, m=1800, rep=12 | Opt=1028.00 | Pred=959.00 | Gap=0.0671 | Hamming=4 | Exact=0
K=5, n=600, m=1800, rep=13 | Opt=176.00 | Pred=150.00 | Gap=0.1477 | Hamming=4 | Exact=0
K=5, n=600, m=1800, rep=14 | Opt=256.00 | Pred=205.00 | Gap=0.1992 | Hamming=6 | Exact=0
K=5, n=600, m=1800, rep=15 | Opt=543.00 | Pred=491.00 | Gap=0.0958 | Hamming=4 | Exact=0
K=5, n=600, m=1800, rep=16 | Opt=481.00 | Pred=436.00 | Gap=0.0936 | Hamming=4 | Exact=0
K=5, n=600, m=1800, rep=17 | Opt=275.00 | Pred=208.00 | Gap=0.2436 | Hamming=6 | Exact=0
K=5, n=600, m=1800, rep=18 | Opt=613.00 | Pred=533.00 | Gap=0.1305 | Hamming=6 | Exact=0
K=5, n=600, m=1800, rep=19 | Opt=367.00 | Pred=363.00 | Gap=0.0109 | Hamming=4 | Exact=0
K=5, n=600, m=2400, rep=0 | Opt=181.00 | Pred=140.00 | Gap=0.2265 | Hamming=8 | Exact=0
K=5, n=600, m=2400, rep=1 | Opt=313.00 | Pred=272.00 | Gap=0.1310 | Hamming=2 | Exact=0
K=5, n=600, m=2400, rep=2 | Opt=324.00 | Pred=293.00 | Gap=0.0957 | Hamming=4 | Exact=0
K=5, n=600, m=2400, rep=3 | Opt=505.00 | Pred=468.00 | Gap=0.0733 | Hamming=6 | Exact=0
K=5, n=600, m=2400, rep=4 | Opt=494.00 | Pred=450.00 | Gap=0.0891 | Hamming=4 | Exact=0
K=5, n=600, m=2400, rep=5 | Opt=358.00 | Pred=316.00 | Gap=0.1173 | Hamming=6 | Exact=0
K=5, n=600, m=2400, rep=6 | Opt=330.00 | Pred=280.00 | Gap=0.1515 | Hamming=8 | Exact=0
K=5, n=600, m=2400, rep=7 | Opt=445.00 | Pred=396.00 | Gap=0.1101 | Hamming=6 | Exact=0
K=5, n=600, m=2400, rep=8 | Opt=539.00 | Pred=491.00 | Gap=0.0891 | Hamming=6 | Exact=0
K=5, n=600, m=2400, rep=9 | Opt=419.00 | Pred=371.00 | Gap=0.1146 | Hamming=8 | Exact=0
K=5, n=600, m=2400, rep=10 | Opt=205.00 | Pred=168.00 | Gap=0.1805 | Hamming=8 | Exact=0
K=5, n=600, m=2400, rep=11 | Opt=460.00 | Pred=452.00 | Gap=0.0174 | Hamming=2 | Exact=0
K=5, n=600, m=2400, rep=12 | Opt=38.00 | Pred=29.00 | Gap=0.2368 | Hamming=8 | Exact=0
K=5, n=600, m=2400, rep=13 | Opt=321.00 | Pred=260.00 | Gap=0.1900 | Hamming=6 | Exact=0
K=5, n=600, m=2400, rep=14 | Opt=340.00 | Pred=286.00 | Gap=0.1588 | Hamming=6 | Exact=0
K=5, n=600, m=2400, rep=15 | Opt=907.00 | Pred=792.00 | Gap=0.1268 | Hamming=4 | Exact=0
K=5, n=600, m=2400, rep=16 | Opt=483.00 | Pred=455.00 | Gap=0.0580 | Hamming=6 | Exact=0
K=5, n=600, m=2400, rep=17 | Opt=426.00 | Pred=408.00 | Gap=0.0423 | Hamming=8 | Exact=0
K=5, n=600, m=2400, rep=18 | Opt=755.00 | Pred=686.00 | Gap=0.0914 | Hamming=4 | Exact=0
K=5, n=600, m=2400, rep=19 | Opt=356.00 | Pred=334.00 | Gap=0.0618 | Hamming=6 | Exact=0
K=5, n=600, m=3000, rep=0 | Opt=481.00 | Pred=448.00 | Gap=0.0686 | Hamming=6 | Exact=0
K=5, n=600, m=3000, rep=1 | Opt=304.00 | Pred=277.00 | Gap=0.0888 | Hamming=4 | Exact=0
K=5, n=600, m=3000, rep=2 | Opt=471.00 | Pred=447.00 | Gap=0.0510 | Hamming=2 | Exact=0
K=5, n=600, m=3000, rep=3 | Opt=368.00 | Pred=357.00 | Gap=0.0299 | Hamming=6 | Exact=0
K=5, n=600, m=3000, rep=4 | Opt=407.00 | Pred=394.00 | Gap=0.0319 | Hamming=8 | Exact=0
K=5, n=600, m=3000, rep=5 | Opt=564.00 | Pred=496.00 | Gap=0.1206 | Hamming=6 | Exact=0
K=5, n=600, m=3000, rep=6 | Opt=210.00 | Pred=196.00 | Gap=0.0667 | Hamming=6 | Exact=0
K=5, n=600, m=3000, rep=7 | Opt=763.00 | Pred=675.00 | Gap=0.1153 | Hamming=2 | Exact=0
K=5, n=600, m=3000, rep=8 | Opt=380.00 | Pred=359.00 | Gap=0.0553 | Hamming=4 | Exact=0
K=5, n=600, m=3000, rep=9 | Opt=215.00 | Pred=150.00 | Gap=0.3023 | Hamming=6 | Exact=0
K=5, n=600, m=3000, rep=10 | Opt=605.00 | Pred=584.00 | Gap=0.0347 | Hamming=4 | Exact=0
K=5, n=600, m=3000, rep=11 | Opt=887.00 | Pred=867.00 | Gap=0.0225 | Hamming=2 | Exact=0
K=5, n=600, m=3000, rep=12 | Opt=361.00 | Pred=342.00 | Gap=0.0526 | Hamming=2 | Exact=0
K=5, n=600, m=3000, rep=13 | Opt=499.00 | Pred=498.00 | Gap=0.0020 | Hamming=2 | Exact=0
K=5, n=600, m=3000, rep=14 | Opt=1168.00 | Pred=1057.00 | Gap=0.0950 | Hamming=4 | Exact=0
K=5, n=600, m=3000, rep=15 | Opt=902.00 | Pred=885.00 | Gap=0.0188 | Hamming=6 | Exact=0
K=5, n=600, m=3000, rep=16 | Opt=694.00 | Pred=615.00 | Gap=0.1138 | Hamming=4 | Exact=0
K=5, n=600, m=3000, rep=17 | Opt=480.00 | Pred=430.00 | Gap=0.1042 | Hamming=8 | Exact=0
K=5, n=600, m=3000, rep=18 | Opt=529.00 | Pred=511.00 | Gap=0.0340 | Hamming=2 | Exact=0
K=5, n=600, m=3000, rep=19 | Opt=780.00 | Pred=762.00 | Gap=0.0231 | Hamming=4 | Exact=0
K=5, n=600, m=3600, rep=0 | Opt=872.00 | Pred=813.00 | Gap=0.0677 | Hamming=2 | Exact=0
K=5, n=600, m=3600, rep=1 | Opt=671.00 | Pred=601.00 | Gap=0.1043 | Hamming=4 | Exact=0
K=5, n=600, m=3600, rep=2 | Opt=1006.00 | Pred=966.00 | Gap=0.0398 | Hamming=2 | Exact=0
K=5, n=600, m=3600, rep=3 | Opt=811.00 | Pred=781.00 | Gap=0.0370 | Hamming=2 | Exact=0
K=5, n=600, m=3600, rep=4 | Opt=746.00 | Pred=627.00 | Gap=0.1595 | Hamming=6 | Exact=0
K=5, n=600, m=3600, rep=5 | Opt=782.00 | Pred=692.00 | Gap=0.1151 | Hamming=6 | Exact=0
K=5, n=600, m=3600, rep=6 | Opt=371.00 | Pred=308.00 | Gap=0.1698 | Hamming=6 | Exact=0
K=5, n=600, m=3600, rep=7 | Opt=934.00 | Pred=906.00 | Gap=0.0300 | Hamming=2 | Exact=0
K=5, n=600, m=3600, rep=8 | Opt=408.00 | Pred=407.00 | Gap=0.0025 | Hamming=4 | Exact=0
K=5, n=600, m=3600, rep=9 | Opt=798.00 | Pred=743.00 | Gap=0.0689 | Hamming=4 | Exact=0
K=5, n=600, m=3600, rep=10 | Opt=409.00 | Pred=378.00 | Gap=0.0758 | Hamming=6 | Exact=0
K=5, n=600, m=3600, rep=11 | Opt=611.00 | Pred=569.00 | Gap=0.0687 | Hamming=4 | Exact=0
K=5, n=600, m=3600, rep=12 | Opt=393.00 | Pred=393.00 | Gap=0.0000 | Hamming=0 | Exact=1
K=5, n=600, m=3600, rep=13 | Opt=398.00 | Pred=353.00 | Gap=0.1131 | Hamming=4 | Exact=0
K=5, n=600, m=3600, rep=14 | Opt=1042.00 | Pred=909.00 | Gap=0.1276 | Hamming=6 | Exact=0
K=5, n=600, m=3600, rep=15 | Opt=441.00 | Pred=387.00 | Gap=0.1224 | Hamming=6 | Exact=0
K=5, n=600, m=3600, rep=16 | Opt=751.00 | Pred=744.00 | Gap=0.0093 | Hamming=2 | Exact=0
K=5, n=600, m=3600, rep=17 | Opt=219.00 | Pred=210.00 | Gap=0.0411 | Hamming=2 | Exact=0
K=5, n=600, m=3600, rep=18 | Opt=1015.00 | Pred=988.00 | Gap=0.0266 | Hamming=4 | Exact=0
K=5, n=600, m=3600, rep=19 | Opt=644.00 | Pred=515.00 | Gap=0.2003 | Hamming=10 | Exact=0
K=5, n=600, m=4800, rep=0 | Opt=634.00 | Pred=589.00 | Gap=0.0710 | Hamming=4 | Exact=0
K=5, n=600, m=4800, rep=1 | Opt=657.00 | Pred=562.00 | Gap=0.1446 | Hamming=10 | Exact=0
K=5, n=600, m=4800, rep=2 | Opt=314.00 | Pred=278.00 | Gap=0.1146 | Hamming=4 | Exact=0
K=5, n=600, m=4800, rep=3 | Opt=461.00 | Pred=458.00 | Gap=0.0065 | Hamming=6 | Exact=0
K=5, n=600, m=4800, rep=4 | Opt=788.00 | Pred=768.00 | Gap=0.0254 | Hamming=2 | Exact=0
K=5, n=600, m=4800, rep=5 | Opt=495.00 | Pred=448.00 | Gap=0.0949 | Hamming=4 | Exact=0
K=5, n=600, m=4800, rep=6 | Opt=881.00 | Pred=842.00 | Gap=0.0443 | Hamming=2 | Exact=0
K=5, n=600, m=4800, rep=7 | Opt=730.00 | Pred=662.00 | Gap=0.0932 | Hamming=2 | Exact=0
K=5, n=600, m=4800, rep=8 | Opt=366.00 | Pred=284.00 | Gap=0.2240 | Hamming=6 | Exact=0
K=5, n=600, m=4800, rep=9 | Opt=750.00 | Pred=685.00 | Gap=0.0867 | Hamming=8 | Exact=0
K=5, n=600, m=4800, rep=10 | Opt=1007.00 | Pred=976.00 | Gap=0.0308 | Hamming=2 | Exact=0
K=5, n=600, m=4800, rep=11 | Opt=434.00 | Pred=407.00 | Gap=0.0622 | Hamming=4 | Exact=0
K=5, n=600, m=4800, rep=12 | Opt=382.00 | Pred=316.00 | Gap=0.1728 | Hamming=8 | Exact=0
K=5, n=600, m=4800, rep=13 | Opt=657.00 | Pred=612.00 | Gap=0.0685 | Hamming=4 | Exact=0
K=5, n=600, m=4800, rep=14 | Opt=852.00 | Pred=840.00 | Gap=0.0141 | Hamming=4 | Exact=0
K=5, n=600, m=4800, rep=15 | Opt=832.00 | Pred=726.00 | Gap=0.1274 | Hamming=6 | Exact=0
K=5, n=600, m=4800, rep=16 | Opt=900.00 | Pred=822.00 | Gap=0.0867 | Hamming=2 | Exact=0
K=5, n=600, m=4800, rep=17 | Opt=527.00 | Pred=460.00 | Gap=0.1271 | Hamming=8 | Exact=0
K=5, n=600, m=4800, rep=18 | Opt=903.00 | Pred=892.00 | Gap=0.0122 | Hamming=2 | Exact=0
K=5, n=600, m=4800, rep=19 | Opt=615.00 | Pred=583.00 | Gap=0.0520 | Hamming=4 | Exact=0

FINAL TEST RESULTS FOR K=5
Instances evaluated: 560
Exact match rate: 0.0250
Average Hamming distance: 4.7500
Average objective gap: 0.1089
Average MIP solve time: 2.771673 seconds
Average model inference time: 0.014612 seconds

Saved results/evaluation_results_tropical_v2_min_cost_flow_ood_size.csv
