from_node,to_node,transport_mode,cost,capacity,penalty
1,697,road,1.431627046,144000,95.924229924
2,142,road,0.37783065,144000,95.924229924
3,203,road,0.748801709,144000,95.924229924
4,332,road,0.636270383,144000,95.924229924
5,393,road,3.044944663,144000,95.924229924
6,1093,road,0.885593586,144000,95.924229924
7,1096,road,0.124531121,144000,95.924229924
8,300,road,0.528734338,144000,95.924229924
9,298,road,0.456127175,144000,95.924229924
10,1084,road,4.502438895,144000,95.924229924
11,688,rail,0.193941357,10000,95.924229924
13,203,road,0.350565258,144000,95.924229924
14,454,road,0.126649122,144000,95.924229924
15,1096,road,0.058821765,144000,95.924229924
16,639,road,0.49614514,144000,95.924229924
17,1041,road,1.768494275,144000,95.924229924
18,180,road,0.404460134,144000,95.924229924
19,1091,road,0.34805172,144000,95.924229924
20,207,road,0.222800359,144000,95.924229924
21,178,road,1.254574031,144000,95.924229924
22,158,road,1.42050836,144000,95.924229924
23,208,road,2.818728791,144000,95.924229924
24,1080,road,17.79864669,144000,95.924229924
25,139,road,11.46081219,144000,5.113729917999999
25,1154,road,0.993325727,144000,6.0139452559999995
25,1177,road,2.092115676,144000,3.816365358
35,62,rail,6.90907302,10000,40.123362905
35,139,road,5.403156485,144000,17.229041328
35,1088,road,29.84876044,144000,7.181222341999998
35,1148,road,9.37173986,144000,9.291874578
51,69,road,3.490068767,144000,1.0
51,80,road,1.753137758,144000,2.0944126139999995
51,105,road,1.644578973,144000,2.3115301840000004
62,161,road,22.43358099,144000,64.13103030100001
62,163,road,27.73401334,144000,1.0
69,80,road,1.980727139,144000,1.0
69,161,road,1.041892509,144000,1.9206388240000003
69,1085,road,56.76035863,144000,9.139874480000003
80,84,road,0.645368112,144000,1.0
80,89,road,0.525212338,144000,1.0
84,89,road,0.479069932,144000,1.0
84,105,road,1.557603287,144000,1.0
84,124,road,0.793659877,144000,1.2967639050000002
89,99,rail,0.028301943,10000,2.827479773
99,127,road,0.786559597,144000,1.310964465
99,161,rail,0.428289913,10000,2.256780502
105,124,road,1.58337614,144000,1.0
105,140,road,23.05467666,144000,101.091673007
120,127,road,1.515193717,144000,1.0
120,161,road,0.383317101,144000,2.346726126
120,177,road,46.56430813,144000,15.869576021
124,127,road,0.79649231,144000,1.2910990389999997
124,234,road,53.50700186,144000,40.187022607
127,266,road,63.03924651,144000,4.980382848999994
139,163,road,13.8952661,144000,26.150976745
140,142,road,1.250177587,144000,11.127721554
140,143,road,6.599704842,144000,1.0
141,152,road,14.49063836,144000,8.836412001000001
141,156,road,15.35410369,144000,5.311635561000001
141,160,road,7.960450741,144000,20.098941459000002
142,144,road,2.0725424,144000,9.482991928
143,144,road,3.705651899,144000,6.216772930000001
143,147,road,10.50453178,144000,28.461410252
144,170,road,20.18660823,144000,9.097257352
145,146,road,0.118962179,144000,7.829038884999999
145,154,road,5.216113879,144000,1.0
145,1100,road,22.38178125,144000,50.075223607
146,155,rail,0.971228217,10000,6.124506809
146,159,road,6.037226184,144000,1.0
147,148,road,3.046112933,144000,1.0
147,149,road,2.574817275,144000,1.0
148,149,road,0.480599625,144000,5.140330583
148,150,road,22.81574281,144000,18.031742256999994
149,171,road,12.14484203,144000,25.180789752000003
150,156,road,18.17106029,144000,160.80237075599996
150,193,road,23.09620965,144000,17.470808577
151,154,road,19.72586383,144000,55.387058446999994
151,162,road,53.44800569,144000,13.573053688000002
151,199,road,28.30879164,144000,48.484226687
151,1097,road,31.08907364,144000,32.660638827
152,153,road,0.0,144000,37.817688721
152,158,rail,3.294578122,10000,101.301755241
153,160,road,15.36659962,144000,7.084489481
153,226,road,45.17771065,144000,17.535490185
154,155,road,1.760658968,144000,4.545645307000001
154,159,road,3.749697588,144000,1.0
155,157,road,0.599332963,144000,7.161003147999999
156,160,road,12.70528851,144000,10.609265921
157,159,road,2.249979555,144000,3.859709964
157,1180,road,0.897812898,144000,95.924229924
158,165,road,19.92108682,144000,68.048737845
159,181,road,13.64360451,144000,77.81460094699999
160,218,road,36.36477554,144000,53.024630533999996
162,166,road,53.14522447,144000,14.442546574000005
162,182,road,8.764681169,144000,102.93970273
163,167,road,3.761550744,144000,71.58738421399998
164,176,road,68.94380488,144000,63.48614524900002
164,214,road,37.45564956,144000,51.940449153
164,1169,road,47.17922106,144000,32.49330615299999
165,166,road,1.994103307,144000,2.3405508209999994
165,168,road,2.267641065,144000,1.7934753049999999
166,169,road,1.704963343,144000,2.9188307489999996
167,174,road,7.829692203,144000,5.656296807000001
167,178,road,7.454052589,144000,6.407576035
168,169,road,0.36204972,144000,5.604657995
168,230,road,34.51675495,144000,38.857401585
169,195,road,25.52023864,144000,61.221790565999996
170,171,road,0.354022598,144000,1.0
170,172,road,0.026,144000,1.0
171,172,road,0.354682957,144000,1.0
172,193,rail,4.771150805,10000,15.260887350999997
173,176,road,15.51422895,144000,233.898760647
173,201,road,35.47066737,144000,194.75498998700002
173,1110,road,85.63245639,144000,93.66230576699998
174,177,road,1.818247508,144000,94.27705483700001
174,179,road,5.755382177,144000,9.804916858999999
175,180,road,8.3599122,144000,62.390661302
175,214,rail,9.827375807,10000,78.258798239
175,1177,road,31.32275914,144000,16.464967421999997
176,235,road,76.06308269,144000,49.247589629000004
177,209,rail,5.040798052,10000,87.83195374900001
178,179,rail,0.276554244,10000,20.762572725000002
179,180,road,0.487462819,144000,78.13556006399999
181,183,road,15.30307629,144000,22.91236505
181,202,road,13.40252887,144000,26.713459890000003
182,186,road,1.041085971,144000,1.9121773020000001
182,187,road,0.974221741,144000,2.0459057620000003
183,184,road,0.486411349,144000,1.0
183,185,road,0.392045916,144000,1.0
184,185,road,0.136821051,144000,1.0
184,199,road,23.88436476,144000,57.333080447
185,204,road,20.13222621,144000,13.25406521
186,189,road,0.833241862,144000,2.3278655200000005
186,200,road,25.93963824,144000,10.257725005000005
187,188,road,4.071638982,144000,6.3483184139999995
187,190,road,0.437268796,144000,3.119811652
188,191,road,4.085662737,144000,1.0
188,1094,rail,0.443205652,10000,6.1031410820000005
189,190,road,0.708530874,144000,2.5772874960000003
189,238,road,25.21815029,144000,11.700700905000001
190,198,road,6.135902542,144000,2.2197912939999984
191,195,road,23.64813752,144000,11.796901655
191,1095,road,1.842525441,144000,3.304501503999999
192,833,road,6.000474648,144000,11.329232876999999
192,856,road,4.936435151,144000,1.0
192,860,road,3.945326349,144000,2.811470227
193,233,road,33.7969614,144000,79.607103527
194,198,road,1.562097308,144000,11.367401761999998
194,1094,road,1.841483098,144000,1.0
194,1095,road,1.718982257,144000,1.0
195,223,rail,5.573400129,10000,47.946376437
196,272,rail,0.082855296,10000,1.0
196,273,road,0.067230945,144000,1.0
196,277,road,0.867089384,144000,1.743728378
197,451,road,41.33272994,144000,10.005272111000004
197,485,road,6.131346671,144000,118.830059495
197,516,road,14.10435876,144000,64.462014471
198,228,road,21.40778709,144000,16.277602514999998
199,200,rail,2.966862358,10000,41.091746164
199,225,road,18.35408587,144000,10.317299140000003
200,224,rail,5.061617232,10000,36.902236415999994
201,203,road,1.102072593,144000,95.924229924
201,217,road,11.33998113,144000,243.016362467
202,204,road,4.288640344,144000,6.941769207000001
202,206,road,3.768893737,144000,7.981262420999999
204,205,road,1.227552036,144000,13.063945823000001
205,207,road,0.703295102,144000,14.112459691
205,211,road,4.98057065,144000,8.676576572000002
206,207,road,5.530668676,144000,4.457712543
206,208,road,1.275733514,144000,16.086250844000002
208,210,road,1.579297312,144000,15.479123247999999
209,263,road,12.92600232,144000,8.896737519
209,267,road,13.0569413,144000,8.634859559
210,213,rail,1.198085556,10000,16.241546760000002
210,262,road,13.23229761,144000,75.337714859
210,1199,road,2.385866719,144000,95.924229924
211,213,road,3.370067062,144000,4.893678659999999
211,216,road,3.002002665,144000,5.629807454000001
212,797,rail,0.465258262,10000,27.342723439
212,800,road,0.428266272,144000,74.00908899500001
212,805,road,9.346231112,144000,9.580777739
213,216,road,5.261743057,144000,1.1103266699999992
214,236,road,4.532284192,144000,88.848981469
215,735,road,40.74449686,144000,28.05913117499999
215,775,road,0.672502788,144000,59.661511683
215,797,road,15.90822492,144000,29.190067418999995
215,907,road,30.38438362,144000,21.120917300000002
216,222,road,3.381945594,144000,95.03841889099999
217,220,road,3.00796609,144000,1.0
217,227,road,1.821087587,144000,1.8323405469999998
218,219,road,0.602332134,144000,6.287374314
218,221,road,0.889865158,144000,5.712308266
219,226,road,28.24276367,144000,39.01500642800001
219,232,road,2.800300698,144000,1.891437186
220,227,rail,0.645462044,10000,4.183591633
220,289,road,96.64792422,144000,112.22412663700001
221,232,road,3.199540592,144000,1.0929573980000002
221,250,road,67.82639728,144000,61.49169677599998
222,249,road,25.55916744,144000,62.871390856000005
222,313,road,21.5610483,144000,58.680213479
223,229,road,1.166699619,144000,56.759777457
223,237,road,41.19512049,144000,20.514119643999997
224,225,road,20.64290542,144000,5.739660039999997
224,231,road,3.086285794,144000,44.974340301
225,249,road,13.33098946,144000,1.3128591850000007
225,254,road,4.216725744,144000,19.541386617
226,230,road,2.713139878,144000,90.07425401200001
227,435,road,110.7953649,144000,44.105594926999984
227,445,road,55.23752036,144000,155.42929177700003
228,229,road,2.173547331,144000,46.794876974
228,244,road,11.80864649,144000,27.524678656000006
229,311,road,22.521091,144000,6.099789636000001
230,237,road,5.094703917,144000,85.31112593399999
231,238,road,1.998068067,144000,2.965295253
231,247,road,2.088739333,144000,2.783952721000001
232,323,road,22.80091831,144000,49.898697148
233,239,road,2.034888695,144000,1.0
233,246,road,1.566311591,144000,1.0
234,239,rail,4.91764255,10000,108.10054800800002
234,270,road,36.3837417,144000,45.168349707999994
235,241,road,13.13457361,144000,116.65141159899996
235,435,rail,14.6919121,10000,113.53673461900001
236,241,road,1.244360077,144000,1.0882447909999997
236,243,road,0.696252828,144000,2.184459289
237,305,road,5.569356875,144000,84.361820018
238,242,road,0.557207322,144000,5.847016743
239,240,road,0.0,144000,4.0715262370000005
240,246,rail,0.470325951,10000,1.099965269
240,252,rail,0.498943885,10000,1.042729401
241,243,road,1.63635204,144000,1.0
242,244,road,12.12837483,144000,1.717268765
242,245,road,0.2697851,144000,6.421861187
243,271,road,44.24941604,144000,9.414717773
243,352,road,38.10410634,144000,42.502196217999995
244,260,road,5.355697527,144000,15.262623371
245,253,road,1.847084189,144000,3.2672630089999997
245,264,road,7.096764333,144000,11.780489759000002
246,248,road,0.441352467,144000,1.1579122370000001
247,251,road,1.706470041,144000,1.0
247,253,rail,0.200547376,10000,1.95254135
248,250,road,2.28626945,144000,1.0184141440000003
248,255,rail,0.293899643,10000,1.452817885
249,261,road,5.096700894,144000,17.781436317
250,255,road,3.010783951,144000,1.0
251,253,rail,0.446618685,10000,1.460398732
251,256,road,19.76338928,144000,11.620133329000005
252,255,road,0.336095225,144000,1.368426721
252,320,road,19.18182317,144000,79.57218676800001
253,304,road,10.26414848,144000,10.232242962
254,256,rail,0.701700257,10000,3.310963347
254,261,road,7.634584468,144000,1.0
254,265,rail,0.567001984,10000,3.580359893
256,265,road,3.44566162,144000,1.0
257,577,rail,0.161025619,10000,21.141906154999997
257,587,road,2.5543829,144000,7.379971130000001
257,591,road,4.437206779,144000,3.6143233719999994
258,733,road,1.955670729,144000,9.000930021
258,750,road,4.26093417,144000,4.390403138999999
258,927,road,42.42113483,144000,47.475331252000004
259,262,road,15.35650637,144000,17.654970447000004
259,300,road,13.37177086,144000,21.624441466999997
259,358,road,16.09971192,144000,32.150669238000006
259,379,road,22.45913489,144000,19.431823297999998
260,264,road,1.123396635,144000,23.727225155000003
260,316,rail,7.82121776,10000,35.18670062199999
261,292,rail,1.783831831,10000,9.397342813
262,286,road,17.34089559,144000,13.686192007000002
263,266,road,1.97332714,144000,3.6817275159999996
263,268,road,8.367778439,144000,4.325373139
263,281,road,2.555484299,144000,2.5174131980000003
264,304,road,11.55254292,144000,7.6554540819999986
265,276,rail,0.505917236,10000,11.953172003
266,270,road,2.115872397,144000,6.127040041000001
266,285,road,2.590873984,144000,2.4466338280000004
267,268,rail,0.3980201,10000,4.072260034
267,269,road,2.898358846,144000,1.8291285239999997
267,275,rail,0.398038001,10000,4.072224232
268,280,road,1.947775141,144000,1.0
269,271,road,2.225001573,144000,1.0
269,274,road,1.089091364,144000,1.5869911330000004
270,290,road,2.48035562,144000,5.3980735950000005
271,274,rail,0.451080924,10000,2.8630120129999996
272,273,road,0.38104068,144000,1.0
272,283,road,1.063475435,144000,1.3509562759999998
273,1198,road,0.005656854,144000,95.924229924
274,275,road,3.240358005,144000,1.1451302059999993
274,291,road,3.93486569,144000,1.1704577299999994
275,280,road,2.124466992,144000,1.0
275,291,road,1.864965415,144000,2.7964288520000005
276,292,road,2.473670956,144000,6.168066076000001
276,303,road,4.597410141,144000,1.920587706
277,278,road,0.008,144000,1.0
277,279,road,0.014422205,144000,1.0
278,279,road,0.012,144000,1.0
278,299,rail,0.724078725,10000,3.9385785459999996
279,283,road,1.450064826,144000,1.0
280,282,road,8.077162373,144000,4.906605270999998
280,291,road,2.536927275,144000,1.4525051319999998
281,282,road,0.112729765,144000,9.265856152
281,285,road,0.508696373,144000,6.61098905
282,302,road,3.245645082,144000,3.0000255180000006
283,284,road,0.411144743,144000,57.961936193
283,299,road,3.200592445,144000,1.0
284,289,road,108.5770513,144000,1.0
284,330,road,15.41981193,144000,27.944601819
285,290,road,3.171682834,144000,3.1171852250000005
285,301,road,2.928460346,144000,3.603630200999999
286,287,road,1.72904598,144000,2.3611187289999997
286,294,road,1.877660246,144000,2.063890197
287,288,road,1.946263086,144000,4.139308709
287,294,road,2.212504463,144000,1.3942017629999999
288,296,road,3.153261803,144000,1.7253112750000006
288,375,road,43.88084726,144000,35.849166475
289,315,road,14.0720162,144000,156.06495245199997
290,301,road,3.360407713,144000,2.739735467
290,319,road,53.32679402,144000,11.282245068000002
291,295,road,0.93235401,144000,28.168977168
292,303,road,4.044326891,144000,3.0267542060000006
293,549,road,22.01910589,144000,76.63965677600001
293,550,road,22.98884643,144000,1.0
293,582,rail,6.117399468,10000,31.231173141999996
293,656,road,34.23570826,144000,31.369807227000003
294,296,road,0.719805529,144000,1.0
294,297,road,0.302423544,144000,1.285950778
295,308,road,7.160425965,144000,15.712833258000002
295,353,road,31.02069735,144000,29.835309035
296,298,road,0.164012195,144000,1.562773476
297,298,road,0.704556598,144000,1.0
297,300,road,0.118726577,144000,48.130530033
299,339,road,8.240372079,144000,42.30348152100001
300,1224,road,0.892432631,144000,95.924229924
301,302,road,2.695784116,144000,4.099747449999999
301,474,road,56.25053536,144000,37.699117298000004
302,307,road,8.072226211,144000,13.889232766
303,328,road,14.71036913,144000,46.58776538299999
304,345,road,16.83387656,144000,17.161383022000003
305,306,road,16.97148668,144000,61.557560408
305,1182,road,1.04526743,144000,95.924229924
306,323,rail,11.30786374,10000,72.88480628800001
306,362,road,10.5214153,144000,81.861530024
307,308,road,0.008944272,144000,1.0
307,309,road,0.046861498,144000,1.0
308,309,road,0.044045431,144000,1.0
309,469,road,44.0876805,144000,3.7013427350000043
310,967,rail,1.394135037,10000,63.326515035
310,1003,road,20.68933812,144000,18.623352380000004
310,1020,road,13.06305937,144000,33.87590988
311,316,road,1.461771528,144000,3.9658149529999998
311,326,road,2.691806828,144000,1.5057443529999999
311,362,road,4.95919066,144000,3.114461576000001
312,907,road,1.529000981,144000,1.0
312,911,road,0.894706656,144000,2.135595094
312,926,road,2.39945077,144000,1.9094801369999996
312,928,road,4.990963434,144000,5.264860763000001
313,314,road,0.649716861,144000,100.502876357
314,324,road,2.082899902,144000,5.560589975000001
314,334,road,2.469118871,144000,4.788152037
315,317,road,1.586307662,144000,1.0
315,318,road,0.192052076,144000,2.883120926
316,327,road,2.270828043,144000,2.347701923
316,329,road,2.691025827,144000,2.459863018
317,318,road,1.48886534,144000,1.0
317,322,road,0.391938771,144000,158.027293648
317,342,road,10.37044975,144000,138.07027169
319,320,road,1.146532163,144000,1.2030689339999998
319,325,road,0.966167687,144000,1.5637978860000001
320,321,road,0.0,144000,3.4961332600000006
321,325,road,1.38343341,144000,1.0
321,422,road,39.52893057,144000,46.26905288500002
322,453,road,46.14983341,144000,29.53608691000001
322,456,road,35.00115221,144000,51.833449310000006
323,396,road,55.75982385,144000,1.0
323,439,road,32.13742796,144000,40.209515268000004
324,333,road,3.588127645,144000,2.5501344890000004
324,343,road,43.36507429,144000,36.93839567199999
325,473,road,39.12987529,144000,47.067163445000006
326,327,road,0.46495161,144000,5.959454789
326,335,road,1.059056184,144000,54.585299744000004
326,362,road,5.381845408,144000,2.2691520799999996
327,332,road,0.620322497,144000,6.6012696779999995
328,338,road,3.27464563,144000,1.0
328,341,road,2.932379239,144000,1.0
329,331,road,2.124904704,144000,1.0
329,336,road,1.105484509,144000,1.555661046
329,345,rail,10.80707644,10000,29.214983262
330,371,road,12.72858641,144000,2.851287033
330,374,road,10.61343488,144000,7.081590092999999
331,332,road,0.618012945,144000,6.605888781999999
331,336,rail,0.536240851,10000,2.694148362
333,334,road,1.586243361,144000,6.553903057
333,365,road,18.72593293,144000,64.35044421900001
335,395,rail,5.288065927,10000,46.127280258000006
335,418,road,63.76741739,144000,1.0
336,424,road,36.60205595,144000,1.0
337,1028,rail,0.036912058,10000,1.0
337,1030,road,0.045650849,144000,1.0
337,1031,rail,0.034669872,10000,1.0
338,341,rail,0.42630095,10000,5.780723919
338,344,road,2.250390188,144000,3.0956147330000006
339,340,rail,2.457708282,10000,53.868809115000005
339,1093,road,1.672010766,144000,95.924229924
340,346,rail,1.915222246,10000,10.622462312
340,360,road,9.357994016,144000,1.0
341,343,road,1.883029474,144000,3.830336161
342,374,rail,23.56991313,10000,111.67134492999998
343,344,road,3.036674497,144000,1.5230461149999996
343,351,road,3.558258001,144000,3.800898151999999
344,345,road,2.093036072,144000,3.84206099
344,347,road,1.028250942,144000,5.97163125
345,350,road,2.594679171,144000,2.8387747919999997
346,348,road,2.470122264,144000,3.4527882590000005
346,356,road,2.609592305,144000,3.1738481769999995
347,350,road,2.312166949,144000,3.4037992360000002
347,351,road,3.294230714,144000,3.0480478960000004
348,349,road,1.659397481,144000,3.618904422
348,355,road,1.807093799,144000,3.3235117859999996
348,1183,road,1.494657151,144000,95.924229924
349,357,road,1.434232896,144000,2.5412235699999997
349,359,road,2.221232991,144000,1.0
350,351,road,4.030111661,144000,1.576286001999999
350,430,road,26.85369561,144000,12.514595619999998
351,413,road,40.59414564,144000,59.337703757999996
352,353,road,0.017888544,144000,1.0
352,354,road,0.303644529,144000,1.0
353,354,road,0.307050484,144000,1.0
354,361,rail,0.181969778,10000,91.512764179
355,356,road,1.506224419,144000,3.280205642
355,357,road,2.036975208,144000,2.863748968
355,363,road,2.079417226,144000,2.133820028
356,360,road,0.570098237,144000,5.152458006
357,359,road,1.754223475,144000,1.901242412
357,367,road,2.196091984,144000,3.254847219999999
358,365,road,2.279959649,144000,5.627373348000001
358,373,road,4.081889758,144000,2.0235131299999995
359,364,road,2.408294002,144000,4.7350050150000005
360,363,road,2.136914598,144000,2.0188252839999996
360,370,road,3.139343243,144000,3.206962086
361,460,road,68.22522185,144000,6.470115118999999
361,470,rail,8.677724356,10000,28.308118005000004
361,1218,road,12.81129705,144000,20.040972617
363,369,road,0.908469042,144000,1.0
363,579,rail,0.253278996,10000,2.084847371
364,367,road,3.192983558,144000,3.1656259030000005
364,377,road,2.692069093,144000,6.373853077
365,366,road,0.002828427,144000,10.181635791999998
366,373,road,3.822614812,144000,2.5420630220000002
366,392,road,17.93583062,144000,41.05907388600001
367,579,road,1.081267774,144000,5.4844956400000004
368,369,road,0.987078518,144000,1.0
368,385,rail,1.734942074,10000,6.9192632640000005
368,579,road,0.442578807,144000,1.7062477489999999
369,370,road,3.300921689,144000,2.883805194
370,372,road,3.872000517,144000,1.070349201
370,376,road,1.625626033,144000,5.563098169
371,372,road,5.234202136,144000,43.029424295999995
371,374,road,4.966438563,144000,3.1291103500000004
371,380,road,4.154872321,144000,4.752242834
372,376,road,3.316723685,144000,2.1809028649999997
373,379,road,21.70935651,144000,20.931380058000002
373,447,road,21.15622698,144000,34.618281166
374,380,road,3.940676592,144000,5.180634292
374,1226,road,25.03035245,144000,95.924229924
375,381,road,2.52992411,144000,118.551012775
375,1191,road,3.8008257,144000,95.924229924
376,387,road,11.27513743,144000,1.0
377,385,road,2.614149957,144000,5.160847498000001
377,491,road,53.30674224,144000,1.0
377,579,road,5.597476574,144000,1.0
378,382,road,0.889406544,144000,4.468723391
378,388,road,2.832713187,144000,1.0
378,1207,road,0.359805503,144000,95.924229924
379,390,road,20.92301967,144000,3.6713370790000006
379,394,road,16.69549987,144000,12.126376679
380,391,rail,0.873534487,10000,51.750759593999994
381,383,road,1.020156851,144000,54.477990129000005
381,386,road,4.334965282,144000,47.84837326700001
382,383,road,0.068,144000,1.0
382,384,road,0.095519631,144000,1.0
383,384,road,0.064404969,144000,1.0
384,388,road,2.429897117,144000,1.387742245
385,387,road,0.674020771,144000,18.249684973
386,390,road,11.97064175,144000,16.763195541
386,426,road,18.53089312,144000,3.6426928009999955
387,389,rail,0.104098511,10000,53.289631546
388,393,road,8.587966465,144000,20.015974213999996
388,423,road,12.36508148,144000,12.461744183999997
389,417,road,12.59723684,144000,20.094945484
389,434,road,16.43428721,144000,12.420844744
390,394,road,7.898856879,144000,24.906765283
391,419,road,12.48615137,144000,12.222191108000002
391,428,road,12.18009721,144000,12.834299428000001
392,405,road,9.487665466,144000,8.398340048000001
392,427,road,9.713984147,144000,7.945702685999999
393,401,road,3.349142577,144000,30.493621990000005
394,407,road,8.112616594,144000,1.0
394,426,rail,2.304087292,10000,11.752752505999998
395,432,road,55.38363441,144000,16.788134517000003
395,436,rail,6.395204219,10000,43.913003674
395,498,road,23.91111557,144000,12.902058834999998
396,397,rail,0.035128336,10000,1.0
396,398,road,0.114629839,144000,1.0
396,412,road,2.64319882,144000,1.0
397,398,road,0.183051905,144000,1.0
397,422,rail,0.663683848,10000,4.267874932
398,399,road,0.429385608,144000,4.427862277
399,404,road,2.604514542,144000,1.0
399,409,rail,0.204549505,10000,4.877534483
400,403,road,12.31528644,144000,8.041536950000003
400,441,road,8.66885598,144000,15.33439787
400,1189,road,1.943544185,144000,95.924229924
401,402,road,0.892726162,144000,35.40645481999999
401,1185,road,0.757606758,144000,95.924229924
402,403,road,0.820365772,144000,63.46056450399999
402,423,road,11.99699046,144000,13.197926224
402,1220,road,0.165746795,144000,95.924229924
403,448,road,9.325642284,144000,14.020825261999999
404,414,road,1.785802901,144000,2.904190398
404,422,road,1.747900455,144000,2.0994417180000005
405,406,road,0.17961069,144000,1.0
405,408,road,0.40428208,144000,1.0
406,408,road,0.36779342,144000,1.0
406,413,road,3.088521329,144000,1.6221315409999995
407,440,rail,3.058778351,10000,10.243370387999999
407,446,road,25.15168066,144000,47.096000055000005
408,416,road,1.372428505,144000,5.054317189
409,410,rail,0.041764219,10000,1.0
409,411,road,0.090022219,144000,1.0
410,411,road,0.140014285,144000,1.0
410,412,road,1.853105502,144000,1.580422489
411,414,road,1.790907033,144000,2.893982134
412,455,rail,10.03185114,10000,84.420668908
413,416,road,2.970430945,144000,1.858312309
414,479,road,40.2832814,144000,44.760351225
415,616,road,32.04633427,144000,1.0
415,699,rail,6.075748946,10000,37.444849108999996
415,713,road,8.602028598,144000,32.392289805000004
416,427,road,6.395310782,144000,14.583049415999998
417,431,road,5.912782763,144000,3.693397364
417,442,road,4.715947413,144000,6.087068063999999
418,432,road,3.11628561,144000,9.623431071
418,443,road,6.110548584,144000,3.6349051229999993
419,421,road,0.939531798,144000,35.315430252000006
419,457,road,59.16886455,144000,13.081181356999998
420,669,road,1.977088769,144000,1.083782982
420,677,road,0.004472136,144000,1.0
420,678,rail,0.092001359,10000,1.0
421,428,road,11.58871347,144000,14.017066907999999
421,513,road,42.57253359,144000,46.273843277000005
423,429,road,2.665167912,144000,51.187968007
424,430,road,4.759694948,144000,56.70259694399999
424,436,road,5.119501929,144000,46.46440825399999
425,445,road,32.86437445,144000,7.9871665100000016
425,459,road,63.2283005,144000,139.447731497
425,481,road,12.04931882,144000,49.61727777
426,437,road,1.6876137,144000,4.4021245229999995
426,440,road,2.885444853,144000,2.006462217
427,463,road,21.55793775,144000,33.81485962600001
427,485,road,16.63721539,144000,50.08583676700001
428,431,rail,1.872040731,10000,49.753747106000006
428,752,road,101.8972236,144000,17.29003064199999
429,437,road,13.4201234,144000,6.598072134000001
429,468,road,11.03365125,144000,11.371016434
430,451,road,5.991755002,144000,95.87765372699998
431,442,road,4.890232714,144000,5.7384974620000015
432,433,rail,0.0,10000,15.856002291
433,444,road,4.869321513,144000,5.750377769999999
433,462,road,4.926410864,144000,5.636199068000001
434,466,road,6.889470807,144000,26.384946725
434,489,road,18.37400991,144000,3.4158685189999964
435,459,road,3.778772287,144000,135.36301424499996
436,501,road,23.06657304,144000,14.591143894999995
437,440,road,3.20429337,144000,1.3687651830000003
437,468,road,8.984544284,144000,15.469230366
438,439,road,0.048083261,144000,8.466621701
438,449,road,1.56246216,144000,4.018171302
438,452,road,2.982630383,144000,1.1778348560000005
439,443,road,1.415074556,144000,5.732639110999999
440,454,road,1.355958701,144000,95.924229924
441,448,road,2.362325126,144000,27.947459578
441,531,road,34.77482336,144000,33.671430914
442,466,rail,4.652476894,10000,35.984465376
443,444,road,1.759846584,144000,5.043095054999999
444,450,road,1.03330344,144000,6.496181342999999
445,481,road,28.80222214,144000,16.111471129999995
445,483,road,43.44405584,144000,169.154472823
446,447,road,4.573980761,144000,2.428704001
446,465,rail,1.209947313,10000,9.156770897
447,461,road,2.04413796,144000,4.401947658000001
447,464,road,3.262432222,144000,1.9653591339999998
448,472,road,17.80911059,144000,29.483074868
449,450,road,2.744018222,144000,3.074751779
449,452,road,2.598003079,144000,1.9470894639999998
450,462,road,4.659984979,144000,6.169050838000001
451,499,road,19.98548473,144000,52.699762531000005
452,455,road,0.881355774,144000,102.72165964
453,456,road,40.68476811,144000,40.46621751
453,457,rail,1.85980913,10000,155.09155293
454,1197,road,0.713450769,144000,95.924229924
455,477,road,4.70136193,144000,144.253954429
456,483,road,58.49359777,144000,188.53277953699998
457,510,road,25.3532891,144000,80.712332257
458,857,road,31.65939355,144000,306.14595049099995
458,1042,road,50.18217827,144000,32.124810309999994
458,1045,rail,11.34339713,10000,109.80237259
459,460,road,2.864006285,144000,137.192546249
460,475,road,82.54864185,144000,1.0
461,463,road,0.700002857,144000,7.0902178639999995
462,509,road,50.60366757,144000,43.037211316
463,464,road,2.483650539,144000,1.0
463,467,rail,0.854867387,10000,3.453310488
464,465,road,2.726906672,144000,1.291349909
464,467,road,1.824527336,144000,1.5139905900000001
465,467,road,2.193729245,144000,2.357704763
465,492,road,8.226692653,144000,35.245939976
466,488,road,6.055782361,144000,28.052323617
467,497,road,8.92817585,144000,33.842973582
468,480,road,5.099566256,144000,5.838162425999999
468,490,road,5.030833728,144000,5.975627482000001
469,470,rail,0.397109871,10000,2.880734954
469,471,road,4.194581743,144000,1.0
469,476,rail,0.353156127,10000,2.968642442
470,475,road,1.280099996,144000,1.1147547039999999
471,474,road,34.85251859,144000,80.49515083799999
471,478,road,3.861411141,144000,1.2051715999999995
472,480,road,6.350801524,144000,6.982053384000001
472,493,road,6.152885827,144000,7.377884778
473,474,road,24.45806877,144000,117.30716110599998
473,479,road,1.673086967,144000,121.98074009100002
475,476,road,1.644588702,144000,1.0
475,482,road,1.849277697,144000,1.2040054359999999
476,478,road,0.518844871,144000,3.538667585
476,482,road,1.408694431,144000,1.758968465
477,542,road,33.12421833,144000,79.46597010299999
477,550,road,49.88739276,144000,45.93962124299999
478,484,road,1.515790223,144000,1.544776881
479,548,road,31.77836761,144000,102.66656342600001
480,490,road,5.906894954,144000,4.22350503
480,493,road,7.179969081,144000,5.32371827
481,639,road,65.57742599,144000,124.88773252300001
482,484,road,1.133027802,144000,2.3103017230000003
483,653,road,71.43696304,144000,113.16865842300001
484,487,road,1.308557985,144000,163.606182676
485,497,road,35.38207117,144000,12.596125207
486,869,road,0.955340777,144000,1.1023332149999998
486,872,road,4.294419169,144000,1.0
486,874,road,1.104523427,144000,1.0
486,877,rail,0.619501816,10000,7.083262993
487,548,road,66.77549736,144000,32.67230392600001
487,566,road,40.08652247,144000,86.36009733700001
488,489,road,8.844625261,144000,22.474637817
488,590,road,62.83389786,144000,1.0
489,491,rail,5.16166262,10000,68.975963874
489,565,rail,13.00911113,10000,53.28106685400001
490,494,road,2.456329782,144000,80.304087976
491,556,road,41.19292876,144000,1.0
492,502,road,12.02578646,144000,27.647752362000006
493,528,road,21.45825063,144000,42.30024628000001
494,495,road,2.741664458,144000,1.2662627240000006
494,496,road,0.746967201,144000,5.2556572379999995
495,496,road,3.260959981,144000,1.0
495,500,road,2.85262686,144000,5.866583757
496,500,road,5.458250636,144000,1.0
497,514,road,14.41650304,144000,22.866319202
497,545,road,22.79728914,144000,85.498174557
498,501,road,7.351397146,144000,6.594088006
498,509,road,9.419718042,144000,7.153914899
498,517,road,6.02914853,144000,9.238585238000002
499,503,road,5.868337414,144000,80.934057163
499,525,road,42.45722421,144000,22.946715311
500,512,road,7.122153045,144000,70.97244144999999
501,518,road,6.99318983,144000,7.310502638000001
501,525,road,6.480929872,144000,8.446456143999999
502,506,road,2.44644722,144000,1.0
502,507,road,2.141435033,144000,1.0
502,514,road,5.908438034,144000,3.4122766490000007
503,504,rail,0.218959471,10000,1.5608222969999999
503,505,road,0.919760838,144000,1.0
504,505,road,0.86002093,144000,1.0
504,508,road,1.679834516,144000,1.179956401
505,508,road,1.999769987,144000,1.0
505,594,road,42.17317764,144000,85.07113813800001
506,507,road,0.46389654,144000,4.123985713
506,511,road,3.047635149,144000,3.9111701030000003
507,515,road,1.827261339,144000,6.351917723
508,516,road,9.48102716,144000,73.708677671
509,522,road,9.248999946,144000,7.495351091000002
510,513,road,3.384691419,144000,2.8648017030000004
510,524,road,3.97959797,144000,1.6749886010000004
511,512,road,11.05402189,144000,76.50539144300001
511,515,road,4.667647373,144000,1.0
512,530,road,24.22082823,144000,36.775091079999996
513,524,road,2.269895152,144000,5.0943942369999995
514,515,road,5.352018311,144000,4.525116095
514,1228,rail,0.411062647,10000,95.924229924
514,1229,road,5.081370288,144000,95.924229924
516,546,road,49.7886755,144000,31.515401837000013
517,518,road,0.923146792,144000,1.016811032
517,520,road,0.653094174,144000,1.5569162680000002
517,522,road,1.295484465,144000,1.0
518,519,road,0.287680378,144000,2.28774386
519,521,road,0.587649555,144000,1.6878055060000001
519,525,road,7.646515808,144000,6.115284272
520,521,road,0.411533717,144000,1.279391591
520,523,road,0.638376065,144000,1.0
521,526,road,0.886324997,144000,1.0
522,523,road,0.552268051,144000,2.034686653
523,526,rail,0.166224246,10000,1.770010533
524,622,road,70.09867688,144000,188.16410530699997
526,527,road,0.512765053,144000,152.631148183
527,529,road,16.68654464,144000,115.80798528
527,596,road,43.54049449,144000,62.10008558
528,530,road,11.2780305,144000,17.942545101
528,533,road,18.96379034,144000,8.622350690000001
528,551,road,10.04894761,144000,20.400710881000002
529,567,rail,8.935192359,10000,131.31068984200002
529,1096,road,0.910817215,144000,95.924229924
530,552,road,15.63471471,144000,9.229176680999998
531,533,road,1.699891761,144000,47.848519573000004
531,534,rail,0.541738867,10000,50.164825361
532,535,road,2.569324425,144000,1.0
532,537,rail,0.371222642,10000,3.6697168060000003
532,538,road,2.163856742,144000,1.0
533,553,road,16.81238448,144000,12.925162410000002
534,535,road,0.470106371,144000,7.256189171000001
534,541,road,1.657966224,144000,4.880469465
535,537,road,2.28123826,144000,1.0
536,957,road,16.29633345,144000,33.522118209
536,1003,road,2.000001,144000,3.0053157949999996
536,1013,road,1.483559234,144000,4.038199327000001
537,539,road,0.457060171,144000,3.4980417480000003
538,539,road,1.420022535,144000,1.5721170200000005
538,543,road,0.608266389,144000,12.419484519
539,540,road,1.153533701,144000,5.889334511
540,541,road,2.176497186,144000,3.843407541
540,1193,road,0.067911707,144000,95.924229924
541,547,road,3.478597419,144000,6.678822459000001
542,567,road,18.24207411,144000,34.26133216000001
542,618,rail,9.089937142,10000,52.565606095999996
543,544,road,1.675205062,144000,10.285607172999999
543,688,rail,11.87967483,10000,80.584025995
544,547,road,3.123895005,144000,7.388227286999999
544,1192,road,0.446425806,144000,95.924229924
544,1225,road,1.12436471,144000,95.924229924
545,546,road,2.889011596,144000,83.988813674
545,558,road,20.06054595,144000,49.645744965999995
546,576,road,15.61243018,144000,58.541976506
547,560,road,20.39512275,144000,10.458057595
547,1223,road,4.995894715,144000,95.924229924
548,549,road,2.328030928,144000,151.785872302
548,575,road,56.69022057,144000,43.061493017999986
549,649,road,37.28346148,144000,46.11094559600001
550,582,road,14.35972618,144000,14.746519717999998
551,553,road,0.72480894,144000,1.457045311
551,554,road,1.127696768,144000,1.0
552,555,road,2.120045283,144000,36.258515535
552,558,road,50.23288206,144000,17.55639181899999
553,554,road,1.054157483,144000,1.0
553,560,road,6.662601594,144000,4.611409948
554,555,road,0.28917123,144000,17.358270676
555,561,road,6.647603177,144000,4.641406782
556,557,road,1.823877189,144000,1.0
556,559,road,1.111802141,144000,1.9256416920000001
556,574,road,7.365010523,144000,6.071534446
557,559,road,1.213566644,144000,1.7221126860000002
557,568,rail,2.900138359,10000,10.2950354
558,581,road,15.13809631,144000,59.490644245999995
559,569,road,11.41364937,144000,1.0
559,573,road,8.034192928,144000,4.733169636000001
560,561,road,3.283079652,144000,3.7062554040000006
560,571,road,4.505705272,144000,1.261004164
561,562,road,1.021379459,144000,8.229655789999999
562,563,road,0.103247276,144000,1.0
562,564,rail,0.0205,10000,1.0
563,564,road,0.092347171,144000,1.0
563,570,road,2.963825231,144000,1.6725050090000004
564,571,road,1.441750325,144000,4.716654821
565,578,road,5.300809372,144000,2.690779206
565,580,road,3.389320876,144000,6.5137561979999985
566,575,road,2.980901877,144000,88.41068637200001
566,645,road,26.26092611,144000,41.850637906
567,606,road,13.28313517,144000,44.17921004
568,569,road,0.567957745,144000,3.629639976
568,577,road,2.21269067,144000,1.0
569,577,road,1.984907051,144000,1.0
570,571,road,3.102232744,144000,1.3956899830000005
570,597,road,30.30479896,144000,27.267087981000003
571,589,road,5.590328792,144000,76.696028317
572,573,road,0.982130338,144000,8.234915602
572,574,road,3.308419562,144000,14.184716367999997
572,584,road,4.905800648,144000,1.0
573,583,road,3.816985198,144000,2.5652058819999994
574,578,road,7.269766709,144000,35.523356785
574,592,road,6.565101675,144000,9.461562763
575,617,road,24.16311404,144000,46.04626204600001
576,581,road,36.06675283,144000,17.633331206
576,614,road,15.3023972,144000,134.86948323000001
578,580,road,4.602267702,144000,4.087862545999999
580,590,rail,0.923640217,10000,48.215609769
581,597,road,9.490278183,144000,99.041599573
582,619,road,37.27367586,144000,25.293872027000006
583,586,road,0.492260094,144000,9.214656089999998
583,1194,road,0.096083297,144000,95.924229924
584,585,road,0.006324555,144000,1.0
584,586,road,0.002,144000,1.0
585,586,road,0.004472136,144000,1.0
585,587,road,0.074242845,144000,21.315471703
587,588,road,1.209786758,144000,10.069163414000002
588,591,road,4.287360493,144000,3.914015944
588,595,road,4.326275534,144000,13.939215044999997
589,641,road,18.10716919,144000,17.085296502
589,655,road,25.33980016,144000,2.6200345620000007
590,620,road,13.09644486,144000,23.870000483
591,811,rail,16.65065333,10000,50.96389944600001
592,593,road,1.657377446,144000,19.277011221000002
592,1190,road,1.416165245,144000,95.924229924
593,595,rail,0.53843709,10000,3.652085968
593,601,road,3.384312633,144000,1.0
594,598,rail,0.542791166,10000,111.24058014900001
594,614,road,56.28781357,144000,1.0
595,601,rail,0.806210425,10000,3.116539298
596,600,road,1.608420343,144000,5.818192623
596,602,road,4.472995417,144000,1.0
597,661,road,23.25371179,144000,41.369262320999994
598,602,road,19.80945683,144000,20.140548472000003
598,646,road,15.37137925,144000,29.016703632
599,606,road,29.31609101,144000,56.113089404
599,610,road,32.49306166,144000,42.526692568999984
599,712,road,30.35081949,144000,46.811176909000004
600,603,rail,0.580324478,10000,3.218881297
600,604,road,1.374557383,144000,1.6304154870000005
600,608,road,2.381617937,144000,1.0
601,607,road,2.001044727,144000,46.060800748999995
602,603,road,2.373293071,144000,2.529707758
602,611,road,2.392530042,144000,2.491233816
603,605,road,2.143273198,144000,1.0
603,609,road,1.118107329,144000,2.75052728
604,605,road,0.281375194,144000,3.816779865
604,608,road,1.463488982,144000,2.292686338
604,613,road,1.773706853,144000,2.7392354250000004
605,609,road,1.725361411,144000,1.536019116
606,612,road,1.250849311,144000,68.243781758
607,615,road,2.756697299,144000,44.54949560499999
607,1205,road,2.334345304,144000,95.924229924
608,610,road,0.936516951,144000,4.413615229
609,611,road,1.392363458,144000,4.491566984
610,613,road,2.112936345,144000,2.0607764410000002
611,646,road,22.18609601,144000,15.387270111999996
612,624,road,23.00220024,144000,24.741079900000003
612,681,road,17.20903542,144000,37.584634799999996
613,719,road,28.07444767,144000,36.576411814
614,616,road,0.592141875,144000,111.141878731
615,621,road,8.760309127,144000,11.605780667000001
615,644,road,9.472625824,144000,10.181147272999999
616,699,road,18.00983309,144000,20.112250126
617,651,road,31.59107779,144000,5.758623408000005
617,659,road,15.87086135,144000,37.199056288
618,619,road,1.979456491,144000,5.859715867
618,623,road,3.338690162,144000,3.141248525000001
618,624,road,5.877284407,144000,1.0
619,623,road,4.500482196,144000,1.0
619,632,road,1.866069666,144000,8.278445647
620,621,road,1.085592926,144000,1.425201665
620,628,road,1.138771268,144000,1.318844981
621,628,road,1.372023323,144000,1.0
622,657,road,48.09590906,144000,24.767383390000006
622,776,road,36.41206229,144000,48.13507692999999
623,627,road,0.448111593,144000,11.114361793
624,630,road,1.577411804,144000,2.2036569439999996
624,634,road,1.332669501,144000,2.69314155
625,626,road,0.032249031,144000,1.0
625,627,road,0.056920998,144000,1.0
625,630,road,0.876002283,144000,1.0
626,627,road,0.02607681,144000,1.0
626,633,road,0.466004292,144000,1.355947165
627,629,road,3.073754707,144000,1.2538823199999998
628,644,road,9.521440647,144000,10.083517626999997
628,752,road,61.31480793,144000,98.45486198200001
629,632,road,2.122166817,144000,1.1015683550000004
629,635,rail,0.499207622,10000,4.347486745
630,631,rail,0.00509902,10000,2.277757709
631,633,road,0.908601123,144000,1.0
631,634,road,2.443300227,144000,1.0
632,636,rail,0.549280438,10000,4.247341113
632,642,road,8.481871963,144000,1.0
633,635,road,3.336348303,144000,1.0
634,637,road,2.915777769,144000,1.5211736709999997
634,638,road,1.707119211,144000,3.938490786999999
635,636,road,2.175247112,144000,1.0
635,640,road,0.979846927,144000,3.176208101
636,640,road,1.980807916,144000,1.1742861230000001
636,642,road,8.077437713,144000,1.0
637,638,road,2.729832229,144000,1.8930647510000003
637,681,road,27.54302271,144000,16.91666022
637,734,road,21.90421375,144000,53.654649033
638,640,road,6.032490696,144000,3.3427250950000005
639,643,road,1.567322558,144000,65.91350108500001
639,716,road,17.58092239,144000,33.886301421
641,647,road,3.609740711,144000,95.924229924
641,648,road,2.09483269,144000,14.255177985
641,654,road,7.026136919,144000,4.392569527
642,656,rail,11.86649853,10000,76.108226687
643,702,road,22.24348174,144000,24.561182721
643,1196,road,1.123836287,144000,95.924229924
644,802,rail,8.945895274,10000,66.37341555800002
645,674,road,18.07072605,144000,58.23103802599999
645,702,road,121.4980834,144000,173.22967707700002
646,666,road,3.20942674,144000,86.306453674
648,660,road,2.832658116,144000,12.779527132999998
648,661,rail,5.423611735,10000,19.523930145
649,650,road,0.292027396,144000,8.90463474
649,670,road,3.986381316,144000,1.5159268999999993
650,651,road,4.094001954,144000,3.5632845069999997
650,673,road,2.622502622,144000,4.243684288
651,652,road,0.0,144000,11.751288415000001
652,669,road,2.514064438,144000,5.012104508
652,685,road,3.582203233,144000,2.875826918000001
653,657,road,8.358848007,144000,215.47063790500002
653,732,rail,24.06319102,10000,184.061951879
654,655,road,2.826528613,144000,13.105936260000004
654,664,road,2.242431716,144000,13.959979933000001
655,658,road,2.981749822,144000,1.9011181810000006
655,675,road,2.721605409,144000,2.4214070069999996
656,670,road,23.15321161,144000,74.37144533600001
657,776,road,36.45123016,144000,48.05674118999999
658,675,road,2.161262594,144000,3.5420926369999997
658,711,road,21.1954329,144000,10.400976274000001
659,667,road,1.920376005,144000,1.071456135
659,672,road,2.126871881,144000,1.0
660,662,road,0.982783801,144000,1.0
660,668,road,0.557842272,144000,1.346733263
661,715,rail,3.970112121,10000,22.430929372999998
662,663,road,3.05258972,144000,12.339663925
662,668,road,0.921791734,144000,1.0
663,664,road,0.213410403,144000,1.0
663,665,rail,0.047185803,10000,1.0
664,665,road,0.215257985,144000,1.0
665,697,road,6.296907495,144000,6.1651784959999985
666,671,rail,0.704100135,10000,1.7605319169999998
666,676,rail,0.491564085,10000,2.1856040169999997
666,695,road,4.641608342,144000,1.2417594699999999
667,672,rail,0.864960259,10000,3.182287627
667,679,road,14.55440689,144000,39.831965208
668,709,road,9.133012646,144000,7.000438501
669,683,road,1.297747279,144000,2.442465962
670,673,road,2.587778198,144000,4.313133135999999
671,682,road,3.660489585,144000,5.906639351999999
671,687,road,1.493801861,144000,1.0
672,674,rail,4.899088818,10000,84.57431249000001
673,678,rail,0.451629273,10000,5.493301492
673,693,road,2.944097824,144000,1.0
674,1091,road,0.155794737,144000,95.924229924
675,696,road,3.361014728,144000,12.036964029999996
676,687,road,0.479266106,144000,2.210199975
676,690,road,1.121976827,144000,8.2810225
677,680,road,0.623503007,144000,1.0
677,686,road,0.212037732,144000,1.0
678,684,road,0.202,144000,1.0
679,685,road,1.42185372,144000,25.041059974999996
679,737,road,12.80321522,144000,2.278336975
680,683,road,1.135149329,144000,2.7676618620000006
680,686,road,0.640852557,144000,1.0
681,689,road,1.570866003,144000,94.321344527
682,699,rail,13.94818707,10000,41.160548373
682,700,road,3.644105926,144000,5.93940667
683,685,road,2.646218434,144000,4.747796516000001
683,692,road,2.146895433,144000,2.4187564650000004
684,686,road,0.408240125,144000,1.0
684,691,road,1.237109534,144000,3.9223409699999996
685,707,road,4.913309272,144000,3.106785748000001
687,700,road,4.42922115,144000,2.465314157
688,711,road,7.656461062,144000,89.03045353099999
689,712,road,35.04761019,144000,39.452904515
689,775,road,19.87020694,144000,57.722662653
690,694,road,3.127714821,144000,4.269546512
690,704,road,3.442590885,144000,4.438574687000001
691,692,road,1.271416533,144000,4.169714265
691,693,road,1.561723407,144000,3.2731132240000003
692,706,road,2.964688854,144000,4.510228763000001
693,706,road,4.641777677,144000,1.1560511169999987
693,915,rail,12.45231806,10000,82.621538966
694,695,road,1.142112079,144000,8.240751996
694,704,road,5.042545389,144000,1.5277603170000003
695,725,road,28.0484704,144000,26.920658011
696,698,road,0.418960619,144000,4.510231259
696,701,road,2.390983061,144000,1.0
697,698,road,0.676286921,144000,17.406419644
698,701,road,2.538208817,144000,1.0
698,705,road,1.70615943,144000,6.766994423
699,765,road,14.65992537,144000,20.276496261000002
700,704,road,1.850701489,144000,7.622353478999999
700,747,rail,7.259060339,10000,23.224435301999996
701,708,road,1.953214786,144000,6.272883711
702,728,road,24.39257149,144000,20.263003221000005
703,741,road,1.869951871,144000,1.0
703,750,road,1.492648653,144000,1.6959510099999997
703,909,road,37.98525324,144000,43.744245109
704,714,road,7.706767156,144000,22.329021668000003
705,709,rail,3.432530044,10000,18.401403704999996
705,710,rail,0.770210361,10000,8.638892561
706,707,rail,0.262292299,10000,12.408819694
707,721,road,7.39150323,144000,13.101760955000001
708,710,road,3.211519889,144000,3.756273505000001
708,717,road,18.05557964,144000,16.680682794000003
709,715,road,8.453916725,144000,13.463320164999999
710,784,rail,4.107448874,10000,31.653259249
711,717,road,3.674354365,144000,45.443133344
712,723,road,11.35448053,144000,84.80385482899999
713,722,road,35.89715515,144000,21.671197944
713,779,road,12.45999502,144000,24.676356960999996
714,742,road,5.102113288,144000,1.0
714,744,rail,1.767264129,10000,4.345920373
715,722,road,8.214117847,144000,38.00737470600001
715,788,road,17.86618762,144000,4.135781757
716,727,road,3.077375505,144000,3.5039882309999992
716,731,road,3.351212915,144000,2.9563134109999996
717,718,road,0.835648251,144000,66.23445232
718,720,road,0.600866042,144000,1.0
718,724,road,0.737791298,144000,1.0
719,723,road,3.127070194,144000,1.0
719,725,road,1.392451076,144000,3.8287134459999996
719,726,road,1.232404154,144000,4.14880729
720,724,road,0.190157829,144000,1.1484995110000003
720,745,road,10.28524166,144000,1.0
721,737,road,1.354885973,144000,5.464759311
721,746,road,3.813490265,144000,1.0
722,764,road,5.643661223,144000,43.148287954000004
723,726,road,2.512774562,144000,1.8466997859999998
723,735,road,1.858827587,144000,5.4511011929999995
724,743,road,5.714196356,144000,10.07369365
725,733,road,1.351422954,144000,3.9107696899999986
726,736,road,0.442651104,144000,5.728313389999999
727,728,road,0.186472518,144000,1.0
727,729,rail,0.034946388,10000,1.0
728,729,road,0.192665513,144000,1.0
729,730,road,1.340854951,144000,6.977029339
730,731,road,1.854349482,144000,1.0
730,739,road,1.625290128,144000,1.3853364079999997
731,732,road,1.786591168,144000,1.0
731,738,road,0.763497217,144000,3.0362437220000005
732,738,road,2.013149771,144000,1.0
733,736,road,2.19468631,144000,2.2242429780000004
733,742,road,36.94794549,144000,9.121707830999988
734,775,road,26.57476713,144000,7.8569829989999995
734,780,road,8.339509818,144000,44.327497623
735,741,road,1.172170636,144000,6.824415095000001
736,741,road,3.182332478,144000,2.804091411
737,746,road,3.006155019,144000,2.1622212190000005
738,739,road,0.392779837,144000,1.0
738,740,road,0.208038458,144000,1.0
739,740,road,0.388108232,144000,1.0
739,844,road,61.11001646,144000,1.0
740,857,rail,6.461845267,10000,108.976480385
741,750,road,1.318647792,144000,2.043952732
742,744,rail,1.011071214,10000,5.858306203
742,901,road,35.08963836,144000,59.526229571999984
743,749,road,3.963746208,144000,4.703952663999999
743,769,road,3.962062594,144000,4.707319892
744,763,road,17.48964242,144000,2.763271139999997
745,748,road,0.572380992,144000,17.153398857000003
745,771,road,8.290265376,144000,1.717630089
746,813,road,24.49240013,144000,58.541374826
747,751,road,3.826441166,144000,1.0
747,754,rail,0.320850822,10000,3.3517673140000004
747,763,road,2.324348511,144000,1.0
748,749,road,0.776363317,144000,1.3553330410000002
748,755,road,1.206610128,144000,1.0
749,753,road,0.80374374,144000,1.3005721949999998
749,759,road,1.236816882,144000,1.0
751,757,road,2.701295985,144000,1.2910261320000007
751,765,road,25.95587741,144000,17.145167693000005
751,766,road,1.797547218,144000,3.098523666
752,840,rail,7.222481031,10000,323.0521877610001
753,755,road,0.12134249,144000,1.0
753,756,road,0.121061968,144000,1.0
754,757,road,0.567619591,144000,2.483600692
754,761,road,1.075174404,144000,1.4684910660000001
755,756,road,0.002,144000,1.0
755,760,road,0.222638721,144000,1.0
756,758,road,0.115377641,144000,1.0
757,762,road,0.348539811,144000,2.9217602519999994
758,759,road,0.731551775,144000,1.5454484560000001
758,760,road,0.222396043,144000,1.0
759,769,road,3.468819396,144000,5.693806287999999
760,768,rail,0.267698524,10000,17.762763793
761,762,road,1.627506068,144000,1.0
761,763,rail,0.273095221,10000,3.447278516
762,766,road,1.846235088,144000,3.001147926
762,772,road,2.774510407,144000,1.6097562019999998
763,772,road,3.891871015,144000,1.0
764,767,road,5.632651241,144000,77.530389085
764,788,road,22.71164371,144000,9.01232298
765,782,rail,6.616204142,10000,36.363938716999996
765,842,road,20.57111081,144000,26.315633477999995
766,772,road,2.538031521,144000,2.0827139740000002
767,787,road,21.95103387,144000,49.563440504
767,838,road,23.96512082,144000,40.865449927
768,777,road,4.889216297,144000,8.519728247
768,1204,road,0.16011246,144000,95.924229924
769,770,road,1.838334028,144000,2.1030246339999996
769,773,road,1.291857577,144000,3.195977536
770,773,road,2.649501085,144000,1.0
770,785,road,29.29085243,144000,7.822951108999995
771,774,road,1.013897431,144000,1.0
771,777,road,2.849350803,144000,5.529999740000001
771,778,road,1.075444094,144000,1.0
772,845,road,28.4885193,144000,30.172578905
773,777,road,7.782664068,144000,3.0888755439999995
773,801,road,10.87026807,144000,27.019516536999994
774,778,road,0.370642685,144000,1.71869884
774,783,road,2.587963678,144000,1.1916172310000004
774,1188,road,3.066052837,144000,95.924229924
776,806,road,11.37445084,144000,209.439432239
777,789,road,3.854325362,144000,3.5200506220000003
778,781,road,0.974708161,144000,4.418128265000001
779,782,road,1.182444925,144000,24.288240405
779,787,road,11.88101174,144000,2.891106775000001
780,797,road,9.511512603,144000,9.250214756999998
780,805,road,8.950237986,144000,10.372763991000001
781,783,road,2.434230063,144000,1.4990844609999998
781,789,road,2.474872926,144000,6.278955494000002
782,792,road,5.47355095,144000,15.706028355
783,799,road,8.524157671,144000,9.154601773000001
784,785,road,0.152315462,144000,1.0
784,786,road,0.121210561,144000,1.0
785,786,road,0.206968597,144000,1.0
786,788,road,5.116652812,144000,3.384210768999999
786,790,road,2.137756768,144000,9.342002857
787,795,rail,1.32493698,10000,24.003256294999996
788,791,road,4.629706686,144000,4.358103021000001
789,804,road,6.892718477,144000,12.417480161
790,791,road,1.733400127,144000,10.150716139
790,793,rail,1.644896349,10000,48.089928817
791,849,road,14.7424755,144000,21.894770514999998
792,796,road,1.9408967,144000,5.1115179589999995
792,803,road,3.319481887,144000,2.3543475849999997
792,833,road,9.768005119,144000,1.568706650000001
793,801,road,19.60441267,144000,13.072433532999998
793,847,road,16.10056608,144000,19.178589355
794,795,road,4.898901918,144000,2.3499597570000006
794,796,road,0.308765283,144000,1.0
794,798,road,0.489448669,144000,1.0
795,810,rail,2.029458302,10000,8.088846988999999
796,798,road,0.445223539,144000,1.0
798,803,road,3.287709233,144000,2.4178928929999994
799,804,road,5.876937978,144000,10.289178417999999
799,808,road,3.457237047,144000,15.128580280000001
800,880,road,16.6157902,144000,26.234931210999996
800,897,road,23.45060801,144000,12.565295590999998
801,809,road,18.30865861,144000,12.142735457
801,854,road,10.16361609,144000,31.954026692999996
802,811,road,35.0184432,144000,14.228319706
802,1025,rail,13.78567274,10000,86.51912625000001
803,810,road,1.442245471,144000,9.263272651000001
804,809,road,1.05141809,144000,19.940218194000003
805,807,rail,0.218582364,10000,74.428456811
806,814,road,2.578275393,144000,1.2300726320000002
806,817,road,1.646010936,144000,2.7700713730000004
806,823,road,2.741552845,144000,1.0
807,819,road,2.440185239,144000,3.099195086
807,820,road,3.552162721,144000,1.0
808,812,rail,1.029866496,10000,3.6784778890000003
808,821,road,1.701098469,144000,2.336013943
809,821,road,9.95636279,144000,2.1303287940000004
809,837,road,6.36181735,144000,9.770613445000002
810,833,road,6.574984411,144000,7.954748066
810,865,rail,2.708193494,10000,16.705633067
811,1027,road,47.97140202,144000,18.147667690000006
812,821,road,3.007245916,144000,1.0
812,824,road,2.995966622,144000,25.372007839
813,827,road,19.63439615,144000,11.826653776
813,868,road,10.8392723,144000,29.416901476000007
814,815,road,0.171405951,144000,1.0
814,816,road,0.457965064,144000,1.0
815,816,road,0.588054419,144000,1.0
815,839,road,8.724774152,144000,14.336009313999996
816,817,road,1.704372025,144000,2.9778793680000004
817,822,road,0.936258511,144000,4.1895762229999995
818,819,road,0.661440851,144000,6.6566838619999995
818,820,road,1.325776753,144000,5.3280120580000006
820,892,road,19.24737457,144000,36.37087239899999
821,837,road,6.176068005,144000,10.142112134999998
822,823,road,0.738270953,144000,1.1843926519999999
822,834,rail,0.355626911,10000,1.9496807360000004
823,834,road,1.567036694,144000,1.0
823,840,road,115.841801,144000,70.79349040400001
824,825,road,0.059933296,144000,1.0
824,826,road,0.134461891,144000,1.0
825,826,road,0.142688472,144000,1.0
825,836,road,0.831562385,144000,2.701957795
826,829,road,1.558471046,144000,1.248140473
827,844,road,108.0608754,144000,200.10409307700002
827,866,road,15.64639767,144000,19.802650736000004
828,829,road,0.562355759,144000,1.0
828,830,road,0.566268488,144000,1.0
828,835,road,0.437126984,144000,1.0
829,830,road,0.006324555,144000,1.122299692
830,831,road,0.166108398,144000,1.0
830,832,road,0.018973666,144000,1.0
831,832,road,0.161789987,144000,1.0
831,836,road,1.659927709,144000,1.045227147
832,835,road,0.283584203,144000,1.0
833,863,road,7.160514227,144000,7.800991601
834,864,road,7.24730957,144000,17.290938478
835,841,road,4.322073576,144000,6.002846053
836,850,road,4.608882728,144000,5.429227749
837,853,road,19.82574589,144000,21.150401208999995
837,858,road,7.237267164,144000,16.889406754999996
838,849,road,17.11409361,144000,54.56750434700001
838,865,road,49.04873797,144000,2.9300054959999997
839,857,road,131.7831249,144000,1.0
839,864,road,12.22916203,144000,7.327233558000001
840,1036,road,62.15253665,144000,178.17201910400001
841,843,road,1.447962707,144000,11.751067790999999
841,875,road,16.36217651,144000,11.438565319999999
842,846,road,1.299792291,144000,1.133418848
842,852,road,0.722838848,144000,2.287325734
843,850,road,2.162772295,144000,10.321448615000001
843,885,road,7.771768653,144000,18.975260792
844,857,road,53.94020096,144000,14.019768998999993
845,846,road,6.498738955,144000,4.366912951
845,862,road,3.320022289,144000,10.724346283000001
846,851,road,0.488004098,144000,2.7569952339999997
847,848,road,16.52823427,144000,18.323252975000003
847,854,road,6.412664033,144000,7.970906333000002
847,879,road,8.618391729,144000,3.5594509409999997
848,849,road,0.630149189,144000,8.828920048999999
848,871,road,4.940205664,144000,1.0
849,871,road,4.518863574,144000,1.0514912789999995
850,858,road,6.723295918,144000,17.917349247000004
851,852,road,1.222368193,144000,1.2882670439999997
851,869,road,3.598902055,144000,10.166586751
852,856,road,13.36923543,144000,7.4994891410000015
853,855,road,6.140055049,144000,10.499630902
853,881,road,7.16785184,144000,8.44403732
854,855,road,0.002,144000,20.792234399
855,879,road,5.763178637,144000,9.269877125
856,859,road,1.782414093,144000,7.137294739
856,872,road,11.06426609,144000,12.109427821
858,900,road,8.031398882,144000,18.456000334000002
859,860,road,0.037947332,144000,1.0
859,861,road,0.090906545,144000,1.0
860,861,road,0.057201399,144000,1.0
861,863,road,6.16666555,144000,10.996851072999998
862,869,road,3.458723464,144000,4.802435316
862,876,road,3.522985098,144000,4.673912048
863,865,road,5.678327923,144000,10.765364208999998
864,923,road,10.99821949,144000,280.480653424
864,1219,rail,0.044544921,10000,95.924229924
865,950,rail,4.173236753,10000,56.940835293000006
866,867,road,2.696501437,144000,4.872222974
866,878,road,4.567878282,144000,1.1294692840000007
867,870,road,1.114576153,144000,1.0
867,873,road,1.144447465,144000,1.0
868,870,road,1.164302366,144000,17.850974898
868,899,road,7.430895505,144000,5.317788620000001
869,874,road,0.953150565,144000,1.106713639
870,873,road,0.611208639,144000,1.647814979
871,976,road,24.08372504,144000,68.576428166
872,877,road,3.40834564,144000,1.505575345
873,878,road,1.856398664,144000,6.552428519999999
874,876,road,3.785023117,144000,4.060109639
874,887,road,2.638212273,144000,3.0531370179999997
875,882,road,14.46748907,144000,25.081151272
875,904,rail,1.407321747,10000,41.348274846
876,883,road,3.680396718,144000,1.690179069
876,888,road,1.754502779,144000,5.541966947
877,886,road,0.97130016,144000,6.386961244
878,898,road,2.792045845,144000,14.595487940000002
879,889,road,2.502231005,144000,1.987311725
879,895,road,2.628048706,144000,1.7356763230000003
880,892,road,25.4572143,144000,5.149710351000003
880,896,road,17.39790562,144000,12.440356256000001
880,941,rail,2.692817901,10000,41.850531694
881,889,road,1.206424469,144000,20.366892061999998
881,900,road,30.14389398,144000,12.118369795999996
882,925,road,15.88265079,144000,23.320384378
882,962,road,17.84512662,144000,18.325876172000005
883,884,road,3.336242797,144000,12.533004406
883,888,road,3.616073008,144000,1.818826489
884,894,road,9.518317709,144000,1.0
884,902,road,26.17434049,144000,77.35682531200001
885,900,road,9.82956235,144000,14.859673397999995
885,906,road,14.04814877,144000,16.066620800000003
886,890,road,0.685965014,144000,1.0
886,891,road,0.569016696,144000,1.0
887,888,road,3.452417704,144000,4.725320465000001
887,890,road,2.310058874,144000,3.7094438159999994
888,894,road,2.734856486,144000,12.426610242
889,895,road,1.861494024,144000,3.2687856870000003
890,891,road,0.533644076,144000,1.0
891,913,road,3.437777189,144000,11.020768836
892,893,road,3.326887434,144000,3.8486989800000004
892,903,rail,0.48218513,10000,9.538103588
893,916,road,2.830327896,144000,4.831961657
893,918,road,4.642757801,144000,1.2071018469999997
894,913,road,5.427568885,144000,7.041185443999999
895,956,road,13.86735851,144000,88.089642056
896,897,road,2.002207781,144000,55.46209604899999
896,905,road,4.863377016,144000,4.2296574950000005
896,924,road,5.484996263,144000,2.9864190010000007
898,899,road,6.324728611,144000,7.5301224079999995
898,1029,road,43.67779413,144000,114.59601973400001
899,915,road,36.20222562,144000,35.121723846
900,986,road,23.11923753,144000,40.77574422799999
901,908,road,1.183148342,144000,2.9962190150000003
901,914,road,1.928283174,144000,1.5059493510000002
902,908,road,2.517628249,144000,4.335865634000001
902,922,road,3.448768476,144000,2.4735851799999993
903,916,road,3.863073388,144000,2.776327072
903,941,road,27.43192162,144000,1.2002957110000025
904,906,road,3.125539953,144000,8.377082899999998
904,929,road,5.010854219,144000,4.6064543680000005
905,907,road,4.387358659,144000,8.738576625
905,924,road,3.608038248,144000,6.740335031000001
906,929,road,6.491768634,144000,1.6446255379999997
907,911,road,1.501300769,144000,1.0
908,914,road,2.251084183,144000,1.0
908,920,road,2.193073642,144000,2.966278868
909,910,road,5.624691992,144000,6.487488184999999
909,912,road,1.588528879,144000,1.0
909,917,road,0.600523105,144000,2.6505159240000005
910,911,rail,0.432502601,10000,5.843376475
910,926,road,2.98172165,144000,1.0
912,917,road,1.66251015,144000,1.0
912,927,road,44.56910114,144000,14.575849679999997
912,955,road,20.28837164,144000,63.13730868
913,950,road,27.94505216,144000,9.397204478999999
914,921,rail,0.45979615,10000,6.432833852
914,927,road,26.33308489,144000,2.758435860999999
915,919,road,4.208130226,144000,193.53534754199998
916,918,road,3.019531752,144000,4.453553945
917,930,road,7.386631438,144000,2.9636092929999993
918,919,road,57.99814552,144000,87.611328961
919,1035,road,40.95007033,144000,120.05146733400001
920,921,road,2.448472177,144000,2.455481797999999
920,922,road,1.211651765,144000,6.947818601999999
921,966,road,10.83163164,144000,6.183948663000001
922,948,road,7.087247421,144000,13.672717101
923,985,road,31.6591485,144000,15.522254349999997
923,998,road,24.69138862,144000,29.45777411
924,928,road,2.997932621,144000,4.290086297
924,932,road,2.147528812,144000,5.990893915
925,934,road,2.522218864,144000,7.025462800000001
925,942,road,6.033023786,144000,1.0
926,930,road,1.143303984,144000,12.960179663000002
927,969,road,11.23424372,144000,32.956118200999995
928,936,road,5.30086974,144000,2.7510933480000004
928,937,road,2.227913822,144000,5.830123895
929,931,road,2.116754119,144000,1.0
929,935,road,0.978954544,144000,3.229897087
930,936,road,1.412199703,144000,12.422388225
931,935,road,2.092097512,144000,1.0036111509999999
931,953,road,12.21743836,144000,1.0
932,933,road,0.004,144000,10.277951539
932,941,road,19.5129189,144000,8.210329696000002
933,937,road,2.908576284,144000,1.1126148969999998
933,944,road,3.156707145,144000,1.0
934,942,road,3.514657878,144000,3.429473545
934,949,road,5.228997609,144000,1.0
935,952,road,5.869149853,144000,12.441040065000003
936,939,road,0.577026862,144000,12.198779104
937,938,rail,0.066897309,10000,1.0
937,940,road,0.172244013,144000,1.0
938,939,road,5.180125095,144000,2.5663796480000007
938,940,road,0.30030651,144000,1.0
939,943,road,2.609371572,144000,7.707886694000001
940,944,rail,0.692240023,10000,5.545287418999999
940,945,road,2.324664277,144000,2.4544600579999996
941,967,road,6.983106758,144000,35.20779274
942,949,road,1.715133814,144000,7.028521673
943,946,road,2.113171077,144000,6.103846814999999
943,957,road,4.590157296,144000,1.1498743770000006
944,951,rail,0.457670733,10000,6.188447146000001
945,946,road,0.460156495,144000,1.0
945,947,road,0.147363496,144000,1.0
946,947,road,0.433335897,144000,1.0
947,951,road,3.481850083,144000,1.0
947,957,road,3.193524699,144000,3.9431395710000006
948,965,road,4.903109218,144000,10.737066574
948,970,road,8.18521643,144000,4.172852149999999
949,964,road,4.300586007,144000,10.623767386
949,968,road,7.803903895,144000,3.6171316099999986
950,959,rail,1.301065813,10000,148.23512609399998
951,967,road,19.05960272,144000,11.054800815999997
952,954,road,0.582549569,144000,2.745728476
952,961,road,1.546497979,144000,1.0
953,961,rail,2.454156067,10000,19.271027637000003
953,962,road,4.436579313,144000,45.142970786
954,958,road,0.892121068,144000,1.0
954,960,road,0.519114631,144000,1.1311093320000003
955,969,road,27.62233546,144000,20.60742825200001
955,994,road,36.29566905,144000,3.260761072000001
956,995,road,39.90393715,144000,22.761447872000005
956,1006,road,17.96887988,144000,66.631562412
958,960,road,0.758102895,144000,1.0
958,988,road,24.01811733,144000,38.977984628
958,1016,road,29.66988001,144000,4.910115897000004
959,976,road,50.59753496,144000,12.467296122
959,1012,road,42.34048583,144000,28.981394381999998
960,961,road,1.262665435,144000,1.385496744
962,963,road,0.0,144000,55.085685958
963,968,road,5.805847053,144000,2.291967468
963,974,road,6.109685753,144000,1.6842900680000001
964,971,rail,0.901723905,10000,6.320862748000001
964,972,road,3.198856046,144000,1.726598466
965,966,rail,1.365099722,10000,16.240270996000003
965,973,road,6.765075314,144000,3.340515229
965,978,road,3.319183635,144000,10.232298586999999
966,969,rail,6.565849241,10000,25.781841972000006
966,984,road,6.09760084,144000,6.7752687599999994
967,1222,road,2.838846245,144000,95.924229924
968,971,road,6.218725593,144000,6.7874882140000015
968,974,road,1.988128768,144000,9.927404038
969,990,road,10.23864249,144000,18.436255474
970,973,road,0.689884048,144000,1.0
970,975,road,1.081363954,144000,1.0
971,972,road,4.023730607,144000,1.0
971,983,road,4.321193354,144000,3.0260582770000006
972,983,road,3.323521024,144000,5.0214029369999995
973,975,rail,0.226270855,10000,1.544977147
973,977,road,6.577600778,144000,3.715464300999998
974,987,road,9.945852,144000,6.154973906
975,980,road,2.412276104,144000,5.290890406
975,982,road,3.791247288,144000,2.532948038
976,1014,road,14.3809531,144000,84.900459842
977,978,road,0.20880613,144000,1.0
977,979,road,0.220689828,144000,1.0
978,979,road,0.110923397,144000,1.0
979,981,road,1.865258159,144000,14.243177116000002
980,981,road,6.67159771,144000,4.630498013999999
980,982,road,3.911919222,144000,2.2916041700000003
980,999,road,14.38011641,144000,8.318069623
981,984,road,6.212404687,144000,6.545661066
982,1008,road,18.40085607,144000,1.707365676000002
983,987,road,3.572778191,144000,11.886256715
983,997,road,8.36763025,144000,2.296552597
984,989,road,15.14586412,144000,8.621812214
984,1000,road,8.660121246,144000,19.758059951
985,998,road,22.49001423,144000,33.86052289
985,1036,road,73.48417933,144000,155.50873374399998
986,988,road,1.18460964,144000,2.997559914
986,991,road,1.847744571,144000,1.6712900519999996
987,997,road,7.091404656,144000,4.849003784999999
987,1001,road,7.178118974,144000,49.893637969000004
988,991,road,2.334424983,144000,1.0
989,990,rail,0.865583763,10000,3.1499470929999998
989,992,road,3.564093153,144000,1.0
990,992,road,0.451437703,144000,3.978239213
991,993,road,2.069996135,144000,111.68436680599999
992,994,road,1.244014469,144000,43.710251709
993,995,road,1.804272707,144000,1.6894982179999998
993,996,road,2.443496675,144000,1.0
994,1005,road,19.19926884,144000,7.799742967000004
995,996,road,1.05027425,144000,3.1974951319999994
996,1019,road,41.03346288,144000,20.50239641199999
997,1034,road,18.80086434,144000,95.924229924
998,1072,road,62.03363994,144000,245.39745771100002
999,1000,road,1.15406239,144000,2.4848602150000003
999,1008,road,1.816186114,144000,1.1606127669999997
1000,1005,road,0.631990506,144000,3.529003983
1001,1002,road,0.309690168,144000,1.0
1001,1004,road,0.425751101,144000,1.0
1002,1004,road,0.267589237,144000,1.0
1002,1016,road,2.174913332,144000,1.0
1003,1009,road,1.2500256,144000,4.505266595
1004,1016,road,2.009084369,144000,1.0
1005,1008,road,1.190745985,144000,2.411493025
1006,1015,road,0.909509758,144000,2.953589798
1006,1017,road,1.985950654,144000,1.0
1007,1014,road,4.244288397,144000,2.0254311419999995
1007,1022,rail,5.896358622,10000,104.95116100199999
1007,1024,road,3.510022792,144000,3.4939623519999996
1009,1010,road,0.03544009,144000,1.0
1009,1011,road,0.063780875,144000,1.0
1010,1011,road,0.053851648,144000,1.0
1010,1020,road,24.96416544,144000,10.073697739999997
1011,1013,road,2.207951086,144000,2.5894156230000003
1012,1014,road,6.343392152,144000,3.320688623999999
1012,1026,road,6.257994887,144000,3.491483154
1013,1039,road,37.62839524,144000,9.032647793999992
1014,1021,road,1.575737288,144000,7.36253336
1015,1017,road,1.877148902,144000,1.0183115100000002
1015,1018,road,0.914839877,144000,3.795330363
1015,1022,road,2.67792457,144000,1.0
1017,1019,road,0.626817358,144000,4.371375401
1018,1019,road,2.20620398,144000,1.0
1018,1022,road,2.049672169,144000,1.543092278
1018,1023,road,1.417595147,144000,2.296624748
1019,1023,road,1.508015915,144000,2.115783212
1020,1028,road,8.62890584,144000,67.031626594
1021,1024,road,1.183959459,144000,3.2104109830000005
1021,1026,road,1.830348601,144000,1.917632699
1023,1040,road,18.50034994,144000,95.924229924
1024,1026,road,2.564021841,144000,1.0
1025,1027,road,17.31495377,144000,79.46056419
1025,1062,road,45.94224901,144000,60.71867559500001
1027,1083,road,58.4198494,144000,35.763474815
1028,1030,road,0.191133461,144000,1.0
1029,1032,road,3.177020617,144000,1.0
1029,1033,road,2.566000779,144000,2.20554171
1030,1031,road,0.142618372,144000,1.0
1030,1037,road,21.33771169,144000,10.334912476999996
1031,1039,road,10.73458709,144000,31.541161676999998
1032,1033,road,1.594521872,144000,4.148499524
1032,1035,road,67.41163846,144000,67.12833107399999
1033,1042,road,127.9943531,144000,185.09841178599999
1033,1075,road,64.7094072,144000,110.743001546
1035,1037,road,57.91857875,144000,24.963107219
1035,1047,road,21.07349321,144000,98.65327829900002
1036,1070,road,61.56704606,144000,214.36305770300004
1037,1038,road,1.348958116,144000,50.312419625
1038,1039,road,19.50875824,144000,13.992819376999996
1038,1051,road,52.62230177,144000,35.555661179000005
1040,1041,road,1.761105335,144000,95.924229924
1041,1099,road,2.145644891,144000,95.924229924
1042,1045,road,70.96359145,144000,1.0
1043,1044,road,0.321179078,144000,1.0
1043,1046,road,0.279291962,144000,1.0
1044,1046,road,0.272470182,144000,1.0
1044,1082,road,46.42653172,144000,59.97429964899999
1045,1071,road,44.87289231,144000,279.718952971
1046,1050,road,0.600563069,144000,151.62623695099998
1047,1048,road,2.522386172,144000,4.2817561060000005
1047,1049,road,3.740077005,144000,1.84637444
1048,1049,road,3.064065273,144000,3.1983979039999997
1048,1054,road,2.160492536,144000,5.639758896
1048,1055,road,3.904008709,144000,2.1527265499999997
1049,1051,road,4.096855868,144000,1.0
1049,1052,road,1.94627439,144000,5.015906659999999
1050,1084,road,32.8531176,144000,87.12112788900001
1051,1053,road,2.719489658,144000,2.0647655190000003
1051,1058,road,2.80400428,144000,1.8957362750000009
1052,1053,road,0.145835524,144000,8.616784392
1052,1054,road,3.338610489,144000,3.210750756
1053,1057,road,1.658654877,144000,4.186435081
1054,1056,road,0.43922204,144000,6.060899588000001
1054,1059,road,2.611249509,144000,1.716844650000001
1055,1056,road,3.457020683,144000,3.0467026020000003
1055,1061,road,2.423037763,144000,6.068753924999999
1056,1060,road,1.888343189,144000,3.1626572900000007
1057,1058,road,0.32159602,144000,4.24471354
1057,1059,road,2.133621335,144000,1.0
1058,1059,road,2.432688225,144000,1.0
1059,1060,road,2.00052893,144000,2.9382858079999994
1060,1061,road,3.146427816,144000,4.621973819
1061,1075,road,76.52332256,144000,87.115170826
1062,1063,rail,0.794897006,10000,6.770563448
1062,1065,road,5.077109414,144000,1.0
1063,1064,road,0.468772866,144000,1.0
1063,1067,road,0.907894267,144000,1.0
1064,1065,road,2.019578174,144000,3.7078641090000004
1064,1067,road,0.541793319,144000,1.0
1065,1066,road,0.365600875,144000,1.0
1065,1068,road,0.34525353,144000,1.0
1066,1068,road,0.167044904,144000,1.0
1066,1070,road,63.39617156,144000,44.91006456400001
1067,1069,rail,0.885803167,10000,5.975414123
1068,1069,road,3.954592267,144000,1.0
1069,1073,road,8.869309105,144000,134.86455540499998
1070,1076,road,32.42560106,144000,106.85120556400003
1071,1072,road,84.7498471,144000,199.965043391
1071,1075,road,232.061171,144000,67.04105700999997
1072,1076,road,158.7417994,144000,93.25868122
1073,1077,road,18.29996896,144000,26.318075249999993
1073,1083,road,19.46821789,144000,23.981577390000005
1074,1086,road,7.723860434,144000,4.078157503000001
1074,1087,road,9.1779562,144000,1.1699659709999999
1074,1090,road,37.71856779,144000,2.4267564920000027
1076,1081,road,37.88908888,144000,95.924229924
1077,1078,rail,1.637187909,10000,168.428031866
1077,1083,road,25.14982632,144000,12.61836053
1078,1079,road,2.29186038,144000,167.118686924
1078,1181,road,0.826021791,144000,95.924229924
1079,1080,road,1.567235783,144000,168.567936118
1079,1187,road,0.192924856,144000,95.924229924
1080,1081,road,1.513208512,144000,168.67599066
1081,1203,road,0.510971623,144000,95.924229924
1082,1103,road,35.31835783,144000,54.584147843
1082,1110,road,43.33122592,144000,38.558411662999994
1084,1085,road,0.720449859,144000,151.386463371
1085,1088,road,5.666926151,144000,111.32673943799999
1086,1087,road,2.624061737,144000,1.9868293230000003
1086,1089,rail,1.050877015,10000,5.133198767
1087,1089,road,3.560014045,144000,1.0
1087,1092,road,19.9751846,144000,2.3040383280000007
1088,1104,road,27.11070822,144000,12.657326781999998
1089,1097,rail,3.792262913,10000,34.669881702
1090,1092,road,12.65137795,144000,6.937003612999998
1090,1100,road,15.72410951,144000,1.0
1091,1184,rail,0.021662179,10000,95.924229924
1092,1097,road,14.92694597,144000,12.400515587999996
1092,1100,rail,3.864272053,10000,24.511215407
1093,1186,road,0.119012604,144000,95.924229924
1094,1095,road,0.618158556,144000,2.942306799
1099,1206,road,0.240532742,144000,95.924229924
1103,1104,road,3.858238458,144000,1.121786947
1103,1122,road,2.508890591,144000,2.0649148319999995
1103,1125,road,1.807701303,144000,3.4672934079999997
1104,1115,road,1.810831853,144000,1.0
1104,1148,rail,0.547534702,10000,3.206050867
1110,1125,road,44.76357845,144000,35.69370660300001
1115,1122,road,0.660302961,144000,1.3952377010000003
1115,1148,road,1.942753716,144000,1.0
1115,1151,road,0.876002283,144000,1.0
1122,1125,road,2.76610412,144000,1.550487774
1122,1140,road,0.686279826,144000,1.3432839709999997
1125,1169,road,2.893928817,144000,2.3013263230000005
1140,1151,road,0.493258553,144000,1.729326517
1140,1169,road,1.742871194,144000,4.514854322
1148,1154,road,0.806320036,144000,3.6247188170000006
1151,1154,road,1.612282854,144000,2.012793181
1169,1177,road,1.066742706,144000,5.867111298
1208,1209,road,1.107676848,144000,95.924229924
1209,666,road,1.342359117,144000,95.924229924
1210,421,rail,2.247431534,10000,95.924229924
1211,1210,rail,0.225606405,10000,95.924229924
1212,596,road,6.474617827,144000,95.924229924
1212,1213,road,0.290688837,144000,95.924229924
1214,172,road,4.098470446,144000,16.606248069
1214,193,road,15.93356771,144000,1.0
1216,470,road,22.44210195,144000,1.0
1216,1218,road,1.732443361,144000,42.198679995
1217,864,road,1.072800075,144000,95.924229924
1221,310,road,0.347908034,144000,95.924229924
1226,1227,road,2.969865317,144000,95.924229924
697,1,road,1.431627046,144000,95.924229924
142,2,road,0.37783065,144000,95.924229924
203,3,road,0.748801709,144000,95.924229924
332,4,road,0.636270383,144000,95.924229924
393,5,road,3.044944663,144000,95.924229924
1093,6,road,0.885593586,144000,95.924229924
1096,7,road,0.124531121,144000,95.924229924
300,8,road,0.528734338,144000,95.924229924
298,9,road,0.456127175,144000,95.924229924
1084,10,road,4.502438895,144000,95.924229924
688,11,rail,0.193941357,10000,95.924229924
203,13,road,0.350565258,144000,95.924229924
454,14,road,0.126649122,144000,95.924229924
1096,15,road,0.058821765,144000,95.924229924
639,16,road,0.49614514,144000,95.924229924
1041,17,road,1.768494275,144000,95.924229924
180,18,road,0.404460134,144000,95.924229924
1091,19,road,0.34805172,144000,95.924229924
207,20,road,0.222800359,144000,95.924229924
178,21,road,1.254574031,144000,95.924229924
158,22,road,1.42050836,144000,95.924229924
208,23,road,2.818728791,144000,95.924229924
1080,24,road,17.79864669,144000,95.924229924
139,25,road,11.46081219,144000,5.113729917999999
1154,25,road,0.993325727,144000,6.0139452559999995
1177,25,road,2.092115676,144000,3.816365358
62,35,rail,6.90907302,10000,40.123362905
139,35,road,5.403156485,144000,17.229041328
1088,35,road,29.84876044,144000,7.181222341999998
1148,35,road,9.37173986,144000,9.291874578
69,51,road,3.490068767,144000,1.0
80,51,road,1.753137758,144000,2.0944126139999995
105,51,road,1.644578973,144000,2.3115301840000004
161,62,road,22.43358099,144000,64.131030301
163,62,road,27.73401334,144000,1.0
80,69,road,1.980727139,144000,1.0
161,69,road,1.041892509,144000,1.9206388240000003
1085,69,road,56.76035863,144000,9.139874479999989
84,80,road,0.645368112,144000,1.0
89,80,road,0.525212338,144000,1.0
89,84,road,0.479069932,144000,1.0
105,84,road,1.557603287,144000,1.0
124,84,road,0.793659877,144000,1.2967639049999997
99,89,rail,0.028301943,10000,2.8274797729999994
127,99,road,0.786559597,144000,1.310964465
161,99,rail,0.428289913,10000,2.2567805020000002
124,105,road,1.58337614,144000,1.0
140,105,road,23.05467666,144000,101.09167300700001
127,120,road,1.515193717,144000,1.0
161,120,road,0.383317101,144000,2.3467261260000005
177,120,road,46.56430813,144000,15.869576021
127,124,road,0.79649231,144000,1.2910990389999997
234,124,road,53.50700186,144000,40.187022607
266,127,road,63.03924651,144000,4.980382849000009
163,139,road,13.8952661,144000,26.150976744999994
142,140,road,1.250177587,144000,11.127721554
143,140,road,6.599704842,144000,1.0
152,141,road,14.49063836,144000,8.836412001000001
156,141,road,15.35410369,144000,5.311635561000001
160,141,road,7.960450741,144000,20.098941459000002
144,142,road,2.0725424,144000,9.482991928
144,143,road,3.705651899,144000,6.216772930000001
147,143,road,10.50453178,144000,28.461410252
170,144,road,20.18660823,144000,9.097257352
146,145,road,0.118962179,144000,7.829038884999999
154,145,road,5.216113879,144000,1.0
1100,145,road,22.38178125,144000,50.075223606999984
155,146,rail,0.971228217,10000,6.124506809
159,146,road,6.037226184,144000,1.0
148,147,road,3.046112933,144000,1.0
149,147,road,2.574817275,144000,1.0
149,148,road,0.480599625,144000,5.140330583
150,148,road,22.81574281,144000,18.031742256999994
171,149,road,12.14484203,144000,25.180789752000003
156,150,road,18.17106029,144000,160.80237075599996
193,150,road,23.09620965,144000,17.470808577
154,151,road,19.72586383,144000,55.387058446999994
162,151,road,53.44800569,144000,13.573053688000002
199,151,road,28.30879164,144000,48.484226687
1097,151,road,31.08907364,144000,32.660638827
153,152,road,0.0,144000,37.817688721
158,152,rail,3.294578122,10000,101.301755241
160,153,road,15.36659962,144000,7.084489481
226,153,road,45.17771065,144000,17.535490184999993
155,154,road,1.760658968,144000,4.545645306999999
159,154,road,3.749697588,144000,1.0
157,155,road,0.599332963,144000,7.161003147999999
160,156,road,12.70528851,144000,10.609265921
159,157,road,2.249979555,144000,3.859709964
1180,157,road,0.897812898,144000,95.924229924
165,158,road,19.92108682,144000,68.048737845
181,159,road,13.64360451,144000,77.81460094699999
218,160,road,36.36477554,144000,53.02463053400001
166,162,road,53.14522447,144000,14.44254657399999
182,162,road,8.764681169,144000,102.93970273000001
167,163,road,3.761550744,144000,71.587384214
176,164,road,68.94380488,144000,63.48614524900002
214,164,road,37.45564956,144000,51.940449153
1169,164,road,47.17922106,144000,32.49330615299999
166,165,road,1.994103307,144000,2.3405508210000003
168,165,road,2.267641065,144000,1.7934753050000007
169,166,road,1.704963343,144000,2.9188307489999996
174,167,road,7.829692203,144000,5.656296807000001
178,167,road,7.454052589,144000,6.407576035
169,168,road,0.36204972,144000,5.604657995
230,168,road,34.51675495,144000,38.85740158500001
195,169,road,25.52023864,144000,61.221790565999996
171,170,road,0.354022598,144000,1.0
172,170,road,0.026,144000,1.0
172,171,road,0.354682957,144000,1.0
193,172,rail,4.771150805,10000,15.260887350999997
176,173,road,15.51422895,144000,233.89876064700005
201,173,road,35.47066737,144000,194.75498998699996
1110,173,road,85.63245639,144000,93.662305767
177,174,road,1.818247508,144000,94.27705483700001
179,174,road,5.755382177,144000,9.804916858999999
180,175,road,8.3599122,144000,62.390661302
214,175,rail,9.827375807,10000,78.258798239
1177,175,road,31.32275914,144000,16.464967422000004
235,176,road,76.06308269,144000,49.24758962899999
209,177,rail,5.040798052,10000,87.831953749
179,178,rail,0.276554244,10000,20.762572725000002
180,179,road,0.487462819,144000,78.135560064
183,181,road,15.30307629,144000,22.91236505
202,181,road,13.40252887,144000,26.713459890000003
186,182,road,1.041085971,144000,1.9121773020000001
187,182,road,0.974221741,144000,2.0459057620000003
184,183,road,0.486411349,144000,1.0
185,183,road,0.392045916,144000,1.0
185,184,road,0.136821051,144000,1.0
199,184,road,23.88436476,144000,57.333080447000015
204,185,road,20.13222621,144000,13.25406521
189,186,road,0.833241862,144000,2.32786552
200,186,road,25.93963824,144000,10.257725004999998
188,187,road,4.071638982,144000,6.3483184139999995
190,187,road,0.437268796,144000,3.1198116519999997
191,188,road,4.085662737,144000,1.0
1094,188,rail,0.443205652,10000,6.1031410820000005
190,189,road,0.708530874,144000,2.577287496
238,189,road,25.21815029,144000,11.700700905000001
198,190,road,6.135902542,144000,2.219791294
195,191,road,23.64813752,144000,11.796901655
1095,191,road,1.842525441,144000,3.304501504
833,192,road,6.000474648,144000,11.329232877000003
856,192,road,4.936435151,144000,1.0
860,192,road,3.945326349,144000,2.811470227000001
233,193,road,33.7969614,144000,79.607103527
198,194,road,1.562097308,144000,11.367401761999998
1094,194,road,1.841483098,144000,1.0
1095,194,road,1.718982257,144000,1.0
223,195,rail,5.573400129,10000,47.946376437
272,196,rail,0.082855296,10000,1.0
273,196,road,0.067230945,144000,1.0
277,196,road,0.867089384,144000,1.743728378
451,197,road,41.33272994,144000,10.005272111000004
485,197,road,6.131346671,144000,118.830059495
516,197,road,14.10435876,144000,64.462014471
228,198,road,21.40778709,144000,16.277602514999998
200,199,rail,2.966862358,10000,41.091746164
225,199,road,18.35408587,144000,10.317299140000003
224,200,rail,5.061617232,10000,36.902236415999994
203,201,road,1.102072593,144000,95.924229924
217,201,road,11.33998113,144000,243.01636246699996
204,202,road,4.288640344,144000,6.941769207000001
206,202,road,3.768893737,144000,7.981262420999999
205,204,road,1.227552036,144000,13.063945823
207,205,road,0.703295102,144000,14.112459691000002
211,205,road,4.98057065,144000,8.676576572000002
207,206,road,5.530668676,144000,4.457712543
208,206,road,1.275733514,144000,16.086250844000002
210,208,road,1.579297312,144000,15.479123247999999
263,209,road,12.92600232,144000,8.896737519
267,209,road,13.0569413,144000,8.634859559
213,210,rail,1.198085556,10000,16.241546760000002
262,210,road,13.23229761,144000,75.337714859
1199,210,road,2.385866719,144000,95.924229924
213,211,road,3.370067062,144000,4.893678659999999
216,211,road,3.002002665,144000,5.629807454000001
797,212,rail,0.465258262,10000,27.342723438999997
800,212,road,0.428266272,144000,74.009088995
805,212,road,9.346231112,144000,9.580777738999997
216,213,road,5.261743057,144000,1.1103266699999992
236,214,road,4.532284192,144000,88.848981469
735,215,road,40.74449686,144000,28.059131175000005
775,215,road,0.672502788,144000,59.661511683
797,215,road,15.90822492,144000,29.190067419000002
907,215,road,30.38438362,144000,21.120917300000002
222,216,road,3.381945594,144000,95.038418891
220,217,road,3.00796609,144000,1.0
227,217,road,1.821087587,144000,1.8323405469999998
219,218,road,0.602332134,144000,6.287374314
221,218,road,0.889865158,144000,5.712308266
226,219,road,28.24276367,144000,39.01500642800001
232,219,road,2.800300698,144000,1.891437186
227,220,rail,0.645462044,10000,4.183591633
289,220,road,96.64792422,144000,112.22412663700001
232,221,road,3.199540592,144000,1.0929573980000002
250,221,road,67.82639728,144000,61.49169677599998
249,222,road,25.55916744,144000,62.87139085600002
313,222,road,21.5610483,144000,58.680213479
229,223,road,1.166699619,144000,56.759777457
237,223,road,41.19512049,144000,20.514119643999997
225,224,road,20.64290542,144000,5.739660039999997
231,224,road,3.086285794,144000,44.974340301000005
249,225,road,13.33098946,144000,1.3128591850000007
254,225,road,4.216725744,144000,19.541386617
230,226,road,2.713139878,144000,90.07425401200001
435,227,road,110.7953649,144000,44.10559492700001
445,227,road,55.23752036,144000,155.429291777
229,228,road,2.173547331,144000,46.794876974
244,228,road,11.80864649,144000,27.524678656
311,229,road,22.521091,144000,6.099789636000004
237,230,road,5.094703917,144000,85.31112593399999
238,231,road,1.998068067,144000,2.965295253
247,231,road,2.088739333,144000,2.783952721
323,232,road,22.80091831,144000,49.898697148
239,233,road,2.034888695,144000,1.0
246,233,road,1.566311591,144000,1.0
239,234,rail,4.91764255,10000,108.100548008
270,234,road,36.3837417,144000,45.168349707999994
241,235,road,13.13457361,144000,116.65141159899999
435,235,rail,14.6919121,10000,113.53673461899999
241,236,road,1.244360077,144000,1.0882447909999997
243,236,road,0.696252828,144000,2.184459289
305,237,road,5.569356875,144000,84.36182001800002
242,238,road,0.557207322,144000,5.847016743
240,239,road,0.0,144000,4.0715262370000005
246,240,rail,0.470325951,10000,1.0999652690000001
252,240,rail,0.498943885,10000,1.042729401
243,241,road,1.63635204,144000,1.0
244,242,road,12.12837483,144000,1.717268765
245,242,road,0.2697851,144000,6.421861187
271,243,road,44.24941604,144000,9.414717773
352,243,road,38.10410634,144000,42.50219621800001
260,244,road,5.355697527,144000,15.262623371
253,245,road,1.847084189,144000,3.2672630089999997
264,245,road,7.096764333,144000,11.780489759000002
248,246,road,0.441352467,144000,1.157912237
251,247,road,1.706470041,144000,1.0
253,247,rail,0.200547376,10000,1.95254135
250,248,road,2.28626945,144000,1.0184141440000003
255,248,rail,0.293899643,10000,1.452817885
261,249,road,5.096700894,144000,17.781436317
255,250,road,3.010783951,144000,1.0
253,251,rail,0.446618685,10000,1.460398732
256,251,road,19.76338928,144000,11.620133329000005
255,252,road,0.336095225,144000,1.3684267209999998
320,252,road,19.18182317,144000,79.572186768
304,253,road,10.26414848,144000,10.232242962
256,254,rail,0.701700257,10000,3.310963347
261,254,road,7.634584468,144000,1.0
265,254,rail,0.567001984,10000,3.580359893
265,256,road,3.44566162,144000,1.0
577,257,rail,0.161025619,10000,21.141906155
587,257,road,2.5543829,144000,7.379971130000001
591,257,road,4.437206779,144000,3.6143233719999994
733,258,road,1.955670729,144000,9.000930021
750,258,road,4.26093417,144000,4.390403139000001
927,258,road,42.42113483,144000,47.475331252000004
262,259,road,15.35650637,144000,17.654970447000004
300,259,road,13.37177086,144000,21.624441467000004
358,259,road,16.09971192,144000,32.15066923799999
379,259,road,22.45913489,144000,19.431823297999998
264,260,road,1.123396635,144000,23.727225155000003
316,260,rail,7.82121776,10000,35.186700622000004
292,261,rail,1.783831831,10000,9.397342813
286,262,road,17.34089559,144000,13.686192006999999
266,263,road,1.97332714,144000,3.6817275160000005
268,263,road,8.367778439,144000,4.325373138999998
281,263,road,2.555484299,144000,2.5174131980000003
304,264,road,11.55254292,144000,7.6554540819999986
276,265,rail,0.505917236,10000,11.953172003
270,266,road,2.115872397,144000,6.127040040999999
285,266,road,2.590873984,144000,2.4466338280000004
268,267,rail,0.3980201,10000,4.072260033999999
269,267,road,2.898358846,144000,1.8291285239999997
275,267,rail,0.398038001,10000,4.072224232
280,268,road,1.947775141,144000,1.0
271,269,road,2.225001573,144000,1.0
274,269,road,1.089091364,144000,1.5869911330000004
290,270,road,2.48035562,144000,5.3980735950000005
274,271,rail,0.451080924,10000,2.8630120129999996
273,272,road,0.38104068,144000,1.0
283,272,road,1.063475435,144000,1.3509562759999998
1198,273,road,0.005656854,144000,95.924229924
275,274,road,3.240358005,144000,1.1451302059999993
291,274,road,3.93486569,144000,1.1704577299999994
280,275,road,2.124466992,144000,1.0
291,275,road,1.864965415,144000,2.7964288520000005
292,276,road,2.473670956,144000,6.168066076000001
303,276,road,4.597410141,144000,1.920587706
278,277,road,0.008,144000,1.0
279,277,road,0.014422205,144000,1.0
279,278,road,0.012,144000,1.0
299,278,rail,0.724078725,10000,3.9385785459999996
283,279,road,1.450064826,144000,1.0
282,280,road,8.077162373,144000,4.906605271
291,280,road,2.536927275,144000,1.4525051319999998
282,281,road,0.112729765,144000,9.265856152
285,281,road,0.508696373,144000,6.61098905
302,282,road,3.245645082,144000,3.0000255180000006
284,283,road,0.411144743,144000,57.96193619299999
299,283,road,3.200592445,144000,1.0
289,284,road,108.5770513,144000,1.0
330,284,road,15.41981193,144000,27.944601819
290,285,road,3.171682834,144000,3.1171852250000005
301,285,road,2.928460346,144000,3.603630200999999
287,286,road,1.72904598,144000,2.3611187289999997
294,286,road,1.877660246,144000,2.063890197
288,287,road,1.946263086,144000,4.139308709
294,287,road,2.212504463,144000,1.3942017629999999
296,288,road,3.153261803,144000,1.7253112750000006
375,288,road,43.88084726,144000,35.849166475
315,289,road,14.0720162,144000,156.064952452
301,290,road,3.360407713,144000,2.739735467
319,290,road,53.32679402,144000,11.282245068000002
295,291,road,0.93235401,144000,28.168977167999998
303,292,road,4.044326891,144000,3.0267542060000006
549,293,road,22.01910589,144000,76.63965677600001
550,293,road,22.98884643,144000,1.0
582,293,rail,6.117399468,10000,31.231173141999996
656,293,road,34.23570826,144000,31.36980722699999
296,294,road,0.719805529,144000,1.0
297,294,road,0.302423544,144000,1.285950778
308,295,road,7.160425965,144000,15.712833258000002
353,295,road,31.02069735,144000,29.835309035
298,296,road,0.164012195,144000,1.562773476
298,297,road,0.704556598,144000,1.0
300,297,road,0.118726577,144000,48.130530033
339,299,road,8.240372079,144000,42.30348152100001
1224,300,road,0.892432631,144000,95.924229924
302,301,road,2.695784116,144000,4.099747449999999
474,301,road,56.25053536,144000,37.699117298000004
307,302,road,8.072226211,144000,13.889232766
328,303,road,14.71036913,144000,46.58776538299999
345,304,road,16.83387656,144000,17.161383022000003
306,305,road,16.97148668,144000,61.557560408000015
1182,305,road,1.04526743,144000,95.924229924
323,306,rail,11.30786374,10000,72.884806288
362,306,road,10.5214153,144000,81.86153002399999
308,307,road,0.008944272,144000,1.0
309,307,road,0.046861498,144000,1.0
309,308,road,0.044045431,144000,1.0
469,309,road,44.0876805,144000,3.7013427350000043
967,310,rail,1.394135037,10000,63.326515035
1003,310,road,20.68933812,144000,18.623352379999996
1020,310,road,13.06305937,144000,33.87590988
316,311,road,1.461771528,144000,3.9658149529999998
326,311,road,2.691806828,144000,1.5057443529999999
362,311,road,4.95919066,144000,3.114461576000001
907,312,road,1.529000981,144000,1.0
911,312,road,0.894706656,144000,2.135595094
926,312,road,2.39945077,144000,1.9094801369999996
928,312,road,4.990963434,144000,5.264860763000001
314,313,road,0.649716861,144000,100.50287635699999
324,314,road,2.082899902,144000,5.560589975000001
334,314,road,2.469118871,144000,4.788152037000001
317,315,road,1.586307662,144000,1.0
318,315,road,0.192052076,144000,2.883120926
327,316,road,2.270828043,144000,2.347701923
329,316,road,2.691025827,144000,2.459863018
318,317,road,1.48886534,144000,1.0
322,317,road,0.391938771,144000,158.027293648
342,317,road,10.37044975,144000,138.07027169
320,319,road,1.146532163,144000,1.2030689339999998
325,319,road,0.966167687,144000,1.5637978860000001
321,320,road,0.0,144000,3.4961332599999997
325,321,road,1.38343341,144000,1.0
422,321,road,39.52893057,144000,46.269052884999994
453,322,road,46.14983341,144000,29.53608691000001
456,322,road,35.00115221,144000,51.833449310000006
396,323,road,55.75982385,144000,1.0
439,323,road,32.13742796,144000,40.209515268000004
333,324,road,3.588127645,144000,2.5501344889999995
343,324,road,43.36507429,144000,36.93839567199999
473,325,road,39.12987529,144000,47.06716344499999
327,326,road,0.46495161,144000,5.959454789
335,326,road,1.059056184,144000,54.585299744
362,326,road,5.381845408,144000,2.2691520799999996
332,327,road,0.620322497,144000,6.6012696779999995
338,328,road,3.27464563,144000,1.0
341,328,road,2.932379239,144000,1.0
331,329,road,2.124904704,144000,1.0
336,329,road,1.105484509,144000,1.555661046
345,329,rail,10.80707644,10000,29.214983262
371,330,road,12.72858641,144000,2.851287033
374,330,road,10.61343488,144000,7.081590092999999
332,331,road,0.618012945,144000,6.605888781999999
336,331,rail,0.536240851,10000,2.694148362
334,333,road,1.586243361,144000,6.553903057
365,333,road,18.72593293,144000,64.35044421900001
395,335,rail,5.288065927,10000,46.127280258
418,335,road,63.76741739,144000,1.0
424,336,road,36.60205595,144000,1.0
1028,337,rail,0.036912058,10000,1.0
1030,337,road,0.045650849,144000,1.0
1031,337,rail,0.034669872,10000,1.0
341,338,rail,0.42630095,10000,5.780723919
344,338,road,2.250390188,144000,3.0956147329999997
340,339,rail,2.457708282,10000,53.868809115000005
1093,339,road,1.672010766,144000,95.924229924
346,340,rail,1.915222246,10000,10.622462312
360,340,road,9.357994016,144000,1.0
343,341,road,1.883029474,144000,3.830336161
374,342,rail,23.56991313,10000,111.67134493
344,343,road,3.036674497,144000,1.5230461149999996
351,343,road,3.558258001,144000,3.800898152
345,344,road,2.093036072,144000,3.84206099
347,344,road,1.028250942,144000,5.97163125
350,345,road,2.594679171,144000,2.8387747919999997
348,346,road,2.470122264,144000,3.4527882590000005
356,346,road,2.609592305,144000,3.1738481769999995
350,347,road,2.312166949,144000,3.4037992359999993
351,347,road,3.294230714,144000,3.0480478960000004
349,348,road,1.659397481,144000,3.618904421999999
355,348,road,1.807093799,144000,3.3235117859999996
1183,348,road,1.494657151,144000,95.924229924
357,349,road,1.434232896,144000,2.5412235699999997
359,349,road,2.221232991,144000,1.0
351,350,road,4.030111661,144000,1.576286001999999
430,350,road,26.85369561,144000,12.514595619999998
413,351,road,40.59414564,144000,59.33770375800001
353,352,road,0.017888544,144000,1.0
354,352,road,0.303644529,144000,1.0
354,353,road,0.307050484,144000,1.0
361,354,rail,0.181969778,10000,91.51276417900002
356,355,road,1.506224419,144000,3.280205642
357,355,road,2.036975208,144000,2.863748968000001
363,355,road,2.079417226,144000,2.133820028
360,356,road,0.570098237,144000,5.152458006
359,357,road,1.754223475,144000,1.901242412
367,357,road,2.196091984,144000,3.254847219999999
365,358,road,2.279959649,144000,5.627373347999999
373,358,road,4.081889758,144000,2.0235131299999995
364,359,road,2.408294002,144000,4.7350050150000005
363,360,road,2.136914598,144000,2.0188252839999996
370,360,road,3.139343243,144000,3.206962086
460,361,road,68.22522185,144000,6.470115118999985
470,361,rail,8.677724356,10000,28.308118005000004
1218,361,road,12.81129705,144000,20.040972617
369,363,road,0.908469042,144000,1.0
579,363,rail,0.253278996,10000,2.084847371
367,364,road,3.192983558,144000,3.1656259030000005
377,364,road,2.692069093,144000,6.373853077
366,365,road,0.002828427,144000,10.181635792
373,366,road,3.822614812,144000,2.5420630219999993
392,366,road,17.93583062,144000,41.05907388599999
579,367,road,1.081267774,144000,5.4844956400000004
369,368,road,0.987078518,144000,1.0
385,368,rail,1.734942074,10000,6.9192632640000005
579,368,road,0.442578807,144000,1.7062477489999999
370,369,road,3.300921689,144000,2.883805194
372,370,road,3.872000517,144000,1.070349201
376,370,road,1.625626033,144000,5.563098169
372,371,road,5.234202136,144000,43.029424295999995
374,371,road,4.966438563,144000,3.1291103500000004
380,371,road,4.154872321,144000,4.752242834
376,372,road,3.316723685,144000,2.1809028649999997
379,373,road,21.70935651,144000,20.93138005800001
447,373,road,21.15622698,144000,34.618281166
380,374,road,3.940676592,144000,5.180634292
1226,374,road,25.03035245,144000,95.924229924
381,375,road,2.52992411,144000,118.551012775
1191,375,road,3.8008257,144000,95.924229924
387,376,road,11.27513743,144000,1.0
385,377,road,2.614149957,144000,5.160847497999999
491,377,road,53.30674224,144000,1.0
579,377,road,5.597476574,144000,1.0
382,378,road,0.889406544,144000,4.468723391
388,378,road,2.832713187,144000,1.0
1207,378,road,0.359805503,144000,95.924229924
390,379,road,20.92301967,144000,3.6713370790000006
394,379,road,16.69549987,144000,12.126376679
391,380,rail,0.873534487,10000,51.750759593999994
383,381,road,1.020156851,144000,54.477990129
386,381,road,4.334965282,144000,47.848373267000014
383,382,road,0.068,144000,1.0
384,382,road,0.095519631,144000,1.0
384,383,road,0.064404969,144000,1.0
388,384,road,2.429897117,144000,1.387742245
387,385,road,0.674020771,144000,18.249684973
390,386,road,11.97064175,144000,16.763195541
426,386,road,18.53089312,144000,3.642692800999999
389,387,rail,0.104098511,10000,53.289631546
393,388,road,8.587966465,144000,20.015974214000003
423,388,road,12.36508148,144000,12.461744183999997
417,389,road,12.59723684,144000,20.094945484
434,389,road,16.43428721,144000,12.420844744
394,390,road,7.898856879,144000,24.906765283
419,391,road,12.48615137,144000,12.222191107999999
428,391,road,12.18009721,144000,12.834299428000001
405,392,road,9.487665466,144000,8.398340047999998
427,392,road,9.713984147,144000,7.945702686000002
401,393,road,3.349142577,144000,30.493621990000005
407,394,road,8.112616594,144000,1.0
426,394,rail,2.304087292,10000,11.752752506
432,395,road,55.38363441,144000,16.788134517000003
436,395,rail,6.395204219,10000,43.913003673999995
498,395,road,23.91111557,144000,12.902058834999998
397,396,rail,0.035128336,10000,1.0
398,396,road,0.114629839,144000,1.0
412,396,road,2.64319882,144000,1.0
398,397,road,0.183051905,144000,1.0
422,397,rail,0.663683848,10000,4.267874932
399,398,road,0.429385608,144000,4.427862277000001
404,399,road,2.604514542,144000,1.0
409,399,rail,0.204549505,10000,4.877534482999999
403,400,road,12.31528644,144000,8.041536950000003
441,400,road,8.66885598,144000,15.33439787
1189,400,road,1.943544185,144000,95.924229924
402,401,road,0.892726162,144000,35.40645482
1185,401,road,0.757606758,144000,95.924229924
403,402,road,0.820365772,144000,63.46056450399999
423,402,road,11.99699046,144000,13.197926224
1220,402,road,0.165746795,144000,95.924229924
448,403,road,9.325642284,144000,14.020825261999999
414,404,road,1.785802901,144000,2.904190398
422,404,road,1.747900455,144000,2.099441718
406,405,road,0.17961069,144000,1.0
408,405,road,0.40428208,144000,1.0
408,406,road,0.36779342,144000,1.0
413,406,road,3.088521329,144000,1.6221315409999995
440,407,rail,3.058778351,10000,10.243370387999999
446,407,road,25.15168066,144000,47.096000055000005
416,408,road,1.372428505,144000,5.054317189
410,409,rail,0.041764219,10000,1.0
411,409,road,0.090022219,144000,1.0
411,410,road,0.140014285,144000,1.0
412,410,road,1.853105502,144000,1.580422489
414,411,road,1.790907033,144000,2.893982134
455,412,rail,10.03185114,10000,84.42066890799998
416,413,road,2.970430945,144000,1.858312309
479,414,road,40.2832814,144000,44.760351225000015
616,415,road,32.04633427,144000,1.0
699,415,rail,6.075748946,10000,37.444849108999996
713,415,road,8.602028598,144000,32.392289805000004
427,416,road,6.395310782,144000,14.583049416000001
431,417,road,5.912782763,144000,3.693397364
442,417,road,4.715947413,144000,6.087068063999999
432,418,road,3.11628561,144000,9.623431071
443,418,road,6.110548584,144000,3.6349051229999993
421,419,road,0.939531798,144000,35.315430252000006
457,419,road,59.16886455,144000,13.081181356999998
669,420,road,1.977088769,144000,1.083782982
677,420,road,0.004472136,144000,1.0
678,420,rail,0.092001359,10000,1.0
428,421,road,11.58871347,144000,14.017066908000002
513,421,road,42.57253359,144000,46.273843277000005
429,423,road,2.665167912,144000,51.18796800700001
430,424,road,4.759694948,144000,56.70259694399999
436,424,road,5.119501929,144000,46.464408254
445,425,road,32.86437445,144000,7.9871665100000016
459,425,road,63.2283005,144000,139.447731497
481,425,road,12.04931882,144000,49.61727777
437,426,road,1.6876137,144000,4.4021245229999995
440,426,road,2.885444853,144000,2.006462217
463,427,road,21.55793775,144000,33.814859626
485,427,road,16.63721539,144000,50.08583676700001
431,428,rail,1.872040731,10000,49.753747106
752,428,road,101.8972236,144000,17.29003064200002
437,429,road,13.4201234,144000,6.598072134000001
468,429,road,11.03365125,144000,11.371016434
451,430,road,5.991755002,144000,95.87765372700001
442,431,road,4.890232714,144000,5.7384974620000015
433,432,rail,0.0,10000,15.856002291000001
444,433,road,4.869321513,144000,5.750377769999999
462,433,road,4.926410864,144000,5.636199068000001
466,434,road,6.889470807,144000,26.384946725
489,434,road,18.37400991,144000,3.4158685189999964
459,435,road,3.778772287,144000,135.363014245
501,436,road,23.06657304,144000,14.591143894999995
440,437,road,3.20429337,144000,1.3687651830000003
468,437,road,8.984544284,144000,15.469230366
439,438,road,0.048083261,144000,8.466621701
449,438,road,1.56246216,144000,4.018171302
452,438,road,2.982630383,144000,1.1778348560000005
443,439,road,1.415074556,144000,5.732639111000001
454,440,road,1.355958701,144000,95.924229924
448,441,road,2.362325126,144000,27.947459578
531,441,road,34.77482336,144000,33.671430914
466,442,rail,4.652476894,10000,35.984465376
444,443,road,1.759846584,144000,5.043095055
450,444,road,1.03330344,144000,6.496181343000001
481,445,road,28.80222214,144000,16.111471129999995
483,445,road,43.44405584,144000,169.154472823
447,446,road,4.573980761,144000,2.4287040010000007
465,446,rail,1.209947313,10000,9.156770897
461,447,road,2.04413796,144000,4.401947657999999
464,447,road,3.262432222,144000,1.9653591339999998
472,448,road,17.80911059,144000,29.483074868000006
450,449,road,2.744018222,144000,3.074751779
452,449,road,2.598003079,144000,1.9470894639999998
462,450,road,4.659984979,144000,6.169050838000001
499,451,road,19.98548473,144000,52.699762531000005
455,452,road,0.881355774,144000,102.72165964
456,453,road,40.68476811,144000,40.46621751
457,453,rail,1.85980913,10000,155.09155293
1197,454,road,0.713450769,144000,95.924229924
477,455,road,4.70136193,144000,144.253954429
483,456,road,58.49359777,144000,188.532779537
510,457,road,25.3532891,144000,80.712332257
857,458,road,31.65939355,144000,306.145950491
1042,458,road,50.18217827,144000,32.124810309999994
1045,458,rail,11.34339713,10000,109.80237259
460,459,road,2.864006285,144000,137.19254624900003
475,460,road,82.54864185,144000,1.0
463,461,road,0.700002857,144000,7.090217864
509,462,road,50.60366757,144000,43.03721131600001
464,463,road,2.483650539,144000,1.0
467,463,rail,0.854867387,10000,3.453310488
465,464,road,2.726906672,144000,1.291349909
467,464,road,1.824527336,144000,1.5139905900000001
467,465,road,2.193729245,144000,2.357704763
492,465,road,8.226692653,144000,35.245939976
488,466,road,6.055782361,144000,28.052323617000006
497,467,road,8.92817585,144000,33.842973582
480,468,road,5.099566256,144000,5.838162425999999
490,468,road,5.030833728,144000,5.975627482000001
470,469,rail,0.397109871,10000,2.880734954
471,469,road,4.194581743,144000,1.0
476,469,rail,0.353156127,10000,2.9686424419999997
475,470,road,1.280099996,144000,1.1147547040000003
474,471,road,34.85251859,144000,80.495150838
478,471,road,3.861411141,144000,1.2051715999999995
480,472,road,6.350801524,144000,6.982053384000001
493,472,road,6.152885827,144000,7.377884778
474,473,road,24.45806877,144000,117.30716110600001
479,473,road,1.673086967,144000,121.980740091
476,475,road,1.644588702,144000,1.0
482,475,road,1.849277697,144000,1.2040054359999999
478,476,road,0.518844871,144000,3.538667585
482,476,road,1.408694431,144000,1.7589684649999995
542,477,road,33.12421833,144000,79.46597010299999
550,477,road,49.88739276,144000,45.93962124299999
484,478,road,1.515790223,144000,1.5447768809999995
548,479,road,31.77836761,144000,102.66656342599998
490,480,road,5.906894954,144000,4.22350503
493,480,road,7.179969081,144000,5.32371827
639,481,road,65.57742599,144000,124.88773252300001
484,482,road,1.133027802,144000,2.3103017230000003
653,483,road,71.43696304,144000,113.16865842300001
487,484,road,1.308557985,144000,163.60618267600003
497,485,road,35.38207117,144000,12.596125207
869,486,road,0.955340777,144000,1.1023332149999998
872,486,road,4.294419169,144000,1.0
874,486,road,1.104523427,144000,1.0
877,486,rail,0.619501816,10000,7.083262993
548,487,road,66.77549736,144000,32.672303926
566,487,road,40.08652247,144000,86.36009733700001
489,488,road,8.844625261,144000,22.474637817
590,488,road,62.83389786,144000,1.0
491,489,rail,5.16166262,10000,68.97596387400002
565,489,rail,13.00911113,10000,53.281066853999995
494,490,road,2.456329782,144000,80.30408797599999
556,491,road,41.19292876,144000,1.0
502,492,road,12.02578646,144000,27.647752362000006
528,493,road,21.45825063,144000,42.300246279999996
495,494,road,2.741664458,144000,1.2662627240000006
496,494,road,0.746967201,144000,5.2556572379999995
496,495,road,3.260959981,144000,1.0
500,495,road,2.85262686,144000,5.866583757
500,496,road,5.458250636,144000,1.0
514,497,road,14.41650304,144000,22.866319202
545,497,road,22.79728914,144000,85.498174557
501,498,road,7.351397146,144000,6.594088006
509,498,road,9.419718042,144000,7.153914899
517,498,road,6.02914853,144000,9.238585237999999
503,499,road,5.868337414,144000,80.934057163
525,499,road,42.45722421,144000,22.946715311
512,500,road,7.122153045,144000,70.97244144999998
518,501,road,6.99318983,144000,7.310502637999999
525,501,road,6.480929872,144000,8.446456143999999
506,502,road,2.44644722,144000,1.0
507,502,road,2.141435033,144000,1.0
514,502,road,5.908438034,144000,3.4122766490000007
504,503,rail,0.218959471,10000,1.5608222969999999
505,503,road,0.919760838,144000,1.0
505,504,road,0.86002093,144000,1.0
508,504,road,1.679834516,144000,1.179956401
508,505,road,1.999769987,144000,1.0
594,505,road,42.17317764,144000,85.07113813799998
507,506,road,0.46389654,144000,4.123985713
511,506,road,3.047635149,144000,3.9111701030000012
515,507,road,1.827261339,144000,6.3519177230000015
516,508,road,9.48102716,144000,73.708677671
522,509,road,9.248999946,144000,7.495351091000002
513,510,road,3.384691419,144000,2.8648017030000004
524,510,road,3.97959797,144000,1.6749886010000004
512,511,road,11.05402189,144000,76.50539144300001
515,511,road,4.667647373,144000,1.0
530,512,road,24.22082823,144000,36.775091079999996
524,513,road,2.269895152,144000,5.0943942369999995
515,514,road,5.352018311,144000,4.525116095
1228,514,rail,0.411062647,10000,95.924229924
1229,514,road,5.081370288,144000,95.924229924
546,516,road,49.7886755,144000,31.515401837
518,517,road,0.923146792,144000,1.0168110320000001
520,517,road,0.653094174,144000,1.5569162679999997
522,517,road,1.295484465,144000,1.0
519,518,road,0.287680378,144000,2.28774386
521,519,road,0.587649555,144000,1.6878055060000001
525,519,road,7.646515808,144000,6.1152842719999985
521,520,road,0.411533717,144000,1.2793915910000002
523,520,road,0.638376065,144000,1.0
526,521,road,0.886324997,144000,1.0
523,522,road,0.552268051,144000,2.034686653
526,523,rail,0.166224246,10000,1.7700105329999998
622,524,road,70.09867688,144000,188.16410530700003
527,526,road,0.512765053,144000,152.631148183
529,527,road,16.68654464,144000,115.80798528
596,527,road,43.54049449,144000,62.10008558
530,528,road,11.2780305,144000,17.942545101
533,528,road,18.96379034,144000,8.622350690000001
551,528,road,10.04894761,144000,20.400710881000002
567,529,rail,8.935192359,10000,131.31068984200002
1096,529,road,0.910817215,144000,95.924229924
552,530,road,15.63471471,144000,9.229176681000002
533,531,road,1.699891761,144000,47.848519573000004
534,531,rail,0.541738867,10000,50.164825361000005
535,532,road,2.569324425,144000,1.0
537,532,rail,0.371222642,10000,3.6697168059999994
538,532,road,2.163856742,144000,1.0
553,533,road,16.81238448,144000,12.925162410000002
535,534,road,0.470106371,144000,7.256189171
541,534,road,1.657966224,144000,4.880469465
537,535,road,2.28123826,144000,1.0
957,536,road,16.29633345,144000,33.522118209
1003,536,road,2.000001,144000,3.0053157950000005
1013,536,road,1.483559234,144000,4.038199327000001
539,537,road,0.457060171,144000,3.4980417480000003
539,538,road,1.420022535,144000,1.57211702
543,538,road,0.608266389,144000,12.419484519000001
540,539,road,1.153533701,144000,5.889334511
541,540,road,2.176497186,144000,3.843407540999999
1193,540,road,0.067911707,144000,95.924229924
547,541,road,3.478597419,144000,6.678822459000001
567,542,road,18.24207411,144000,34.261332159999995
618,542,rail,9.089937142,10000,52.56560609600001
544,543,road,1.675205062,144000,10.285607173
688,543,rail,11.87967483,10000,80.58402599499999
547,544,road,3.123895005,144000,7.388227287000001
1192,544,road,0.446425806,144000,95.924229924
1225,544,road,1.12436471,144000,95.924229924
546,545,road,2.889011596,144000,83.988813674
558,545,road,20.06054595,144000,49.645744965999995
576,546,road,15.61243018,144000,58.541976506
560,547,road,20.39512275,144000,10.458057595
1223,547,road,4.995894715,144000,95.924229924
549,548,road,2.328030928,144000,151.785872302
575,548,road,56.69022057,144000,43.061493018
649,549,road,37.28346148,144000,46.11094559599999
582,550,road,14.35972618,144000,14.746519717999998
553,551,road,0.72480894,144000,1.457045311
554,551,road,1.127696768,144000,1.0
555,552,road,2.120045283,144000,36.258515534999994
558,552,road,50.23288206,144000,17.55639181899999
554,553,road,1.054157483,144000,1.0
560,553,road,6.662601594,144000,4.611409948
555,554,road,0.28917123,144000,17.358270676
561,555,road,6.647603177,144000,4.641406782000002
557,556,road,1.823877189,144000,1.0
559,556,road,1.111802141,144000,1.9256416920000001
574,556,road,7.365010523,144000,6.071534446
559,557,road,1.213566644,144000,1.7221126860000002
568,557,rail,2.900138359,10000,10.2950354
581,558,road,15.13809631,144000,59.49064424600001
569,559,road,11.41364937,144000,1.0
573,559,road,8.034192928,144000,4.733169636000001
561,560,road,3.283079652,144000,3.7062554039999998
571,560,road,4.505705272,144000,1.261004164
562,561,road,1.021379459,144000,8.22965579
563,562,road,0.103247276,144000,1.0
564,562,rail,0.0205,10000,1.0
564,563,road,0.092347171,144000,1.0
570,563,road,2.963825231,144000,1.6725050090000004
571,564,road,1.441750325,144000,4.716654821
578,565,road,5.300809372,144000,2.690779206
580,565,road,3.389320876,144000,6.5137561979999985
575,566,road,2.980901877,144000,88.41068637200001
645,566,road,26.26092611,144000,41.85063790599999
606,567,road,13.28313517,144000,44.17921004000001
569,568,road,0.567957745,144000,3.629639976
577,568,road,2.21269067,144000,1.0
577,569,road,1.984907051,144000,1.0
571,570,road,3.102232744,144000,1.3956899830000005
597,570,road,30.30479896,144000,27.267087981000003
589,571,road,5.590328792,144000,76.69602831700001
573,572,road,0.982130338,144000,8.234915602
574,572,road,3.308419562,144000,14.184716368
584,572,road,4.905800648,144000,1.0
583,573,road,3.816985198,144000,2.5652058820000003
578,574,road,7.269766709,144000,35.523356785000004
592,574,road,6.565101675,144000,9.461562762999996
617,575,road,24.16311404,144000,46.046262045999995
581,576,road,36.06675283,144000,17.63333120600001
614,576,road,15.3023972,144000,134.86948323
580,578,road,4.602267702,144000,4.087862545999999
590,580,rail,0.923640217,10000,48.215609769000004
597,581,road,9.490278183,144000,99.041599573
619,582,road,37.27367586,144000,25.293872027000006
586,583,road,0.492260094,144000,9.214656089999998
1194,583,road,0.096083297,144000,95.924229924
585,584,road,0.006324555,144000,1.0
586,584,road,0.002,144000,1.0
586,585,road,0.004472136,144000,1.0
587,585,road,0.074242845,144000,21.315471703
588,587,road,1.209786758,144000,10.069163414000002
591,588,road,4.287360493,144000,3.914015944
595,588,road,4.326275534,144000,13.939215044999997
641,589,road,18.10716919,144000,17.085296502
655,589,road,25.33980016,144000,2.6200345620000007
620,590,road,13.09644486,144000,23.870000483
811,591,rail,16.65065333,10000,50.963899446
593,592,road,1.657377446,144000,19.277011221000002
1190,592,road,1.416165245,144000,95.924229924
595,593,rail,0.53843709,10000,3.652085968
601,593,road,3.384312633,144000,1.0
598,594,rail,0.542791166,10000,111.24058014900001
614,594,road,56.28781357,144000,1.0
601,595,rail,0.806210425,10000,3.116539298
600,596,road,1.608420343,144000,5.818192623000001
602,596,road,4.472995417,144000,1.0
661,597,road,23.25371179,144000,41.369262320999994
602,598,road,19.80945683,144000,20.140548472000003
646,598,road,15.37137925,144000,29.016703632
606,599,road,29.31609101,144000,56.113089404
610,599,road,32.49306166,144000,42.526692569
712,599,road,30.35081949,144000,46.811176909000004
603,600,rail,0.580324478,10000,3.218881297
604,600,road,1.374557383,144000,1.630415487
608,600,road,2.381617937,144000,1.0
607,601,road,2.001044727,144000,46.060800749
603,602,road,2.373293071,144000,2.529707758
611,602,road,2.392530042,144000,2.491233816
605,603,road,2.143273198,144000,1.0
609,603,road,1.118107329,144000,2.75052728
605,604,road,0.281375194,144000,3.816779865
608,604,road,1.463488982,144000,2.292686338
613,604,road,1.773706853,144000,2.7392354250000004
609,605,road,1.725361411,144000,1.536019116
612,606,road,1.250849311,144000,68.243781758
615,607,road,2.756697299,144000,44.549495605000004
1205,607,road,2.334345304,144000,95.924229924
610,608,road,0.936516951,144000,4.413615229
611,609,road,1.392363458,144000,4.491566983999999
613,610,road,2.112936345,144000,2.0607764410000002
646,611,road,22.18609601,144000,15.387270111999996
624,612,road,23.00220024,144000,24.74107990000001
681,612,road,17.20903542,144000,37.584634799999996
719,613,road,28.07444767,144000,36.576411814
616,614,road,0.592141875,144000,111.14187873099999
621,615,road,8.760309127,144000,11.605780667000001
644,615,road,9.472625824,144000,10.181147272999999
699,616,road,18.00983309,144000,20.112250126
651,617,road,31.59107779,144000,5.758623407999998
659,617,road,15.87086135,144000,37.19905628800001
619,618,road,1.979456491,144000,5.859715867
623,618,road,3.338690162,144000,3.141248525000001
624,618,road,5.877284407,144000,1.0
623,619,road,4.500482196,144000,1.0
632,619,road,1.866069666,144000,8.278445647
621,620,road,1.085592926,144000,1.425201665
628,620,road,1.138771268,144000,1.318844981
628,621,road,1.372023323,144000,1.0
657,622,road,48.09590906,144000,24.767383390000006
776,622,road,36.41206229,144000,48.13507692999999
627,623,road,0.448111593,144000,11.114361793
630,624,road,1.577411804,144000,2.203656944
634,624,road,1.332669501,144000,2.69314155
626,625,road,0.032249031,144000,1.0
627,625,road,0.056920998,144000,1.0
630,625,road,0.876002283,144000,1.0
627,626,road,0.02607681,144000,1.0
633,626,road,0.466004292,144000,1.355947165
629,627,road,3.073754707,144000,1.2538823199999998
644,628,road,9.521440647,144000,10.083517626999997
752,628,road,61.31480793,144000,98.45486198200001
632,629,road,2.122166817,144000,1.1015683550000004
635,629,rail,0.499207622,10000,4.347486745
631,630,rail,0.00509902,10000,2.2777577090000003
633,631,road,0.908601123,144000,1.0
634,631,road,2.443300227,144000,1.0
636,632,rail,0.549280438,10000,4.247341113
642,632,road,8.481871963,144000,1.0
635,633,road,3.336348303,144000,1.0
637,634,road,2.915777769,144000,1.5211736709999997
638,634,road,1.707119211,144000,3.938490786999999
636,635,road,2.175247112,144000,1.0
640,635,road,0.979846927,144000,3.176208101
640,636,road,1.980807916,144000,1.1742861230000001
642,636,road,8.077437713,144000,1.0
638,637,road,2.729832229,144000,1.8930647510000003
681,637,road,27.54302271,144000,16.91666022
734,637,road,21.90421375,144000,53.654649033
640,638,road,6.032490696,144000,3.3427250950000005
643,639,road,1.567322558,144000,65.91350108500001
716,639,road,17.58092239,144000,33.886301421
647,641,road,3.609740711,144000,95.924229924
648,641,road,2.09483269,144000,14.255177985
654,641,road,7.026136919,144000,4.392569527000002
656,642,rail,11.86649853,10000,76.108226687
702,643,road,22.24348174,144000,24.561182721
1196,643,road,1.123836287,144000,95.924229924
802,644,rail,8.945895274,10000,66.37341555800002
674,645,road,18.07072605,144000,58.23103802600001
702,645,road,121.4980834,144000,173.22967707700002
666,646,road,3.20942674,144000,86.306453674
660,648,road,2.832658116,144000,12.779527132999998
661,648,rail,5.423611735,10000,19.523930144999994
650,649,road,0.292027396,144000,8.90463474
670,649,road,3.986381316,144000,1.5159268999999993
651,650,road,4.094001954,144000,3.5632845069999997
673,650,road,2.622502622,144000,4.243684288
652,651,road,0.0,144000,11.751288415000001
669,652,road,2.514064438,144000,5.012104508
685,652,road,3.582203233,144000,2.875826918
657,653,road,8.358848007,144000,215.470637905
732,653,rail,24.06319102,10000,184.06195187900002
655,654,road,2.826528613,144000,13.10593626
664,654,road,2.242431716,144000,13.959979932999998
658,655,road,2.981749822,144000,1.9011181810000006
675,655,road,2.721605409,144000,2.4214070069999996
670,656,road,23.15321161,144000,74.371445336
776,657,road,36.45123016,144000,48.05674118999999
675,658,road,2.161262594,144000,3.5420926369999997
711,658,road,21.1954329,144000,10.400976274000001
667,659,road,1.920376005,144000,1.071456135
672,659,road,2.126871881,144000,1.0
662,660,road,0.982783801,144000,1.0
668,660,road,0.557842272,144000,1.346733263
715,661,rail,3.970112121,10000,22.430929372999998
663,662,road,3.05258972,144000,12.339663925
668,662,road,0.921791734,144000,1.0
664,663,road,0.213410403,144000,1.0
665,663,rail,0.047185803,10000,1.0
665,664,road,0.215257985,144000,1.0
697,665,road,6.296907495,144000,6.1651784959999985
671,666,rail,0.704100135,10000,1.7605319169999998
676,666,rail,0.491564085,10000,2.185604017
695,666,road,4.641608342,144000,1.2417594700000008
672,667,rail,0.864960259,10000,3.182287627
679,667,road,14.55440689,144000,39.831965208
709,668,road,9.133012646,144000,7.000438501
683,669,road,1.297747279,144000,2.442465962
673,670,road,2.587778198,144000,4.313133135999999
682,671,road,3.660489585,144000,5.906639351999999
687,671,road,1.493801861,144000,1.0
674,672,rail,4.899088818,10000,84.57431249000001
678,673,rail,0.451629273,10000,5.493301492
693,673,road,2.944097824,144000,1.0
1091,674,road,0.155794737,144000,95.924229924
696,675,road,3.361014728,144000,12.03696403
687,676,road,0.479266106,144000,2.2101999749999997
690,676,road,1.121976827,144000,8.2810225
680,677,road,0.623503007,144000,1.0
686,677,road,0.212037732,144000,1.0
684,678,road,0.202,144000,1.0
685,679,road,1.42185372,144000,25.041059975
737,679,road,12.80321522,144000,2.2783369749999984
683,680,road,1.135149329,144000,2.7676618619999998
686,680,road,0.640852557,144000,1.0
689,681,road,1.570866003,144000,94.321344527
699,682,rail,13.94818707,10000,41.160548373
700,682,road,3.644105926,144000,5.93940667
685,683,road,2.646218434,144000,4.747796515999999
692,683,road,2.146895433,144000,2.4187564650000004
686,684,road,0.408240125,144000,1.0
691,684,road,1.237109534,144000,3.9223409699999996
707,685,road,4.913309272,144000,3.106785747999999
700,687,road,4.42922115,144000,2.465314157
711,688,road,7.656461062,144000,89.03045353099999
712,689,road,35.04761019,144000,39.452904515
775,689,road,19.87020694,144000,57.722662653
694,690,road,3.127714821,144000,4.269546512
704,690,road,3.442590885,144000,4.438574687000001
692,691,road,1.271416533,144000,4.169714265
693,691,road,1.561723407,144000,3.2731132240000003
706,692,road,2.964688854,144000,4.510228763000001
706,693,road,4.641777677,144000,1.1560511169999996
915,693,rail,12.45231806,10000,82.62153896599999
695,694,road,1.142112079,144000,8.240751996
704,694,road,5.042545389,144000,1.5277603170000003
725,695,road,28.0484704,144000,26.920658010999993
698,696,road,0.418960619,144000,4.510231259
701,696,road,2.390983061,144000,1.0
698,697,road,0.676286921,144000,17.406419644
701,698,road,2.538208817,144000,1.0
705,698,road,1.70615943,144000,6.766994423
765,699,road,14.65992537,144000,20.276496261000002
704,700,road,1.850701489,144000,7.622353478999999
747,700,rail,7.259060339,10000,23.224435302
708,701,road,1.953214786,144000,6.272883710999999
728,702,road,24.39257149,144000,20.263003220999998
741,703,road,1.869951871,144000,1.0
750,703,road,1.492648653,144000,1.6959510099999997
909,703,road,37.98525324,144000,43.744245109
714,704,road,7.706767156,144000,22.329021667999996
709,705,rail,3.432530044,10000,18.401403704999996
710,705,rail,0.770210361,10000,8.638892561
707,706,rail,0.262292299,10000,12.408819694000002
721,707,road,7.39150323,144000,13.101760955000001
710,708,road,3.211519889,144000,3.7562735050000002
717,708,road,18.05557964,144000,16.680682793999996
715,709,road,8.453916725,144000,13.463320164999999
784,710,rail,4.107448874,10000,31.653259249
717,711,road,3.674354365,144000,45.443133344
723,712,road,11.35448053,144000,84.803854829
722,713,road,35.89715515,144000,21.671197944
779,713,road,12.45999502,144000,24.676356961000003
742,714,road,5.102113288,144000,1.0
744,714,rail,1.767264129,10000,4.345920373
722,715,road,8.214117847,144000,38.00737470600001
788,715,road,17.86618762,144000,4.135781756999997
727,716,road,3.077375505,144000,3.503988231
731,716,road,3.351212915,144000,2.9563134109999996
718,717,road,0.835648251,144000,66.23445232
720,718,road,0.600866042,144000,1.0
724,718,road,0.737791298,144000,1.0
723,719,road,3.127070194,144000,1.0
725,719,road,1.392451076,144000,3.8287134459999996
726,719,road,1.232404154,144000,4.14880729
724,720,road,0.190157829,144000,1.1484995110000003
745,720,road,10.28524166,144000,1.0
737,721,road,1.354885973,144000,5.464759311
746,721,road,3.813490265,144000,1.0
764,722,road,5.643661223,144000,43.148287954000004
726,723,road,2.512774562,144000,1.8466997859999998
735,723,road,1.858827587,144000,5.4511011929999995
743,724,road,5.714196356,144000,10.073693650000001
733,725,road,1.351422954,144000,3.9107696899999986
736,726,road,0.442651104,144000,5.72831339
728,727,road,0.186472518,144000,1.0
729,727,rail,0.034946388,10000,1.0
729,728,road,0.192665513,144000,1.0
730,729,road,1.340854951,144000,6.977029339
731,730,road,1.854349482,144000,1.0
739,730,road,1.625290128,144000,1.3853364080000001
732,731,road,1.786591168,144000,1.0
738,731,road,0.763497217,144000,3.0362437220000005
738,732,road,2.013149771,144000,1.0
736,733,road,2.19468631,144000,2.2242429780000004
742,733,road,36.94794549,144000,9.121707831000002
775,734,road,26.57476713,144000,7.8569829989999995
780,734,road,8.339509818,144000,44.327497623
741,735,road,1.172170636,144000,6.824415095
741,736,road,3.182332478,144000,2.804091411
746,737,road,3.006155019,144000,2.1622212190000005
739,738,road,0.392779837,144000,1.0
740,738,road,0.208038458,144000,1.0
740,739,road,0.388108232,144000,1.0
844,739,road,61.11001646,144000,1.0
857,740,rail,6.461845267,10000,108.97648038499999
750,741,road,1.318647792,144000,2.043952732
744,742,rail,1.011071214,10000,5.858306203
901,742,road,35.08963836,144000,59.526229572
749,743,road,3.963746208,144000,4.703952663999999
769,743,road,3.962062594,144000,4.707319892
763,744,road,17.48964242,144000,2.7632711400000005
748,745,road,0.572380992,144000,17.153398857
771,745,road,8.290265376,144000,1.7176300889999965
813,746,road,24.49240013,144000,58.541374826
751,747,road,3.826441166,144000,1.0
754,747,rail,0.320850822,10000,3.351767314
763,747,road,2.324348511,144000,1.0
749,748,road,0.776363317,144000,1.3553330410000002
755,748,road,1.206610128,144000,1.0
753,749,road,0.80374374,144000,1.3005721949999998
759,749,road,1.236816882,144000,1.0
757,751,road,2.701295985,144000,1.2910261320000003
765,751,road,25.95587741,144000,17.145167693000005
766,751,road,1.797547218,144000,3.098523666
840,752,rail,7.222481031,10000,323.0521877610001
755,753,road,0.12134249,144000,1.0
756,753,road,0.121061968,144000,1.0
757,754,road,0.567619591,144000,2.483600692
761,754,road,1.075174404,144000,1.4684910660000001
756,755,road,0.002,144000,1.0
760,755,road,0.222638721,144000,1.0
758,756,road,0.115377641,144000,1.0
762,757,road,0.348539811,144000,2.9217602520000003
759,758,road,0.731551775,144000,1.5454484559999997
760,758,road,0.222396043,144000,1.0
769,759,road,3.468819396,144000,5.693806287999999
768,760,rail,0.267698524,10000,17.762763793
762,761,road,1.627506068,144000,1.0
763,761,rail,0.273095221,10000,3.447278516
766,762,road,1.846235088,144000,3.001147926
772,762,road,2.774510407,144000,1.6097562019999998
772,763,road,3.891871015,144000,1.0
767,764,road,5.632651241,144000,77.530389085
788,764,road,22.71164371,144000,9.01232298
782,765,rail,6.616204142,10000,36.363938716999996
842,765,road,20.57111081,144000,26.315633478000002
772,766,road,2.538031521,144000,2.0827139740000002
787,767,road,21.95103387,144000,49.563440504
838,767,road,23.96512082,144000,40.865449927000014
777,768,road,4.889216297,144000,8.519728247
1204,768,road,0.16011246,144000,95.924229924
770,769,road,1.838334028,144000,2.1030246339999996
773,769,road,1.291857577,144000,3.195977536
773,770,road,2.649501085,144000,1.0
785,770,road,29.29085243,144000,7.822951108999995
774,771,road,1.013897431,144000,1.0
777,771,road,2.849350803,144000,5.529999740000001
778,771,road,1.075444094,144000,1.0
845,772,road,28.4885193,144000,30.172578905
777,773,road,7.782664068,144000,3.0888755439999995
801,773,road,10.87026807,144000,27.019516536999994
778,774,road,0.370642685,144000,1.71869884
783,774,road,2.587963678,144000,1.1916172310000004
1188,774,road,3.066052837,144000,95.924229924
806,776,road,11.37445084,144000,209.43943223899998
789,777,road,3.854325362,144000,3.5200506220000003
781,778,road,0.974708161,144000,4.418128265000001
782,779,road,1.182444925,144000,24.288240405000003
787,779,road,11.88101174,144000,2.891106775000001
797,780,road,9.511512603,144000,9.250214757000002
805,780,road,8.950237986,144000,10.372763991000001
783,781,road,2.434230063,144000,1.4990844609999998
789,781,road,2.474872926,144000,6.278955494
792,782,road,5.47355095,144000,15.706028354999997
799,783,road,8.524157671,144000,9.154601773000001
785,784,road,0.152315462,144000,1.0
786,784,road,0.121210561,144000,1.0
786,785,road,0.206968597,144000,1.0
788,786,road,5.116652812,144000,3.384210769000001
790,786,road,2.137756768,144000,9.342002857
795,787,rail,1.32493698,10000,24.003256295
791,788,road,4.629706686,144000,4.358103021000001
804,789,road,6.892718477,144000,12.417480161
791,790,road,1.733400127,144000,10.150716139
793,790,rail,1.644896349,10000,48.089928817
849,791,road,14.7424755,144000,21.894770515000005
796,792,road,1.9408967,144000,5.111517959
803,792,road,3.319481887,144000,2.3543475850000006
833,792,road,9.768005119,144000,1.568706650000001
801,793,road,19.60441267,144000,13.072433532999998
847,793,road,16.10056608,144000,19.178589355
795,794,road,4.898901918,144000,2.3499597569999997
796,794,road,0.308765283,144000,1.0
798,794,road,0.489448669,144000,1.0
810,795,rail,2.029458302,10000,8.088846988999999
798,796,road,0.445223539,144000,1.0
803,798,road,3.287709233,144000,2.4178928929999994
804,799,road,5.876937978,144000,10.289178417999999
808,799,road,3.457237047,144000,15.128580280000001
880,800,road,16.6157902,144000,26.234931210999996
897,800,road,23.45060801,144000,12.565295590999998
809,801,road,18.30865861,144000,12.142735457000004
854,801,road,10.16361609,144000,31.954026692999996
811,802,road,35.0184432,144000,14.228319706
1025,802,rail,13.78567274,10000,86.51912625
810,803,road,1.442245471,144000,9.263272651000001
809,804,road,1.05141809,144000,19.940218194
807,805,rail,0.218582364,10000,74.428456811
814,806,road,2.578275393,144000,1.2300726319999997
817,806,road,1.646010936,144000,2.7700713730000004
823,806,road,2.741552845,144000,1.0
819,807,road,2.440185239,144000,3.099195086
820,807,road,3.552162721,144000,1.0
812,808,rail,1.029866496,10000,3.6784778890000003
821,808,road,1.701098469,144000,2.336013943
821,809,road,9.95636279,144000,2.1303287940000004
837,809,road,6.36181735,144000,9.770613445000002
833,810,road,6.574984411,144000,7.954748066
865,810,rail,2.708193494,10000,16.705633067
1027,811,road,47.97140202,144000,18.14766768999999
821,812,road,3.007245916,144000,1.0
824,812,road,2.995966622,144000,25.372007839000002
827,813,road,19.63439615,144000,11.826653776
868,813,road,10.8392723,144000,29.416901476
815,814,road,0.171405951,144000,1.0
816,814,road,0.457965064,144000,1.0
816,815,road,0.588054419,144000,1.0
839,815,road,8.724774152,144000,14.336009314
817,816,road,1.704372025,144000,2.9778793679999995
822,817,road,0.936258511,144000,4.1895762229999995
819,818,road,0.661440851,144000,6.6566838619999995
820,818,road,1.325776753,144000,5.3280120580000006
892,820,road,19.24737457,144000,36.37087239899999
837,821,road,6.176068005,144000,10.142112134999998
823,822,road,0.738270953,144000,1.1843926519999999
834,822,rail,0.355626911,10000,1.9496807360000004
834,823,road,1.567036694,144000,1.0
840,823,road,115.841801,144000,70.79349040400004
825,824,road,0.059933296,144000,1.0
826,824,road,0.134461891,144000,1.0
826,825,road,0.142688472,144000,1.0
836,825,road,0.831562385,144000,2.701957795
829,826,road,1.558471046,144000,1.248140473
844,827,road,108.0608754,144000,200.10409307700002
866,827,road,15.64639767,144000,19.802650736000004
829,828,road,0.562355759,144000,1.0
830,828,road,0.566268488,144000,1.0
835,828,road,0.437126984,144000,1.0
830,829,road,0.006324555,144000,1.122299692
831,830,road,0.166108398,144000,1.0
832,830,road,0.018973666,144000,1.0
832,831,road,0.161789987,144000,1.0
836,831,road,1.659927709,144000,1.045227147
835,832,road,0.283584203,144000,1.0
863,833,road,7.160514227,144000,7.800991601
864,834,road,7.24730957,144000,17.290938478
841,835,road,4.322073576,144000,6.002846053
850,836,road,4.608882728,144000,5.429227749
853,837,road,19.82574589,144000,21.150401208999995
858,837,road,7.237267164,144000,16.889406755000003
849,838,road,17.11409361,144000,54.567504346999996
865,838,road,49.04873797,144000,2.9300054959999997
857,839,road,131.7831249,144000,1.0
864,839,road,12.22916203,144000,7.327233558000001
1036,840,road,62.15253665,144000,178.17201910400001
843,841,road,1.447962707,144000,11.751067791000002
875,841,road,16.36217651,144000,11.438565319999995
846,842,road,1.299792291,144000,1.133418848
852,842,road,0.722838848,144000,2.287325734
850,843,road,2.162772295,144000,10.321448615
885,843,road,7.771768653,144000,18.975260792
857,844,road,53.94020096,144000,14.019768998999993
846,845,road,6.498738955,144000,4.366912951
862,845,road,3.320022289,144000,10.724346283
851,846,road,0.488004098,144000,2.7569952339999997
848,847,road,16.52823427,144000,18.323252975000003
854,847,road,6.412664033,144000,7.970906333
879,847,road,8.618391729,144000,3.5594509409999997
849,848,road,0.630149189,144000,8.828920048999999
871,848,road,4.940205664,144000,1.0
871,849,road,4.518863574,144000,1.0514912789999995
858,850,road,6.723295918,144000,17.917349247000004
852,851,road,1.222368193,144000,1.2882670439999997
869,851,road,3.598902055,144000,10.166586751
856,852,road,13.36923543,144000,7.4994891410000015
855,853,road,6.140055049,144000,10.499630902
881,853,road,7.16785184,144000,8.44403732
855,854,road,0.002,144000,20.792234399000005
879,855,road,5.763178637,144000,9.269877125
859,856,road,1.782414093,144000,7.137294739000001
872,856,road,11.06426609,144000,12.109427821
900,858,road,8.031398882,144000,18.456000334000002
860,859,road,0.037947332,144000,1.0
861,859,road,0.090906545,144000,1.0
861,860,road,0.057201399,144000,1.0
863,861,road,6.16666555,144000,10.996851072999998
869,862,road,3.458723464,144000,4.802435316
876,862,road,3.522985098,144000,4.673912048000002
865,863,road,5.678327923,144000,10.765364209000001
923,864,road,10.99821949,144000,280.480653424
1219,864,rail,0.044544921,10000,95.924229924
950,865,rail,4.173236753,10000,56.94083529299999
867,866,road,2.696501437,144000,4.872222974
878,866,road,4.567878282,144000,1.1294692839999998
870,867,road,1.114576153,144000,1.0
873,867,road,1.144447465,144000,1.0
870,868,road,1.164302366,144000,17.850974897999997
899,868,road,7.430895505,144000,5.317788619999999
874,869,road,0.953150565,144000,1.106713639
873,870,road,0.611208639,144000,1.647814979
976,871,road,24.08372504,144000,68.576428166
877,872,road,3.40834564,144000,1.505575345
878,873,road,1.856398664,144000,6.552428519999999
876,874,road,3.785023117,144000,4.060109639
887,874,road,2.638212273,144000,3.0531370179999997
882,875,road,14.46748907,144000,25.081151272
904,875,rail,1.407321747,10000,41.348274845999995
883,876,road,3.680396718,144000,1.690179069
888,876,road,1.754502779,144000,5.541966947
886,877,road,0.97130016,144000,6.386961244
898,878,road,2.792045845,144000,14.595487939999998
889,879,road,2.502231005,144000,1.987311725
895,879,road,2.628048706,144000,1.7356763230000003
892,880,road,25.4572143,144000,5.149710351000003
896,880,road,17.39790562,144000,12.440356256000001
941,880,rail,2.692817901,10000,41.850531694
889,881,road,1.206424469,144000,20.366892061999998
900,881,road,30.14389398,144000,12.118369795999996
925,882,road,15.88265079,144000,23.320384378
962,882,road,17.84512662,144000,18.325876171999997
884,883,road,3.336242797,144000,12.533004406
888,883,road,3.616073008,144000,1.818826489
894,884,road,9.518317709,144000,1.0
902,884,road,26.17434049,144000,77.35682531199998
900,885,road,9.82956235,144000,14.859673397999998
906,885,road,14.04814877,144000,16.066620800000003
890,886,road,0.685965014,144000,1.0
891,886,road,0.569016696,144000,1.0
888,887,road,3.452417704,144000,4.725320465000001
890,887,road,2.310058874,144000,3.7094438159999994
894,888,road,2.734856486,144000,12.426610242000002
895,889,road,1.861494024,144000,3.2687856870000003
891,890,road,0.533644076,144000,1.0
913,891,road,3.437777189,144000,11.020768836000002
893,892,road,3.326887434,144000,3.8486989800000004
903,892,rail,0.48218513,10000,9.538103588
916,893,road,2.830327896,144000,4.831961657
918,893,road,4.642757801,144000,1.2071018469999997
913,894,road,5.427568885,144000,7.041185444000001
956,895,road,13.86735851,144000,88.08964205599999
897,896,road,2.002207781,144000,55.462096049
905,896,road,4.863377016,144000,4.2296574950000005
924,896,road,5.484996263,144000,2.9864190010000007
899,898,road,6.324728611,144000,7.530122408000001
1029,898,road,43.67779413,144000,114.59601973400001
915,899,road,36.20222562,144000,35.12172384599999
986,900,road,23.11923753,144000,40.775744228
908,901,road,1.183148342,144000,2.9962190150000003
914,901,road,1.928283174,144000,1.5059493510000002
908,902,road,2.517628249,144000,4.335865634000001
922,902,road,3.448768476,144000,2.47358518
916,903,road,3.863073388,144000,2.776327072
941,903,road,27.43192162,144000,1.2002957110000025
906,904,road,3.125539953,144000,8.377082899999998
929,904,road,5.010854219,144000,4.6064543680000005
907,905,road,4.387358659,144000,8.738576625
924,905,road,3.608038248,144000,6.740335031000001
929,906,road,6.491768634,144000,1.6446255379999997
911,907,road,1.501300769,144000,1.0
914,908,road,2.251084183,144000,1.0
920,908,road,2.193073642,144000,2.966278868
910,909,road,5.624691992,144000,6.487488185000001
912,909,road,1.588528879,144000,1.0
917,909,road,0.600523105,144000,2.6505159240000005
911,910,rail,0.432502601,10000,5.8433764749999995
926,910,road,2.98172165,144000,1.0
917,912,road,1.66251015,144000,1.0
927,912,road,44.56910114,144000,14.575849679999997
955,912,road,20.28837164,144000,63.13730868
950,913,road,27.94505216,144000,9.397204478999999
921,914,rail,0.45979615,10000,6.432833852000001
927,914,road,26.33308489,144000,2.7584358610000024
919,915,road,4.208130226,144000,193.535347542
918,916,road,3.019531752,144000,4.453553945
930,917,road,7.386631438,144000,2.9636092929999993
919,918,road,57.99814552,144000,87.611328961
1035,919,road,40.95007033,144000,120.05146733400001
921,920,road,2.448472177,144000,2.455481798
922,920,road,1.211651765,144000,6.947818602000001
966,921,road,10.83163164,144000,6.183948663000001
948,922,road,7.087247421,144000,13.672717100999996
985,923,road,31.6591485,144000,15.522254349999997
998,923,road,24.69138862,144000,29.45777411
928,924,road,2.997932621,144000,4.290086297
932,924,road,2.147528812,144000,5.990893915
934,925,road,2.522218864,144000,7.025462800000001
942,925,road,6.033023786,144000,1.0
930,926,road,1.143303984,144000,12.960179662999998
969,927,road,11.23424372,144000,32.956118200999995
936,928,road,5.30086974,144000,2.7510933480000004
937,928,road,2.227913822,144000,5.830123895
931,929,road,2.116754119,144000,1.0
935,929,road,0.978954544,144000,3.229897087
936,930,road,1.412199703,144000,12.422388225
935,931,road,2.092097512,144000,1.0036111509999999
953,931,road,12.21743836,144000,1.0
933,932,road,0.004,144000,10.277951539000002
941,932,road,19.5129189,144000,8.210329696000002
937,933,road,2.908576284,144000,1.1126148969999998
944,933,road,3.156707145,144000,1.0
942,934,road,3.514657878,144000,3.429473545
949,934,road,5.228997609,144000,1.0
952,935,road,5.869149853,144000,12.441040065
939,936,road,0.577026862,144000,12.198779104
938,937,rail,0.066897309,10000,1.0
940,937,road,0.172244013,144000,1.0
939,938,road,5.180125095,144000,2.566379648
940,938,road,0.30030651,144000,1.0
943,939,road,2.609371572,144000,7.707886693999999
944,940,rail,0.692240023,10000,5.545287419
945,940,road,2.324664277,144000,2.4544600579999996
967,941,road,6.983106758,144000,35.20779274
949,942,road,1.715133814,144000,7.028521673
946,943,road,2.113171077,144000,6.103846815000001
957,943,road,4.590157296,144000,1.1498743770000006
951,944,rail,0.457670733,10000,6.188447146000001
946,945,road,0.460156495,144000,1.0
947,945,road,0.147363496,144000,1.0
947,946,road,0.433335897,144000,1.0
951,947,road,3.481850083,144000,1.0
957,947,road,3.193524699,144000,3.9431395709999997
965,948,road,4.903109218,144000,10.737066574
970,948,road,8.18521643,144000,4.172852149999999
964,949,road,4.300586007,144000,10.623767386
968,949,road,7.803903895,144000,3.6171316099999986
959,950,rail,1.301065813,10000,148.23512609399998
967,951,road,19.05960272,144000,11.054800816
954,952,road,0.582549569,144000,2.745728476
961,952,road,1.546497979,144000,1.0
961,953,rail,2.454156067,10000,19.271027637
962,953,road,4.436579313,144000,45.14297078599999
958,954,road,0.892121068,144000,1.0
960,954,road,0.519114631,144000,1.1311093320000003
969,955,road,27.62233546,144000,20.607428252000002
994,955,road,36.29566905,144000,3.260761071999994
995,956,road,39.90393715,144000,22.761447871999998
1006,956,road,17.96887988,144000,66.631562412
960,958,road,0.758102895,144000,1.0
988,958,road,24.01811733,144000,38.977984628
1016,958,road,29.66988001,144000,4.910115897000004
976,959,road,50.59753496,144000,12.467296122
1012,959,road,42.34048583,144000,28.981394381999998
961,960,road,1.262665435,144000,1.385496744
963,962,road,0.0,144000,55.085685958
968,963,road,5.805847053,144000,2.291967468
974,963,road,6.109685753,144000,1.6842900680000001
971,964,rail,0.901723905,10000,6.320862748000001
972,964,road,3.198856046,144000,1.726598466
966,965,rail,1.365099722,10000,16.240270996000003
973,965,road,6.765075314,144000,3.340515229
978,965,road,3.319183635,144000,10.232298587
969,966,rail,6.565849241,10000,25.781841972
984,966,road,6.09760084,144000,6.775268760000001
1222,967,road,2.838846245,144000,95.924229924
971,968,road,6.218725593,144000,6.787488214
974,968,road,1.988128768,144000,9.927404038
990,969,road,10.23864249,144000,18.436255474
973,970,road,0.689884048,144000,1.0
975,970,road,1.081363954,144000,1.0
972,971,road,4.023730607,144000,1.0
983,971,road,4.321193354,144000,3.0260582770000006
983,972,road,3.323521024,144000,5.0214029369999995
975,973,rail,0.226270855,10000,1.544977147
977,973,road,6.577600778,144000,3.715464301
987,974,road,9.945852,144000,6.154973906
980,975,road,2.412276104,144000,5.290890406
982,975,road,3.791247288,144000,2.532948038
1014,976,road,14.3809531,144000,84.900459842
978,977,road,0.20880613,144000,1.0
979,977,road,0.220689828,144000,1.0
979,978,road,0.110923397,144000,1.0
981,979,road,1.865258159,144000,14.243177116000002
981,980,road,6.67159771,144000,4.630498013999999
982,980,road,3.911919222,144000,2.2916041700000003
999,980,road,14.38011641,144000,8.318069623
984,981,road,6.212404687,144000,6.545661066
1008,982,road,18.40085607,144000,1.7073656759999984
987,983,road,3.572778191,144000,11.886256715
997,983,road,8.36763025,144000,2.296552597
989,984,road,15.14586412,144000,8.621812214
1000,984,road,8.660121246,144000,19.758059951
998,985,road,22.49001423,144000,33.86052289
1036,985,road,73.48417933,144000,155.50873374399998
988,986,road,1.18460964,144000,2.997559914
991,986,road,1.847744571,144000,1.6712900519999996
997,987,road,7.091404656,144000,4.849003784999999
1001,987,road,7.178118974,144000,49.89363796900001
991,988,road,2.334424983,144000,1.0
990,989,rail,0.865583763,10000,3.1499470929999998
992,989,road,3.564093153,144000,1.0
992,990,road,0.451437703,144000,3.978239213
993,991,road,2.069996135,144000,111.684366806
994,992,road,1.244014469,144000,43.710251709
995,993,road,1.804272707,144000,1.6894982179999998
996,993,road,2.443496675,144000,1.0
1005,994,road,19.19926884,144000,7.799742967
996,995,road,1.05027425,144000,3.1974951319999994
1019,996,road,41.03346288,144000,20.502396411999996
1034,997,road,18.80086434,144000,95.924229924
1072,998,road,62.03363994,144000,245.39745771100002
1000,999,road,1.15406239,144000,2.484860215
1008,999,road,1.816186114,144000,1.1606127669999997
1005,1000,road,0.631990506,144000,3.529003983
1002,1001,road,0.309690168,144000,1.0
1004,1001,road,0.425751101,144000,1.0
1004,1002,road,0.267589237,144000,1.0
1016,1002,road,2.174913332,144000,1.0
1009,1003,road,1.2500256,144000,4.505266595
1016,1004,road,2.009084369,144000,1.0
1008,1005,road,1.190745985,144000,2.411493025
1015,1006,road,0.909509758,144000,2.953589798
1017,1006,road,1.985950654,144000,1.0
1014,1007,road,4.244288397,144000,2.0254311420000004
1022,1007,rail,5.896358622,10000,104.95116100200002
1024,1007,road,3.510022792,144000,3.4939623519999996
1010,1009,road,0.03544009,144000,1.0
1011,1009,road,0.063780875,144000,1.0
1011,1010,road,0.053851648,144000,1.0
1020,1010,road,24.96416544,144000,10.073697740000004
1013,1011,road,2.207951086,144000,2.5894156230000003
1014,1012,road,6.343392152,144000,3.320688623999999
1026,1012,road,6.257994887,144000,3.491483154
1039,1013,road,37.62839524,144000,9.032647793999999
1021,1014,road,1.575737288,144000,7.36253336
1017,1015,road,1.877148902,144000,1.0183115100000002
1018,1015,road,0.914839877,144000,3.795330363
1022,1015,road,2.67792457,144000,1.0
1019,1017,road,0.626817358,144000,4.371375401
1019,1018,road,2.20620398,144000,1.0
1022,1018,road,2.049672169,144000,1.543092278
1023,1018,road,1.417595147,144000,2.296624748
1023,1019,road,1.508015915,144000,2.115783212
1028,1020,road,8.62890584,144000,67.031626594
1024,1021,road,1.183959459,144000,3.2104109830000005
1026,1021,road,1.830348601,144000,1.917632699
1040,1023,road,18.50034994,144000,95.924229924
1026,1024,road,2.564021841,144000,1.0
1027,1025,road,17.31495377,144000,79.46056419
1062,1025,road,45.94224901,144000,60.71867559500001
1083,1027,road,58.4198494,144000,35.763474815
1030,1028,road,0.191133461,144000,1.0
1032,1029,road,3.177020617,144000,1.0
1033,1029,road,2.566000779,144000,2.20554171
1031,1030,road,0.142618372,144000,1.0
1037,1030,road,21.33771169,144000,10.334912476999996
1039,1031,road,10.73458709,144000,31.541161676999998
1033,1032,road,1.594521872,144000,4.148499524
1035,1032,road,67.41163846,144000,67.12833107400002
1042,1033,road,127.9943531,144000,185.09841178599993
1075,1033,road,64.7094072,144000,110.74300154599997
1037,1035,road,57.91857875,144000,24.963107218999987
1047,1035,road,21.07349321,144000,98.65327829900001
1070,1036,road,61.56704606,144000,214.36305770299998
1038,1037,road,1.348958116,144000,50.312419625
1039,1038,road,19.50875824,144000,13.992819376999996
1051,1038,road,52.62230177,144000,35.555661179000005
1041,1040,road,1.761105335,144000,95.924229924
1099,1041,road,2.145644891,144000,95.924229924
1045,1042,road,70.96359145,144000,1.0
1044,1043,road,0.321179078,144000,1.0
1046,1043,road,0.279291962,144000,1.0
1046,1044,road,0.272470182,144000,1.0
1082,1044,road,46.42653172,144000,59.974299649
1071,1045,road,44.87289231,144000,279.718952971
1050,1046,road,0.600563069,144000,151.62623695099998
1048,1047,road,2.522386172,144000,4.2817561060000005
1049,1047,road,3.740077005,144000,1.84637444
1049,1048,road,3.064065273,144000,3.1983979039999997
1054,1048,road,2.160492536,144000,5.639758896
1055,1048,road,3.904008709,144000,2.1527265499999997
1051,1049,road,4.096855868,144000,1.0
1052,1049,road,1.94627439,144000,5.01590666
1084,1050,road,32.8531176,144000,87.12112788900001
1053,1051,road,2.719489658,144000,2.0647655190000003
1058,1051,road,2.80400428,144000,1.895736275
1053,1052,road,0.145835524,144000,8.616784391999998
1054,1052,road,3.338610489,144000,3.210750755999999
1057,1053,road,1.658654877,144000,4.186435081
1056,1054,road,0.43922204,144000,6.060899588000001
1059,1054,road,2.611249509,144000,1.71684465
1056,1055,road,3.457020683,144000,3.0467026020000003
1061,1055,road,2.423037763,144000,6.068753924999999
1060,1056,road,1.888343189,144000,3.16265729
1058,1057,road,0.32159602,144000,4.24471354
1059,1057,road,2.133621335,144000,1.0
1059,1058,road,2.432688225,144000,1.0
1060,1059,road,2.00052893,144000,2.9382858079999994
1061,1060,road,3.146427816,144000,4.621973819
1075,1061,road,76.52332256,144000,87.11517082600005
1063,1062,rail,0.794897006,10000,6.770563448
1065,1062,road,5.077109414,144000,1.0
1064,1063,road,0.468772866,144000,1.0
1067,1063,road,0.907894267,144000,1.0
1065,1064,road,2.019578174,144000,3.7078641090000004
1067,1064,road,0.541793319,144000,1.0
1066,1065,road,0.365600875,144000,1.0
1068,1065,road,0.34525353,144000,1.0
1068,1066,road,0.167044904,144000,1.0
1070,1066,road,63.39617156,144000,44.910064564000024
1069,1067,rail,0.885803167,10000,5.975414123000001
1069,1068,road,3.954592267,144000,1.0
1073,1069,road,8.869309105,144000,134.86455540499998
1076,1070,road,32.42560106,144000,106.85120556400003
1072,1071,road,84.7498471,144000,199.965043391
1075,1071,road,232.061171,144000,67.04105700999997
1076,1072,road,158.7417994,144000,93.25868122000003
1077,1073,road,18.29996896,144000,26.318075249999993
1083,1073,road,19.46821789,144000,23.981577390000005
1086,1074,road,7.723860434,144000,4.078157503000001
1087,1074,road,9.1779562,144000,1.1699659709999999
1090,1074,road,37.71856779,144000,2.4267564920000027
1081,1076,road,37.88908888,144000,95.924229924
1078,1077,rail,1.637187909,10000,168.428031866
1083,1077,road,25.14982632,144000,12.61836053
1079,1078,road,2.29186038,144000,167.118686924
1181,1078,road,0.826021791,144000,95.924229924
1080,1079,road,1.567235783,144000,168.567936118
1187,1079,road,0.192924856,144000,95.924229924
1081,1080,road,1.513208512,144000,168.67599066
1203,1081,road,0.510971623,144000,95.924229924
1103,1082,road,35.31835783,144000,54.58414784300001
1110,1082,road,43.33122592,144000,38.558411662999994
1085,1084,road,0.720449859,144000,151.386463371
1088,1085,road,5.666926151,144000,111.32673943799999
1087,1086,road,2.624061737,144000,1.9868293230000003
1089,1086,rail,1.050877015,10000,5.133198767
1089,1087,road,3.560014045,144000,1.0
1092,1087,road,19.9751846,144000,2.3040383280000007
1104,1088,road,27.11070822,144000,12.657326781999998
1097,1089,rail,3.792262913,10000,34.669881702
1092,1090,road,12.65137795,144000,6.937003612999998
1100,1090,road,15.72410951,144000,1.0
1184,1091,rail,0.021662179,10000,95.924229924
1097,1092,road,14.92694597,144000,12.400515588
1100,1092,rail,3.864272053,10000,24.511215407
1186,1093,road,0.119012604,144000,95.924229924
1095,1094,road,0.618158556,144000,2.942306799
1206,1099,road,0.240532742,144000,95.924229924
1104,1103,road,3.858238458,144000,1.121786947
1122,1103,road,2.508890591,144000,2.0649148319999995
1125,1103,road,1.807701303,144000,3.4672934079999997
1115,1104,road,1.810831853,144000,1.0
1148,1104,rail,0.547534702,10000,3.206050867
1125,1110,road,44.76357845,144000,35.693706602999995
1122,1115,road,0.660302961,144000,1.3952377010000003
1148,1115,road,1.942753716,144000,1.0
1151,1115,road,0.876002283,144000,1.0
1125,1122,road,2.76610412,144000,1.550487774
1140,1122,road,0.686279826,144000,1.3432839709999997
1169,1125,road,2.893928817,144000,2.3013263230000005
1151,1140,road,0.493258553,144000,1.729326517
1169,1140,road,1.742871194,144000,4.514854322000001
1154,1148,road,0.806320036,144000,3.6247188170000006
1154,1151,road,1.612282854,144000,2.012793181
1177,1169,road,1.066742706,144000,5.867111297999999
1209,1208,road,1.107676848,144000,95.924229924
666,1209,road,1.342359117,144000,95.924229924
421,1210,rail,2.247431534,10000,95.924229924
1210,1211,rail,0.225606405,10000,95.924229924
596,1212,road,6.474617827,144000,95.924229924
1213,1212,road,0.290688837,144000,95.924229924
172,1214,road,4.098470446,144000,16.606248069
193,1214,road,15.93356771,144000,1.0
470,1216,road,22.44210195,144000,1.0
1218,1216,road,1.732443361,144000,42.198679995
864,1217,road,1.072800075,144000,95.924229924
310,1221,road,0.347908034,144000,95.924229924
1227,1226,road,2.969865317,144000,95.924229924
